step,time_s,root_x,root_y,root_z,root_qx,root_qy,root_qz,root_qw,root_vel_world_x,root_vel_world_y,root_vel_world_z,root_ang_vel_world_x,root_ang_vel_world_y,root_ang_vel_world_z,base_lin_vel_body_x,base_lin_vel_body_y,base_lin_vel_body_z,base_ang_vel_body_x,base_ang_vel_body_y,base_ang_vel_body_z,base_euler_roll,base_euler_pitch,base_euler_yaw,dof_pos_1,dof_pos_2,dof_vel_1,dof_vel_2,policy_action_1,policy_action_2,output_action_1,output_action_2,torque_1,torque_2,command_1,command_2,command_3,goal_dist,obstacle_clearance,contact_norm_base_link,contact_norm_link1,contact_norm_link2,done,success,collision,timeout,unstable,out_of_bounds,terminal_x,terminal_y,terminal_goal_distance,terminal_speed,terminal_clearance
0,0.0,1.53033e-09,3.3801933e-18,0.40000767,0.0,0.0,0.0,1.0,1.1854999e-07,2.164422e-15,-7.3928386e-05,1.7366383e-14,3.7968076e-07,-5.6828694e-19,1.1854999e-07,2.164422e-15,-7.3928386e-05,1.7366383e-14,3.7968076e-07,-5.6828694e-19,0.0,0.0,0.0,-1.2117611e-09,1.1473491e-16,-1.0018623e-07,2.5037755e-14,0.0,0.0,0.0,0.0,1.3880655e-06,-5.747986e-14,8.0,8.0,0.0,11.313708305358887,5.099019527435303,0.0,1273.973876953125,0.0,0,0,0,0,0,0,nan,nan,nan,nan,nan
1,0.03999999910593033,5.8890882e-06,-0.00027914738,0.40000743,0.00016571465,2.7304744e-05,-2.2522521e-07,1.0,0.000824267,-0.0027245188,-9.982481e-05,0.05322044,0.0064217104,-1.9808853e-05,0.0008242737,-0.0027245516,-9.887681e-05,0.053220443,0.006421728,-1.9030858e-05,0.00033142933,5.4609565e-05,-4.4140083e-07,-0.00021812432,-0.002869267,-0.038409438,-0.028067349,3.1842754,-0.19184674,0.02,-0.04,-2.019642,-10.830278,8.0,8.0,0.0,11.313901901245117,5.098744869232178,0.0,1273.625732421875,0.0,0,0,0,0,0,0,nan,nan,nan,nan,nan
2,0.07999999821186066,-1.9971145e-05,-0.00023590571,0.40000802,0.00064855197,-0.00014181026,-1.6716076e-07,0.99999976,-0.0019461155,-0.0016849858,-4.206196e-05,-0.025080854,-0.01501003,-1.258229e-05,-0.0019461263,-0.0016850391,-3.932436e-05,-0.025080847,-0.0150100365,1.4000736e-05,0.001297104,-0.00028362026,-5.1826413e-07,0.0002766948,-0.0028245095,0.093669035,-0.032024067,4.072716,0.18985085,0.04,0.0,1.6709837,15.482984,8.0,8.0,0.0,11.313889503479004,5.098784446716309,0.0,1273.2724609375,0.0,0,0,0,0,0,0,nan,nan,nan,nan,nan
3,0.11999999731779099,-4.5410998e-05,0.00012686242,0.40000787,0.00012560966,-0.00033969333,8.435739e-07,0.9999999,-0.00079287577,0.010185413,-8.898488e-05,-0.025041152,-0.013042967,4.7417267e-05,-0.00079291954,0.01018539,-9.100495e-05,-0.02504113,-0.013042907,6.770651e-05,0.00025121876,-0.0006793869,1.6018104e-06,0.0007077186,-6.3438674e-05,0.010468028,0.078479975,3.866495,0.8236768,0.06,0.04,1.9613296,2.173956,8.0,8.0,0.0,11.313651084899902,5.098886013031006,0.0,1273.770751953125,0.0,0,0,0,0,0,0,nan,nan,nan,nan,nan
4,0.1599999964237213,-0.000104524705,0.00076451554,0.40000772,-0.0006883077,-0.00085242436,3.2374435e-06,0.99999934,-0.0014916322,0.016457317,-0.00014750622,-0.051105894,-0.029636202,0.0001180366,-0.0014917552,0.01645751,-0.00012230752,-0.051105835,-0.029636059,0.00016436682,-0.0013766224,-0.001704844,7.648354e-06,0.0015320012,0.005471258,0.007452625,0.14550716,3.963966,0.5698465,0.08,0.08,3.0422513,10.537516,8.0,8.0,0.0,11.313241958618164,5.098249435424805,0.0,1274.4019775390625,0.0,0,0,0,0,0,0,nan,nan,nan,nan,nan
5,0.19999999552965164,-0.00019536146,0.001187815,0.40000933,-0.0013476298,-0.0017195811,5.4691664e-06,0.9999976,-0.0026279665,0.012011405,-5.652553e-06,0.0014240481,-0.04767317,0.00013705617,-0.0026277835,0.012011393,3.5759076e-05,0.0014237687,-0.047673374,3.6669567e-06,-0.002695291,-0.003439146,1.5573116e-05,0.0032957678,0.00967695,0.06985775,0.12872492,4.0413437,0.12211099,0.099999994,0.061055496,2.7918448,-7.8184443,8.0,8.0,0.0,11.313006401062012,5.097816467285156,0.0,1273.4962158203125,0.0,0,0,0,0,0,0,nan,nan,nan,nan,nan
6,0.23999999463558197,-0.00026939507,0.0015841031,0.40000778,-0.001683991,-0.0027462076,1.0226335e-05,0.99999475,-0.0011716362,0.0045158635,-0.00014924568,-0.0600923,-0.052570302,0.00026826817,-0.0011723039,0.0045163534,-0.00012759844,-0.060091477,-0.052570228,0.00042126284,-0.0033680776,-0.0054923794,2.9702187e-05,0.005661761,0.015204723,0.021613706,0.09386938,3.9453733,0.36813205,0.11999999,0.101055495,3.4113233,15.062423,8.0,8.0,0.0,11.31277847290039,5.097413539886475,0.0,1274.4207763671875,0.0,0,0,0,0,0,0,nan,nan,nan,nan,nan
7,0.2799999937415123,-0.00030444394,0.002082099,0.40000874,-0.002372496,-0.0040157125,2.413772e-05,0.9999891,-0.00026554812,0.010868982,-0.0002078414,-0.03971866,-0.06517535,0.00076520786,-0.0002664768,0.010869851,-0.00015412901,-0.039715614,-0.06517707,0.0007749324,-0.004745305,-0.00803131,6.733161e-05,0.0080468375,0.024140012,0.04228871,0.22572176,3.8700423,0.69464755,0.13999999,0.1410555,4.1018524,13.710983,8.0,8.0,0.0,11.312451362609863,5.09691858291626,0.0,1276.8397216796875,0.0,0,0,0,0,0,0,nan,nan,nan,nan,nan
8,0.3199999928474426,-0.00026252697,0.001868619,0.4000101,-0.0021368586,-0.0054217055,2.5385652e-05,0.999983,0.0023575346,-0.007177404,0.00015450039,0.057038084,-0.068919845,0.000110493515,0.0023585402,-0.007178063,9.825463e-05,0.057030823,-0.068921246,-0.000802517,-0.0042741843,-0.010843331,7.394562e-05,0.011009544,0.02947232,0.029512355,0.14145152,4.5653734,-0.46407634,0.15999998,0.101055495,4.124862,-11.93523,8.0,8.0,0.0,11.312572479248047,5.097135543823242,0.0,1269.5390625,0.0,0,0,0,0,0,0,nan,nan,nan,nan,nan
9,0.35999999195337296,-9.6962685e-05,0.0007965554,0.40000802,-0.0007139481,-0.0068632695,2.181688e-06,0.9999761,0.0045580096,-0.033032425,-7.782188e-05,0.058167573,-0.07164845,-0.0007348392,0.0045560426,-0.033032242,-0.00018754342,0.05815097,-0.07164698,-0.0016354914,-0.001428027,-0.01372664,1.4164643e-05,0.014545436,0.030313501,0.13839988,-0.016760964,4.6713934,-0.55562556,0.17999998,0.061055496,3.4184744,6.0255537,8.0,8.0,0.0,11.313214302062988,5.098219394683838,0.0,1271.827392578125,0.0,0,0,0,0,0,0,nan,nan,nan,nan,nan
10,0.3999999910593033,0.00028569376,-0.0009026758,0.40000784,0.0013787248,-0.0079412665,-4.0035007e-05,0.9999675,0.010307706,-0.047231846,-0.00010613075,0.10726151,-0.052589096,-0.0015616512,0.010309537,-0.04723136,-0.0001396201,0.10722854,-0.05258696,-0.0031200154,0.0027583472,-0.015882574,-0.00010197792,0.017725604,0.028775033,0.12302944,-0.06356514,4.51762,-0.039807744,0.19999997,0.021055497,4.1067495,-0.025355816,8.0,8.0,0.0,11.3141450881958,5.09807825088501,0.0,1272.0924072265625,0.0,0,0,0,0,0,0,nan,nan,nan,nan,nan
11,0.4399999901652336,0.0009043314,-0.0031868583,0.40000904,0.004240749,-0.008681667,-0.00011023352,0.99995327,0.015976861,-0.061685953,-0.00013750549,0.1378903,-0.036996193,-0.002668728,0.015990201,-0.061682533,0.00010815345,0.13783401,-0.036997247,-0.0047487835,0.008484395,-0.017362459,-0.0002941346,0.020981634,0.024570817,0.15128347,-0.13489065,4.6485305,-0.20583118,0.21999997,-0.018944502,4.9096866,-0.19469833,8.0,8.0,0.0,11.315322875976562,5.095717430114746,0.0,1274.0240478515625,0.0,0,0,0,0,0,0,nan,nan,nan,nan,nan
12,0.47999998927116394,0.00178623,-0.0058875764,0.40001038,0.007608598,-0.009029692,-0.00020712169,0.9999302,0.022657523,-0.07089331,-0.0001539898,0.16192976,-0.017745513,-0.003721977,0.022690155,-0.07088116,0.0005152861,0.1618459,-0.01775529,-0.0063756444,0.015222943,-0.018055953,-0.000551711,0.024104627,0.018163014,0.14477144,-0.18690759,4.587468,-0.13433851,0.23999996,-0.0589445,5.6543536,-2.8242016,8.0,8.0,0.0,11.316610336303711,5.092895984649658,0.0,1275.5992431640625,0.0,0,0,0,0,0,0,nan,nan,nan,nan,nan
13,0.5199999883770943,0.0029178145,-0.008253368,0.4000125,0.010871761,-0.009105236,-0.0002908004,0.9998994,0.028564023,-0.0645984,8.704705e-05,0.09669662,-0.0071918247,-0.0026623206,0.028611211,-0.064570256,0.0009708328,0.09663771,-0.007210926,-0.004266253,0.02175195,-0.018203322,-0.00077965145,0.027852364,0.015577272,0.17637402,-0.12399361,4.595977,-0.01973389,0.25999996,-0.018944502,7.156343,16.458038,8.0,8.0,0.0,11.317483901977539,5.090353965759277,0.0,1274.361083984375,0.0,0,0,0,0,0,0,nan,nan,nan,nan,nan
14,0.5599999874830246,0.004309206,-0.010175984,0.4000086,0.013171678,-0.008936575,-0.00034175513,0.99987316,0.03638324,-0.048577446,-1.1982418e-05,0.0928561,0.00784617,-0.0012469848,0.03642182,-0.04854457,0.00061672955,0.09281171,0.0078521995,-0.0031132288,0.026353378,-0.01786283,-0.00091898977,0.031143526,0.01671595,0.06093076,0.016067404,4.619982,0.029499188,0.27999997,0.014749594,8.125332,5.4695807,8.0,8.0,0.0,11.317861557006836,5.088196277618408,0.0,1272.44873046875,0.0,0,0,0,0,0,0,nan,nan,nan,nan,nan
15,0.5999999865889549,0.0059005585,-0.0121404985,0.4000077,0.015625734,-0.008894523,-0.0004091017,0.99983823,0.04110385,-0.050007496,-0.00012549426,0.124196194,0.001892592,-0.002489954,0.041149914,-0.04996478,0.00070517213,0.12413017,0.0018809245,-0.0047580292,0.031263724,-0.017774317,-0.0010962113,0.035016343,0.016187336,0.100991696,-0.03162372,4.6144724,-0.09598671,0.29999998,-0.025250405,7.1764264,-13.176554,8.0,8.0,0.0,11.318127632141113,5.085958957672119,0.0,1274.41845703125,0.0,0,0,0,0,0,0,nan,nan,nan,nan,nan
16,0.6399999856948853,0.007697744,-0.013912661,0.4000084,0.017826784,-0.008916922,-0.00047517836,0.9998012,0.046533033,-0.044268306,-2.7793552e-05,0.09232831,-0.0009680562,-0.0021995446,0.046581257,-0.044211723,0.00071937643,0.092275634,-0.0009874891,-0.0038111026,0.03566818,-0.0178143,-0.0012682895,0.039524898,0.015716145,0.09318805,-0.025882976,4.632969,-0.001463458,0.32,-0.000731729,7.5652065,-1.7511482,8.0,8.0,0.0,11.318113327026367,5.083869457244873,0.0,1273.5447998046875,0.0,0,0,0,0,0,0,nan,nan,nan,nan,nan
17,0.6799999848008156,0.009688188,-0.015136673,0.40000772,0.019321265,-0.009104616,-0.0005117813,0.9997717,0.051393878,-0.029497603,-1.8269493e-05,0.05524364,-0.0098381005,-0.0010287643,0.05142554,-0.029441746,0.00018442859,0.055229247,-0.009833399,-0.0016546416,0.038659047,-0.018186301,-0.0013753823,0.044793088,0.018317437,0.10777778,0.059536546,4.6057086,0.17832547,0.34,0.03926827,8.090628,1.6957164,8.0,8.0,0.0,11.317574501037598,5.08228063583374,0.0,1272.2073974609375,0.0,0,0,0,0,0,0,nan,nan,nan,nan,nan
18,0.7199999839067459,0.011877711,-0.016192775,0.4000075,0.020654835,-0.009440827,-0.000552975,0.99974185,0.05631548,-0.025345277,-0.00014512715,0.06992807,-0.016139774,-0.0018994637,0.056340553,-0.025289316,-0.00016284874,0.06990389,-0.01615442,-0.0025527305,0.041328553,-0.018855054,-0.0014959284,0.050874915,0.020037593,0.14284746,0.037681594,4.631854,0.009101756,0.36,0.004550878,7.288824,-12.443066,8.0,8.0,0.0,11.316777229309082,5.0808186531066895,0.0,1273.567138671875,0.0,0,0,0,0,0,0,nan,nan,nan,nan,nan
19,0.7599999830126762,0.014287876,-0.017133318,0.40000767,0.02182587,-0.009825522,-0.0006020356,0.9997133,0.061784513,-0.022083567,-9.875407e-05,0.054671317,-0.018672938,-0.0022746418,0.061806645,-0.022018947,-0.0003505981,0.054646548,-0.01871205,-0.00253286,0.043673348,-0.019620389,-0.0016329424,0.057645366,0.020224923,0.16865619,0.0015781745,4.598033,-0.004592411,0.38000003,-0.0022962056,7.4320645,-7.7967224,8.0,8.0,0.0,11.315742492675781,5.079428195953369,0.0,1273.4320068359375,0.0,0,0,0,0,0,0,nan,nan,nan,nan,nan
20,0.7999999821186066,0.016935082,-0.01779769,0.4000076,0.02265544,-0.010211447,-0.0006455287,0.99969095,0.06779513,-0.014645339,-0.00010395586,0.03727509,-0.018484415,-0.0020959394,0.067804515,-0.014578882,-0.00082676095,0.03725695,-0.018529523,-0.0020184277,0.045335006,-0.020388745,-0.0017537136,0.06500099,0.020253927,0.18242644,0.0014696498,4.595501,-0.004578352,0.40000004,-0.002289176,7.6226416,-6.8277464,8.0,8.0,0.0,11.314345359802246,5.078263282775879,0.0,1273.0087890625,0.0,0,0,0,0,0,0,nan,nan,nan,nan,nan
21,0.8399999812245369,0.019830951,-0.01829274,0.4000076,0.02328999,-0.010583237,-0.0006953508,0.9996725,0.07428087,-0.009867304,-0.0001710156,0.035327516,-0.016943378,-0.002589756,0.07427911,-0.009797895,-0.0012856232,0.035296764,-0.017013911,-0.00254631,0.046606712,-0.021128723,-0.0018836346,0.072908506,0.018815452,0.18171589,-0.031048857,4.6030097,-0.06387728,0.42000005,-0.03193864,7.8207765,-10.825091,8.0,8.0,0.0,11.312652587890625,5.076005458831787,0.0,1273.2816162109375,0.0,0,0,0,0,0,0,nan,nan,nan,nan,nan
22,0.8799999803304672,0.02298077,-0.018460713,0.40000775,0.023500653,-0.010963004,-0.00073312025,0.99966335,0.080566935,-0.001097357,-0.000121341815,0.0069766142,-0.017441578,-0.0019913008,0.08054697,-0.0010252661,-0.0018383288,0.0069659012,-0.017509252,-0.0013225597,0.047030155,-0.021885917,-0.0019814982,0.08151027,0.017185438,0.20936443,-0.032058574,4.5907807,-0.048864916,0.44000006,-0.024432458,7.914331,-5.8838077,8.0,8.0,0.0,11.31054973602295,5.072882652282715,0.0,1272.4285888671875,0.0,0,0,0,0,0,0,nan,nan,nan,nan,nan
23,0.9199999794363976,0.026401702,-0.018253025,0.40000758,0.023252804,-0.011297188,-0.0007538083,0.99966544,0.087618805,0.009070839,-0.0001788083,-0.009266036,-0.014324291,-0.0013832328,0.08757388,0.009138701,-0.002582221,-0.009265739,-0.014382205,-0.0005060753,0.046535704,-0.022553673,-0.002033013,0.09067857,0.015601679,0.20841193,-0.024041684,4.581033,-0.062180713,0.46000007,-0.031090356,8.0983,-7.897229,8.0,8.0,0.0,11.307991027832031,5.06956672668457,0.0,1272.161376953125,0.0,0,0,0,0,0,0,nan,nan,nan,nan,nan
24,0.9599999785423279,0.030097682,-0.017660417,0.40000755,0.022522302,-0.011613292,-0.00075273373,0.9996786,0.09460525,0.019220985,-0.00018285801,-0.03264617,-0.013065373,-0.00048207355,0.0945364,0.019286117,-0.0032476687,-0.032622013,-0.013105869,0.000865775,0.04507499,-0.023187289,-0.0020286464,0.100507244,0.014021863,0.22169554,-0.019100737,4.5762444,-0.059393547,0.48000008,-0.029696774,8.243459,-6.682598,8.0,8.0,0.0,11.304964065551758,5.066055774688721,0.0,1271.9500732421875,0.0,0,0,0,0,0,0,nan,nan,nan,nan,nan
25,0.9999999776482582,0.0340766,-0.016783051,0.40000767,0.021443816,-0.011911124,-0.0007404644,0.9996988,0.10195311,0.027187767,-0.0002144214,-0.038756557,-0.011658045,-0.0003775505,0.10186478,0.027252417,-0.0038106085,-0.03873127,-0.011701088,0.0010467544,0.042917665,-0.02378556,-0.0019918876,0.110988885,0.0113989,0.22036,-0.03632879,4.5686064,-0.10089438,0.50000006,-0.05044719,8.657552,-10.19492,8.0,8.0,0.0,11.301536560058594,5.062322616577148,0.0,1272.6102294921875,0.0,0,0,0,0,0,0,nan,nan,nan,nan,nan
26,1.0399999767541885,0.038341407,-0.015548444,0.40000752,0.019912573,-0.012220295,-0.000702858,0.9997267,0.10900209,0.03593893,-0.00018458198,-0.07112126,-0.012125461,0.0009309849,0.10889689,0.03600317,-0.004281044,-0.07105425,-0.012144091,0.003152287,0.039853856,-0.024408342,-0.0018925717,0.122223504,0.00842396,0.2529693,-0.047507484,4.5486135,-0.095738724,0.52000004,-0.047869362,8.501019,-5.2441206,8.0,8.0,0.0,11.297656059265137,5.058379173278809,0.0,1271.77880859375,0.0,0,0,0,0,0,0,nan,nan,nan,nan,nan
27,1.0799999758601189,0.042909335,-0.013782745,0.40000752,0.017710455,-0.012470164,-0.00060959754,0.99976516,0.11660935,0.049437743,-0.0001850998,-0.1056758,-0.00896989,0.0034689452,0.11648631,0.049490724,-0.004845005,-0.10554152,-0.008923486,0.0064204526,0.035446215,-0.024915459,-0.0016611296,0.13412662,0.0068982528,0.2721032,-0.007935893,4.54914,-0.052346475,0.54,-0.026173238,8.547768,-2.7114134,8.0,8.0,0.0,11.293184280395508,5.054243087768555,0.0,1271.5123291015625,0.0,0,0,0,0,0,0,nan,nan,nan,nan,nan
28,1.1199999749660492,0.04778542,-0.011775644,0.40000805,0.015204677,-0.01266587,-0.0004976165,0.999804,0.12453355,0.056722343,-0.00018350845,-0.094593264,-0.006636624,0.003150294,0.12441056,0.05676645,-0.0050631184,-0.09447395,-0.006595416,0.0057466924,0.030430444,-0.025314346,-0.0013806416,0.14672677,0.004213638,0.27057752,-0.0212573,4.5521827,-0.107673034,0.56,-0.053836517,9.414745,-11.573902,8.0,8.0,0.0,11.288324356079102,5.049853324890137,0.0,1273.431884765625,0.0,0,0,0,0,0,0,nan,nan,nan,nan,nan
29,1.1599999740719795,0.05296933,-0.0095301345,0.40000755,0.012424134,-0.012854313,-0.00036234365,0.99984,0.13205816,0.06109937,-0.00016039038,-0.13065653,-0.006182841,0.0050310153,0.1319465,0.061129984,-0.0050733685,-0.1304775,-0.006108851,0.008540986,0.024864377,-0.025698338,-0.0010443238,0.1599974,0.0006448352,0.30607504,-0.05845097,4.5405097,-0.106346995,0.58,-0.053173497,9.043631,-2.9822483,8.0,8.0,0.0,11.283079147338867,5.045209884643555,0.0,1272.3232421875,0.0,0,0,0,0,0,0,nan,nan,nan,nan,nan
30,1.1999999731779099,0.058473833,-0.0069490327,0.40000775,0.009206942,-0.01296533,-0.00017893418,0.99987346,0.14012511,0.06979218,-0.00015599089,-0.14646809,-0.0020934977,0.0069091446,0.14003228,0.06979411,-0.0050741094,-0.14623843,-0.001983333,0.010742199,0.018423429,-0.025926987,-0.0005967658,0.17397563,-0.0025536716,0.32226595,-0.043865427,4.5359774,-0.10657412,0.59999996,-0.05328706,9.0713,-3.5252943,8.0,8.0,0.0,11.277369499206543,5.04032039642334,0.0,1272.6002197265625,0.0,0,0,0,0,0,0,nan,nan,nan,nan,nan
31,1.2399999722838402,0.064298004,-0.004308518,0.40000796,0.0059185433,-0.013027721,9.755432e-06,0.9998976,0.1481812,0.07191016,-0.00014705125,-0.13095805,-0.0006707837,0.0059535615,0.14811738,0.07187762,-0.0048586433,-0.13075839,-0.0005775127,0.009370868,0.011839915,-0.026055839,-0.00013474714,0.18868929,-0.0077978643,0.3300503,-0.086284146,4.521574,-0.17606147,0.61999995,-0.08803073,9.972923,-10.879767,8.0,8.0,0.0,11.271393775939941,5.035131931304932,0.0,1273.7730712890625,0.0,0,0,0,0,0,0,nan,nan,nan,nan,nan
32,1.2799999713897705,0.070439965,-0.001572152,0.40000767,0.0025368943,-0.013078073,0.00021226359,0.99991125,0.15600945,0.072921336,-0.00013459421,-0.15757512,0.00022826446,0.0077566304,0.15597866,0.072843134,-0.004584982,-0.15731825,0.00034491604,0.011873741,0.005069542,-0.026157884,0.00035825666,0.20407577,-0.014538205,0.36014223,-0.13775992,4.4962964,-0.20323004,0.6399999,-0.10161502,9.497301,-2.6728058,8.0,8.0,0.0,11.265127182006836,5.029654502868652,0.0,1272.8785400390625,0.0,0,0,0,0,0,0,nan,nan,nan,nan,nan
33,1.3199999704957008,0.076906115,0.0014074617,0.40000764,-0.0011668891,-0.013067377,0.0004631786,0.99991375,0.16412185,0.07938956,-0.00013381873,-0.17105244,0.0034925214,0.009798113,0.16413815,0.07924259,-0.004238564,-0.17073452,0.0036227508,0.014273058,-0.0023464854,-0.026134394,0.00095710065,0.22020793,-0.021252632,0.3792332,-0.13285181,4.4627094,-0.21964179,0.6599999,-0.109820895,9.369896,-2.4555168,8.0,8.0,0.0,11.258459091186523,5.023349285125732,0.0,1272.71337890625,0.0,0,0,0,0,0,0,nan,nan,nan,nan,nan
34,1.3599999696016312,0.083693005,0.0044222395,0.4000077,-0.0049118167,-0.013022985,0.0007232768,0.99990284,0.17217666,0.08116676,-0.00015622485,-0.15505156,0.0041437875,0.008816226,0.17224178,0.08093728,-0.0038457143,-0.15476273,0.0042612464,0.012892612,-0.009845014,-0.026039276,0.0015748807,0.23711596,-0.029987814,0.38802132,-0.17415409,4.423046,-0.30359352,0.6799999,-0.1498209,10.174069,-10.055607,8.0,8.0,0.0,11.251541137695312,5.016098976135254,0.0,1273.7904052734375,0.0,0,0,0,0,0,0,nan,nan,nan,nan,nan
35,1.3999999687075615,0.09079415,0.007491995,0.40000802,-0.008697033,-0.012995903,0.0009948178,0.99987715,0.17994145,0.08179432,-0.00013809034,-0.17310578,0.003290798,0.010431781,0.18005785,0.08146685,-0.0033971183,-0.1727687,0.003413838,0.0149856,-0.017424544,-0.02597423,0.002216192,0.25476456,-0.0406885,0.41484374,-0.23293948,4.414908,-0.3548954,0.69999987,-0.1774477,9.892859,-4.875824,8.0,8.0,0.0,11.244363784790039,5.008530616760254,0.0,1273.4730224609375,0.0,0,0,0,0,0,0,nan,nan,nan,nan,nan
36,1.4399999678134918,0.09821293,0.011006945,0.40000775,-0.013057313,-0.012943028,0.0013671165,0.99983,0.18772824,0.09288017,-0.00010920875,-0.21683924,0.005010458,0.01638753,0.1879471,0.09240123,-0.0025527212,-0.21632677,0.005099797,0.022126993,-0.026157295,-0.025848832,0.0030728017,0.27320096,-0.049725387,0.45062816,-0.19317707,4.3766437,-0.31393033,0.71999985,-0.15696517,9.212208,3.0099678,8.0,8.0,0.0,11.236647605895996,5.00056266784668,0.0,1271.6710205078125,0.0,0,0,0,0,0,0,nan,nan,nan,nan,nan
37,1.4799999669194221,0.105951205,0.014761732,0.40000784,-0.017728783,-0.012838603,0.0017994571,0.9997587,0.1956822,0.10075494,-0.00015060554,-0.20069987,0.0063240803,0.01633149,0.19602093,0.100081295,-0.0016193009,-0.20018853,0.006371134,0.0217047,-0.03551432,-0.025610005,0.004054612,0.29245645,-0.059242833,0.4618545,-0.18621011,4.3683662,-0.3808338,0.73999983,-0.1904169,10.065432,-9.222816,8.0,8.0,0.0,11.228536605834961,4.992234706878662,0.0,1273.4437255859375,0.0,0,0,0,0,0,0,nan,nan,nan,nan,nan
38,1.5199999660253525,0.11399801,0.01853952,0.40000784,-0.022384945,-0.0127631845,0.0022403097,0.99966544,0.2033418,0.10089729,-0.00016227415,-0.20286138,0.0038900082,0.01681876,0.20377897,0.10000783,-0.00086141785,-0.20234612,0.0039251004,0.022167228,-0.04484161,-0.025420269,0.0050521805,0.31249264,-0.07149022,0.47896492,-0.2601305,4.557366,-1.1712595,0.7599998,-0.2304169,10.54527,-10.3083725,8.0,8.0,0.0,11.220193862915039,4.983601093292236,0.0,1274.194580078125,0.0,0,0,0,0,0,0,nan,nan,nan,nan,nan
39,1.5599999651312828,0.122347586,0.022435667,0.40000832,-0.027178256,-0.012744392,0.0027144852,0.99954563,0.21085918,0.104044,-0.00014775715,-0.21654637,0.0012429246,0.01902576,0.21142037,0.102898575,9.500462e-05,-0.21598326,0.001231137,0.024607858,-0.05444536,-0.025332363,0.0061212466,0.33339,-0.08584499,0.5051639,-0.313995,4.47665,-1.0393223,0.7799998,-0.2704169,10.23277,-8.095715,8.0,8.0,0.0,11.211553573608398,4.974648475646973,0.0,1273.9674072265625,0.0,0,0,0,0,0,0,nan,nan,nan,nan,nan
40,1.5999999642372131,0.1310015,0.026551073,0.40000862,-0.032247018,-0.012763255,0.003246087,0.9993931,0.21837628,0.110501915,-0.00014935207,-0.22781822,-0.0008917482,0.021446686,0.21910478,0.10904233,0.0013475074,-0.22720313,-0.0009834176,0.027197266,-0.06460335,-0.025304366,0.007313795,0.3551867,-0.10185659,0.53212035,-0.3498233,4.36732,-0.83648896,0.7999998,-0.31041688,10.2047205,-9.589218,8.0,8.0,0.0,11.202545166015625,4.965354919433594,0.0,1274.0360107421875,0.0,0,0,0,0,0,0,nan,nan,nan,nan,nan
41,1.6399999633431435,0.13996224,0.030957801,0.400009,-0.037668925,-0.0128079355,0.0038501741,0.9992007,0.22590037,0.1187166,-0.000145922,-0.24444874,-0.0027367866,0.024716176,0.22684374,0.116866976,0.0029320025,-0.24375942,-0.0029469817,0.030759832,-0.07547203,-0.025308033,0.0086619975,0.37786233,-0.1195077,0.56184405,-0.38640708,4.3302064,-0.86432606,0.81999975,-0.35041687,10.280841,-11.052971,8.0,8.0,0.0,11.193115234375,4.955704689025879,0.0,1274.17919921875,0.0,0,0,0,0,0,0,nan,nan,nan,nan,nan
42,1.6799999624490738,0.14923309,0.03575094,0.40000933,-0.04356421,-0.0128621785,0.0045507913,0.9989574,0.23344013,0.12944005,-0.00012644185,-0.26707673,-0.003919854,0.029119225,0.234672,0.12709354,0.0050336695,-0.26628092,-0.004313821,0.03562749,-0.08729338,-0.025303734,0.010216203,0.40141898,-0.13864918,0.5963288,-0.41843188,4.274477,-0.92612505,0.83999974,-0.39041686,10.336971,-12.473946,8.0,8.0,0.0,11.18319320678711,4.945676803588867,0.0,1274.17724609375,0.0,0,0,0,0,0,0,nan,nan,nan,nan,nan
43,1.7199999615550041,0.15881881,0.041028585,0.40000966,-0.05005656,-0.012899741,0.0053751827,0.9986485,0.24100481,0.1427255,-0.0001092168,-0.29490212,-0.004117899,0.03466796,0.24262406,0.13973665,0.0078019137,-0.29396167,-0.0047826506,0.04182827,-0.10031654,-0.025229165,0.012031389,0.4258546,-0.15915379,0.6361149,-0.4464302,4.174348,-1.032832,0.8599997,-0.43041685,10.437714,-14.326431,8.0,8.0,0.0,11.17270565032959,4.93524694442749,0.0,1274.1217041015625,0.0,0,0,0,0,0,0,nan,nan,nan,nan,nan
44,1.7599999606609344,0.16872655,0.04701426,0.40000987,-0.057381045,-0.01287134,0.0063833105,0.99824893,0.2486671,0.16070661,-1.4813802e-05,-0.34737074,-0.0015942767,0.04473677,0.25084928,0.1568351,0.011797323,-0.34613305,-0.0028022137,0.053426016,-0.115014635,-0.024967635,0.01422632,0.45101207,-0.17958839,0.6844193,-0.4459554,4.071936,-1.1229973,0.8799997,-0.45,10.14668,-10.618713,8.0,8.0,0.0,11.16148853302002,4.924366474151611,0.0,1271.5948486328125,0.0,0,0,0,0,0,0,nan,nan,nan,nan,nan
45,1.7999999597668648,0.1789611,0.053925235,0.4000091,-0.06583065,-0.012709693,0.0076532657,0.9977204,0.2562032,0.18436313,2.0308664e-05,-0.40720028,0.0035422686,0.057589643,0.25921485,0.17925693,0.017446574,-0.40555993,0.0014718071,0.06827418,-0.13197751,-0.02435621,0.016950853,0.47688958,-0.19831358,0.7443899,-0.39994514,3.9653554,-1.2246921,0.8999997,-0.45,9.968064,-8.598076,8.0,8.0,0.0,11.149383544921875,4.912990093231201,0.0,1269.2393798828125,0.0,0,0,0,0,0,0,nan,nan,nan,nan,nan
46,1.839999958872795,0.18952224,0.061761223,0.40000892,-0.07542196,-0.012357701,0.009207069,0.9970326,0.2635459,0.20812285,3.5349058e-07,-0.4565385,0.010291371,0.0697884,0.2676291,0.20137227,0.024393633,-0.45449185,0.00719133,0.08240278,-0.15124051,-0.023255324,0.02023043,0.5035115,-0.215466,0.80496275,-0.35415277,3.8871922,-1.3928883,0.91999966,-0.45,10.33493,-11.095306,8.0,8.0,0.0,11.136390686035156,4.901121139526367,0.0,1270.4520263671875,0.0,0,0,0,0,0,0,nan,nan,nan,nan,nan
47,1.8799999579787254,0.20040117,0.070652224,0.40000838,-0.08616073,-0.011773952,0.011081741,0.99615,0.27082294,0.23274088,-3.114571e-05,-0.53206366,0.020131014,0.08759043,0.27629125,0.22380364,0.032990508,-0.5294171,0.015435593,0.1032134,-0.17281786,-0.021549292,0.024114992,0.53050494,-0.22935064,0.8590472,-0.2841645,4.0563726,-0.83645827,0.93999964,-0.41822913,10.127041,-2.4784584,8.0,8.0,0.0,11.12242317199707,4.8887457847595215,0.0,1268.8289794921875,0.0,0,0,0,0,0,0,nan,nan,nan,nan,nan
48,1.9199999570846558,0.21157333,0.080064476,0.40001234,-0.0978089,-0.011013673,0.0132163875,0.9950565,0.27698046,0.2483119,6.0358936e-05,-0.5285201,0.024203883,0.092169955,0.2838878,0.23677444,0.041533377,-0.5257358,0.01852714,0.108039014,-0.19623534,-0.019334298,0.02846574,0.5586574,-0.2444663,0.912949,-0.28814685,4.139067,-1.438012,0.9599996,-0.45,11.416309,-20.739098,8.0,8.0,0.0,11.107878684997559,4.875993251800537,0.0,1277.328857421875,0.0,0,0,0,0,0,0,nan,nan,nan,nan,nan
49,1.959999956190586,0.22300348,0.090040065,0.4000101,-0.10970502,-0.010146643,0.015511207,0.9937913,0.28338793,0.25811493,1.696789e-05,-0.57818663,0.028554756,0.10592133,0.2917255,0.24366812,0.049537107,-0.5750649,0.021263048,0.12319478,-0.2201677,-0.016764762,0.03306675,0.5870477,-0.25942007,0.9282616,-0.31594867,4.2004366,-1.5977653,0.9799996,-0.45,11.352156,-6.2923813,8.0,8.0,0.0,11.092751502990723,4.8628926277160645,0.0,1273.989013671875,0.0,0,0,0,0,0,0,nan,nan,nan,nan,nan
50,1.9999999552965164,0.23464364,0.10052434,0.4000104,-0.12221779,-0.009321231,0.018050238,0.9922954,0.28802004,0.2703233,-2.9394778e-05,-0.607191,0.02515255,0.11844632,0.2980816,0.25241727,0.058849227,-0.60406625,0.015982764,0.13489139,-0.24536756,-0.014087176,0.038113784,0.6162428,-0.27344,0.96926093,-0.28962058,3.973876,-1.6202769,0.9999996,-0.45,11.082033,-2.7872543,8.0,8.0,0.0,11.077115058898926,4.849503040313721,0.0,1274.6099853515625,0.0,0,0,0,0,0,0,nan,nan,nan,nan,nan
51,2.0399999544024467,0.24645063,0.11134403,0.4000113,-0.13504735,-0.008624811,0.02077874,0.9905837,0.29173726,0.27741665,-3.2368705e-05,-0.62016594,0.017438991,0.1286463,0.30350497,0.25573656,0.0674708,-0.6172956,0.0064078923,0.1426705,-0.27124122,-0.011475219,0.043512274,0.64637595,-0.28688756,1.0009911,-0.27906382,3.767405,-2.2873535,1.0199996,-0.45,11.109486,-1.9661942,8.0,8.0,0.0,11.061121940612793,4.835901260375977,0.0,1275.7415771484375,0.0,0,0,0,0,0,0,nan,nan,nan,nan,nan
52,2.079999953508377,0.2583819,0.122326106,0.40001112,-0.14792134,-0.00816518,0.023641668,0.98868275,0.2946814,0.27950925,-7.6893455e-05,-0.62630546,0.0054919277,0.13806652,0.30805585,0.25392362,0.07475429,-0.624,-0.0074264556,0.14810477,-0.29725105,-0.009151458,0.049185712,0.67747176,-0.29996055,1.0239763,-0.27850378,3.6605518,-2.4784794,1.0399996,-0.45,10.880756,1.7126083,8.0,8.0,0.0,11.044926643371582,4.822162628173828,0.0,1275.7574462890625,0.0,0,0,0,0,0,0,nan,nan,nan,nan,nan
53,2.1199999526143074,0.2704004,0.13330969,0.40001094,-0.16065381,-0.008042139,0.02659675,0.98661965,0.29687008,0.27767575,-0.00013777381,-0.62218726,-0.010457708,0.14600694,0.31170017,0.24818002,0.080528244,-0.6207251,-0.025204837,0.15032983,-0.3230336,-0.0073233913,0.055095095,0.7096435,-0.31265524,1.04301,-0.2767473,3.426376,-3.0713134,1.0599996,-0.45,10.45835,5.414261,8.0,8.0,0.0,11.028668403625488,4.808353424072266,0.0,1275.6346435546875,0.0,0,0,0,0,0,0,nan,nan,nan,nan,nan
54,2.1599999517202377,0.28247923,0.144131,0.40001035,-0.17304239,-0.008328648,0.029593727,0.98443437,0.29858345,0.27177525,-0.00019759467,-0.6073044,-0.029137839,0.15195958,0.31464204,0.23855425,0.084318295,-0.6070206,-0.04555508,0.14910682,-0.3481902,-0.006156116,0.06118791,0.74299264,-0.3250114,1.0571281,-0.2760454,3.469462,-3.3706865,1.0799996,-0.45,9.933422,8.711884,8.0,8.0,0.0,11.012483596801758,4.794529438018799,0.0,1275.227294921875,0.0,0,0,0,0,0,0,nan,nan,nan,nan,nan
55,2.199999950826168,0.2946041,0.15463388,0.4000098,-0.18489508,-0.009067394,0.032581095,0.9821762,0.3001521,0.26201156,-0.00026351676,-0.582933,-0.049034134,0.15576689,0.31710845,0.22543313,0.08580016,-0.58401906,-0.06689104,0.14471973,-0.3723399,-0.0057634213,0.06740593,0.7775842,-0.33706522,1.06619,-0.2764662,3.2747731,-3.7787566,1.0999995,-0.45,9.310302,11.908901,8.0,8.0,0.0,10.99649429321289,4.780731201171875,0.0,1274.6273193359375,0.0,0,0,0,0,0,0,nan,nan,nan,nan,nan
56,2.2399999499320984,0.30677506,0.1646777,0.4000092,-0.19604702,-0.0102668,0.035511035,0.9798975,0.3019021,0.24888073,-0.00032428204,-0.54994285,-0.068573646,0.15723735,0.3194053,0.2094517,0.08486269,-0.55250347,-0.087597005,0.13754135,-0.39515206,-0.006197198,0.07368798,0.81345654,-0.34882614,1.0708601,-0.27668878,3.3151977,-4.1642904,1.1199995,-0.45,8.62904,14.779869,8.0,8.0,0.0,10.98080062866211,4.766982555389404,0.0,1273.8890380859375,0.0,0,0,0,0,0,0,nan,nan,nan,nan,nan
57,2.2799999490380287,0.3190067,0.17414013,0.40000862,-0.20635958,-0.011900423,0.03834089,0.97765225,0.30415955,0.23290683,-0.00036295492,-0.50944346,-0.086229585,0.15626808,0.32177678,0.19122384,0.081542715,-0.513498,-0.106136635,0.12811054,-0.4163441,-0.007445,0.07996707,0.85061574,-0.36029384,1.0716801,-0.27619964,3.2882175,-4.2779484,1.1399995,-0.45,7.954494,17.165815,8.0,8.0,0.0,10.965478897094727,4.753287315368652,0.0,1273.1463623046875,0.0,0,0,0,0,0,0,nan,nan,nan,nan,nan
58,2.319999948143959,0.33132696,0.18292086,0.40000814,-0.21572182,-0.013910835,0.041034896,0.9754931,0.3072105,0.2146911,-0.00037710657,-0.46277544,-0.10071215,0.1529035,0.324519,0.17139381,0.0759956,-0.46826988,-0.121255435,0.1170957,-0.43568414,-0.009435741,0.08617069,0.8890355,-0.37145713,1.0696027,-0.27445835,3.4042137,-4.813074,1.1599995,-0.45,7.3516326,19.022062,8.0,8.0,0.0,10.950583457946777,4.739633560180664,0.0,1272.414306640625,0.0,0,0,0,0,0,0,nan,nan,nan,nan,nan
59,2.3599999472498894,0.34377527,0.19094431,0.40000767,-0.2240525,-0.016215587,0.04356602,0.9734677,0.31127647,0.19490618,-0.0003534808,-0.41133273,-0.11103958,0.14732891,0.32786852,0.15061136,0.06852522,-0.41800073,-0.13204435,0.1051947,-0.45299503,-0.01204884,0.09222387,0.9286609,-0.38228852,1.066263,-0.27064613,3.2740648,-4.7425103,1.1799995,-0.45,6.8795485,20.371023,8.0,8.0,0.0,10.936139106750488,4.725992202758789,0.0,1271.7296142578125,0.0,0,0,0,0,0,0,nan,nan,nan,nan,nan
60,2.3999999463558197,0.35639986,0.19816123,0.4000075,-0.23130003,-0.01871263,0.04591735,0.971618,0.31650317,0.1742712,-0.0003042792,-0.35656083,-0.1164695,0.1398873,0.33199364,0.12952484,0.05952819,-0.3640846,-0.1379024,0.09320985,-0.46815506,-0.015122266,0.098052956,0.96941006,-0.3927372,1.0641849,-0.26360613,3.3472154,-4.9997916,1.1999995,-0.45,6.5685124,21.353827,8.0,8.0,0.0,10.922147750854492,4.712320804595947,0.0,1271.159423828125,0.0,0,0,0,0,0,0,nan,nan,nan,nan,nan
61,2.43999994546175,0.3692553,0.20454827,0.40000725,-0.23744206,-0.021282518,0.048083454,0.96997744,0.32296923,0.153492,-0.00022560018,-0.29994845,-0.11629644,0.13104454,0.33704865,0.10871697,0.049479134,-0.3079062,-0.13832961,0.082053624,-0.48109746,-0.018454103,0.10358924,1.0111716,-0.40272942,1.0664414,-0.25213566,3.4187188,-5.184136,1.2199994,-0.45,6.39965,22.172714,8.0,8.0,0.0,10.908589363098145,4.698567867279053,0.0,1270.942626953125,0.0,0,0,0,0,0,0,nan,nan,nan,nan,nan
62,2.4799999445676804,0.38240042,0.21010517,0.40000713,-0.2424838,-0.02378887,0.050071284,0.96857035,0.33071744,0.133144,-0.00015137171,-0.24308498,-0.109784186,0.12130634,0.34313485,0.08862828,0.03881886,-0.25085035,-0.13281833,0.07269936,-0.49180725,-0.021801164,0.10877211,1.0537937,-0.41218174,1.0743634,-0.23589742,3.54285,-5.4874845,1.2399994,-0.45,6.3424597,22.935638,8.0,8.0,0.0,10.895424842834473,4.684672832489014,0.0,1271.069091796875,0.0,0,0,0,0,0,0,nan,nan,nan,nan,nan
63,2.5199999436736107,0.3958941,0.21485081,0.40000695,-0.24645607,-0.026087614,0.051900174,0.9674116,0.3397635,0.113528684,-0.00011714191,-0.18781711,-0.09661113,0.111183375,0.35033843,0.06943349,0.027882174,-0.19473355,-0.12122874,0.066004515,-0.500319,-0.024895266,0.11355556,1.0970826,-0.4210216,1.0857211,-0.21642524,3.7250688,-5.8593407,1.2599994,-0.45,6.4086123,23.562714,8.0,8.0,0.0,10.882599830627441,4.670572757720947,0.0,1271.3162841796875,0.0,0,0,0,0,0,0,nan,nan,nan,nan,nan
64,2.559999942779541,0.40979013,0.21881889,0.40000677,-0.24940774,-0.028047808,0.053597722,0.96650726,0.35004508,0.09470679,-0.00014101347,-0.13613029,-0.07752545,0.10118214,0.3586199,0.05108001,0.016913302,-0.14146572,-0.10432048,0.06231153,-0.50670475,-0.027484909,0.11791333,1.1408354,-0.42918745,1.0956546,-0.19651276,3.9055948,-6.2068534,1.2799994,-0.45,6.6272335,23.842505,8.0,8.0,0.0,10.8700532913208,4.656208038330078,0.0,1271.416259765625,0.0,0,0,0,0,0,0,nan,nan,nan,nan,nan
65,2.5999999418854713,0.42413026,0.22205618,0.4000069,-0.25140113,-0.02957938,0.05519523,0.96585506,0.36133498,0.07677873,-0.00020732236,-0.08944179,-0.054551225,0.09189209,0.36783415,0.033556372,0.0061783744,-0.09266889,-0.08404327,0.06139496,-0.5110698,-0.029390736,0.12184754,1.1849033,-0.43661112,1.1008297,-0.17794904,4.0769143,-6.4881916,1.2999994,-0.45,6.9815435,23.541883,8.0,8.0,0.0,10.857725143432617,4.6415276527404785,0.0,1271.294921875,0.0,0,0,0,0,0,0,nan,nan,nan,nan,nan
66,2.6399999409914017,0.4389401,0.22462016,0.40000713,-0.252507,-0.030649101,0.05672405,0.9654445,0.37335435,0.060004957,-0.0002683596,-0.04781172,-0.029725818,0.08417121,0.37772256,0.016982447,-0.003971889,-0.048559956,-0.06257864,0.06308883,-0.5135463,-0.03053832,0.12539272,1.2292362,-0.44321558,1.1024172,-0.16045474,4.194507,-6.758258,1.3199993,-0.45,7.403599,22.552208,8.0,8.0,0.0,10.845559120178223,4.626497745513916,0.0,1271.039306640625,0.0,0,0,0,0,0,0,nan,nan,nan,nan,nan
67,2.679999940097332,0.45423052,0.22657555,0.4000074,-0.2527949,-0.03127138,0.05821639,0.96526045,0.38565814,0.044619024,-0.000316416,-0.009473627,-0.0054815775,0.07801031,0.3879896,0.0015221951,-0.013293695,-0.007680244,-0.04218396,0.06608276,-0.5142733,-0.030941375,0.12861413,1.2738731,-0.44892836,1.103779,-0.14259079,4.25859,-6.887711,1.3399993,-0.45,7.8118987,20.937572,8.0,8.0,0.0,10.833502769470215,4.611095905303955,0.0,1270.81103515625,0.0,0,0,0,0,0,0,nan,nan,nan,nan,nan
68,2.7199999392032623,0.47000137,0.22798531,0.4000075,-0.25232726,-0.03149229,0.05970244,0.9652848,0.39783657,0.03074671,-0.0003416328,0.025911989,0.016052702,0.07363441,0.39827067,-0.01274717,-0.021618236,0.030041844,-0.024827173,0.06951471,-0.5133828,-0.030673759,0.13159364,1.3188702,-0.4537328,1.1067712,-0.12472296,4.298422,-6.8796306,1.3599993,-0.45,8.19012,18.921017,8.0,8.0,0.0,10.821510314941406,4.595312595367432,0.0,1270.81689453125,0.0,0,0,0,0,0,0,nan,nan,nan,nan,nan
69,2.7599999383091927,0.48624003,0.22891031,0.40000772,-0.25116768,-0.03138818,0.061206337,0.9654964,0.409581,0.018491574,-0.00034450853,0.058378797,0.033552933,0.07131345,0.40819398,-0.025758842,-0.028826185,0.06445278,-0.011772086,0.07298585,-0.5110157,-0.02986868,0.1344206,1.3643203,-0.4576513,1.1132519,-0.10683566,4.373371,-7.010748,1.3799993,-0.45,8.510684,16.749516,8.0,8.0,0.0,10.809552192687988,4.5791497230529785,0.0,1271.0767822265625,0.0,0,0,0,0,0,0,nan,nan,nan,nan,nan
70,2.799999937415123,0.5029239,0.22941361,0.4000079,-0.24938236,-0.031052187,0.06274809,0.965871,0.42067027,0.007940833,-0.00032254224,0.08797485,0.04638903,0.07110412,0.4176221,-0.037428346,-0.034886546,0.09549113,-0.0035787371,0.076259784,-0.50732315,-0.028692218,0.13718706,1.410333,-0.46071756,1.1240395,-0.08887982,4.480486,-7.200397,1.3999993,-0.45,8.750058,14.48862,8.0,8.0,0.0,10.797599792480469,4.562619209289551,0.0,1271.506103515625,0.0,0,0,0,0,0,0,nan,nan,nan,nan,nan
71,2.8399999365210533,0.5200246,0.22955975,0.4000082,-0.24703896,-0.030580904,0.06434583,0.96638304,0.4309773,-0.0008657186,-0.00028503404,0.11461824,0.05447942,0.072917566,0.4264721,-0.04770278,-0.039833996,0.12304715,-0.00024654763,0.07925981,-0.5024609,-0.027317278,0.13998356,1.4570131,-0.46297634,1.1390752,-0.0710786,4.593609,-7.277069,1.4199992,-0.45,8.904622,12.188526,8.0,8.0,0.0,10.785627365112305,4.545740127563477,0.0,1272.0513916015625,0.0,0,0,0,0,0,0,nan,nan,nan,nan,nan
72,2.8799999356269836,0.5375108,0.22941409,0.40000847,-0.24420728,-0.030065523,0.06601523,0.967006,0.4404524,-0.0079049375,-0.00024443533,0.13817538,0.058144644,0.07655952,0.43469447,-0.056542255,-0.0437319,0.14698598,-0.0013721874,0.08202959,-0.49658892,-0.025907185,0.14289226,1.5044508,-0.4644806,1.1578376,-0.05364321,4.6910725,-7.438936,1.4399992,-0.45,8.980613,9.88658,8.0,8.0,0.0,10.773613929748535,4.528532981872559,0.0,1272.6015625,0.0,0,0,0,0,0,0,nan,nan,nan,nan,nan
73,2.919999934732914,0.5553512,0.22904317,0.40000844,-0.24095984,-0.02958559,0.0677694,0.9677139,0.4491126,-0.013174592,-0.00020097275,0.15848842,0.057981562,0.08173741,0.4422939,-0.06393093,-0.04665673,0.16719468,-0.0062593548,0.08466,-0.48987183,-0.02460385,0.14598264,1.5527147,-0.4652886,1.1794841,-0.036816,4.793557,-7.521481,1.4599992,-0.45,8.992387,7.6041355,8.0,8.0,0.0,10.761531829833984,4.511017322540283,0.0,1273.0726318359375,0.0,0,0,0,0,0,0,nan,nan,nan,nan,nan
74,2.9599999338388443,0.57351613,0.22851345,0.40000856,-0.23736976,-0.029204926,0.06961881,0.9684811,0.45702407,-0.01668279,-0.00016035385,0.17541283,0.05474945,0.0880925,0.44934258,-0.06985783,-0.048706736,0.18363158,-0.014033617,0.08724321,-0.48247272,-0.023520205,0.14930902,1.6018496,-0.46546075,1.2030674,-0.02078028,5.0784917,-8.717521,1.4799992,-0.45,8.956997,5.3606877,8.0,8.0,0.0,10.749357223510742,4.49321174621582,0.0,1273.5128173828125,0.0,0,0,0,0,0,0,nan,nan,nan,nan,nan
75,2.9999999329447746,0.5919795,0.2278917,0.40000862,-0.23351124,-0.028969727,0.071570344,0.96928364,0.46428853,-0.018453024,-0.00012366509,0.18883304,0.04928419,0.0952154,0.45594925,-0.07432955,-0.04998273,0.1962519,-0.023736581,0.08986045,-0.4745544,-0.022736765,0.15290797,1.6518788,-0.4650587,1.2277029,-0.0057242527,5.067801,-8.644979,1.4999992,-0.45,8.890774,3.1654544,8.0,8.0,0.0,10.737058639526367,4.475131034851074,0.0,1273.838623046875,0.0,0,0,0,0,0,0,nan,nan,nan,nan,nan
76,3.039999932050705,0.61071944,0.22724387,0.40000865,-0.22945853,-0.028907986,0.07362673,0.97009903,0.47102818,-0.018520273,-9.414281e-05,0.19865724,0.042416703,0.10267594,0.4622392,-0.077364855,-0.050583955,0.20508233,-0.03440053,0.09254111,-0.4662767,-0.022300504,0.15679732,1.7028054,-0.46414468,1.2526034,0.008198846,5.046477,-8.95751,1.5199991,-0.45,8.813006,1.036015,8.0,8.0,0.0,10.724607467651367,4.456785202026367,0.0,1274.0665283203125,0.0,0,0,0,0,0,0,nan,nan,nan,nan,nan
77,3.0799999311566353,0.62971956,0.22663522,0.40000856,-0.2252852,-0.029030247,0.0757863,0.97090685,0.47737366,-0.01692687,-7.171153e-05,0.20483336,0.03492776,0.11003915,0.46837544,-0.07898956,-0.050607197,0.21018198,-0.045105044,0.09526715,-0.457795,-0.022226095,0.16097698,1.7546152,-0.46277976,1.2770944,0.02088038,5.075002,-8.739524,1.5399991,-0.45,8.738647,-1.0126376,8.0,8.0,0.0,10.711966514587402,4.438179969787598,0.0,1274.1591796875,0.0,0,0,0,0,0,0,nan,nan,nan,nan,nan
78,3.1199999302625656,0.6489676,0.22612943,0.40000862,-0.22106437,-0.029331451,0.078042366,0.971689,0.48345244,-0.013729953,-4.5226487e-05,0.20733339,0.027493987,0.116898544,0.47446576,-0.07925534,-0.05011414,0.21160157,-0.055041716,0.09798731,-0.44926074,-0.02249922,0.16542928,1.8072813,-0.46102473,1.3008058,0.0321871,5.030787,-8.700142,1.5599991,-0.45,8.679492,-2.9683836,8.0,8.0,0.0,10.69909954071045,4.419316291809082,0.0,1274.2608642578125,0.0,0,0,0,0,0,0,nan,nan,nan,nan,nan
79,3.159999929368496,0.6684565,0.22578847,0.4000085,-0.21686704,-0.029793318,0.080383815,0.97242963,0.48937896,-0.008990268,-3.0835956e-05,0.20616572,0.020661091,0.12287763,0.48066297,-0.078198545,-0.049195334,0.20947449,-0.06353069,0.10058029,-0.4408179,-0.023080658,0.17012209,1.8607686,-0.45893878,1.3235371,0.042052492,5.0747485,-7.8553085,1.5799991,-0.45,8.647707,-4.811878,8.0,8.0,0.0,10.685967445373535,4.4001898765563965,0.0,1274.2451171875,0.0,0,0,0,0,0,0,nan,nan,nan,nan,nan
80,3.1999999284744263,0.688183,0.2256721,0.40000856,-0.21276285,-0.030387077,0.08279493,0.9731154,0.49525088,-0.0027781476,-1.7590828e-05,0.2013753,0.014844856,0.12765837,0.48707345,-0.075879484,-0.04789437,0.2038803,-0.07005162,0.10293251,-0.432605,-0.023911173,0.17501031,1.9150366,-0.45657963,1.3452554,0.050409306,4.927402,-7.498982,1.5999991,-0.45,8.649126,-6.531691,8.0,8.0,0.0,10.672527313232422,4.380793571472168,0.0,1274.153564453125,0.0,0,0,0,0,0,0,nan,nan,nan,nan,nan
81,3.2399999275803566,0.7081472,0.22583729,0.40000838,-0.20881894,-0.031076673,0.08525617,0.97373515,0.5011442,0.004825118,-1.2640429e-05,0.19303127,0.010305712,0.13098963,0.49374875,-0.07236409,-0.046246137,0.19496062,-0.07425078,0.104893774,-0.4247528,-0.024917271,0.1800393,1.9700428,-0.4540043,1.3659825,0.05719764,5.081529,-7.27348,1.619999,-0.45,8.688921,-8.109193,8.0,8.0,0.0,10.65873908996582,4.361115455627441,0.0,1274.023193359375,0.0,0,0,0,0,0,0,nan,nan,nan,nan,nan
82,3.279999926686287,0.7283516,0.22633776,0.40000826,-0.20509927,-0.031822268,0.087745465,0.9742804,0.50710857,0.013739477,-1.0388531e-05,0.1812832,0.0071631963,0.13270466,0.50081474,-0.06770624,-0.04429815,0.18289202,-0.07595548,0.10632942,-0.41738364,-0.026017498,0.18514915,2.0257473,-0.4512679,1.3858413,0.062456276,5.005435,-7.2166386,1.639999,-0.45,8.765266,-9.533157,8.0,8.0,0.0,10.644561767578125,4.34114408493042,0.0,1273.8583984375,0.0,0,0,0,0,0,0,nan,nan,nan,nan,nan
83,3.3199999257922173,0.7487998,0.22722349,0.40000808,-0.20166415,-0.032583483,0.09023899,0.9747445,0.5131686,0.02386921,-1.6975093e-05,0.16632243,0.00538342,0.1327206,0.5082341,-0.06198673,-0.042046424,0.16788559,-0.075173125,0.10710681,-0.41061088,-0.027128529,0.19027746,2.082115,-0.44842526,1.4048253,0.06620612,5.0005307,-7.2908263,1.659999,-0.45,8.875658,-10.784615,8.0,8.0,0.0,10.629955291748047,4.320866107940674,0.0,1273.643310546875,0.0,0,0,0,0,0,0,nan,nan,nan,nan,nan
84,3.3599999248981476,0.76949584,0.2285398,0.40000784,-0.19856974,-0.03332296,0.092712075,0.97512263,0.51932085,0.03511325,-3.3033433e-05,0.14843228,0.004781046,0.13105035,0.5160773,-0.05526871,-0.039531723,0.15017085,-0.072112225,0.107134804,-0.40453872,-0.028172044,0.19536254,2.1391175,-0.44553092,1.4228663,0.06855699,4.997545,-7.376295,1.679999,-0.45,9.011521,-11.846412,8.0,8.0,0.0,10.614885330200195,4.30026912689209,0.0,1273.376220703125,0.0,0,0,0,0,0,0,nan,nan,nan,nan,nan
85,3.399999924004078,0.7904432,0.23032717,0.40000758,-0.19586694,-0.034010027,0.09514064,0.9754116,0.52553403,0.04735161,-5.8410267e-05,0.1279906,0.0050069382,0.1277895,0.5242225,-0.047654875,-0.036721744,0.13008608,-0.067174196,0.10630915,-0.39926106,-0.029081834,0.2003472,2.1967385,-0.44263902,1.4398177,0.06964088,4.948035,-7.2087846,1.699999,-0.45,9.162806,-12.696388,8.0,8.0,0.0,10.599316596984863,4.279341220855713,0.0,1273.0386962890625,0.0,0,0,0,0,0,0,nan,nan,nan,nan,nan
86,3.4399999231100082,0.8116432,0.23261964,0.4000075,-0.19359913,-0.03462402,0.097502574,0.97560936,0.5317545,0.060435414,-9.133426e-05,0.10553501,0.0055919904,0.12314148,0.53267395,-0.039245702,-0.033662573,0.10808475,-0.060945205,0.10457581,-0.3948579,-0.029810626,0.2051824,2.254977,-0.4398037,1.4556689,0.06961747,5.032992,-7.408172,1.719999,-0.45,9.314762,-13.317483,8.0,8.0,0.0,10.583226203918457,4.25807523727417,0.0,1272.7144775390625,0.0,0,0,0,0,0,0,nan,nan,nan,nan,nan
87,3.4799999222159386,0.8330952,0.23544426,0.40000737,-0.19180119,-0.0351562,0.099778436,0.97571534,0.53793377,0.07416701,-0.00013004016,0.08177009,0.0060962248,0.11745547,0.5413353,-0.030203015,-0.030377861,0.08477199,-0.054078393,0.10202229,-0.3913946,-0.030334301,0.20982887,2.3138466,-0.43707934,1.4705867,0.06861098,4.985693,-7.302529,1.7399989,-0.45,9.452632,-13.688652,8.0,8.0,0.0,10.566591262817383,4.2364654541015625,0.0,1272.393798828125,0.0,0,0,0,0,0,0,nan,nan,nan,nan,nan
88,3.519999921321869,0.85479665,0.23881936,0.40000713,-0.19049619,-0.035609297,0.101953596,0.97572976,0.54406416,0.08830356,-0.00016495504,0.057451755,0.006310599,0.11123373,0.5501387,-0.020742776,-0.026909467,0.060866047,-0.04708719,0.09895243,-0.38891503,-0.030651363,0.21426067,2.3733819,-0.4345201,1.4850383,0.06665383,5.065181,-7.4461713,1.7599989,-0.45,9.561664,-13.79493,8.0,8.0,0.0,10.54940128326416,4.214511394500732,0.0,1272.1253662109375,0.0,0,0,0,0,0,0,nan,nan,nan,nan,nan
89,3.5599999204277992,0.8767443,0.24275294,0.4000072,-0.18969405,-0.03599333,0.104021676,0.97565365,0.55017626,0.10258688,-0.00020067308,0.033124365,0.0062480466,0.10500998,0.5590705,-0.011099651,-0.023339601,0.036907293,-0.04026376,0.09581225,-0.38743895,-0.030774318,0.21847007,2.4336295,-0.43218103,1.4996984,0.063641086,5.041034,-7.3684573,1.7799989,-0.45,9.62961,-13.629356,8.0,8.0,0.0,10.531649589538574,4.192214488983154,0.0,1271.9088134765625,0.0,0,0,0,0,0,0,nan,nan,nan,nan,nan
90,3.5999999195337296,0.8989362,0.2472436,0.40000725,-0.18939407,-0.03631969,0.10598461,0.97548854,0.556298,0.11678014,-0.00022048589,0.009075456,0.005936117,0.09919796,0.5680811,-0.0015122583,-0.019704971,0.01320552,-0.033792086,0.09295885,-0.3869657,-0.030718004,0.22246557,2.4946413,-0.43011346,1.5151497,0.05950459,5.1673703,-7.5535216,1.7999989,-0.45,9.654001,-13.193924,8.0,8.0,0.0,10.513340950012207,4.169576168060303,0.0,1271.7740478515625,0.0,0,0,0,0,0,0,nan,nan,nan,nan,nan
91,3.63999991863966,0.9213724,0.25228113,0.40000725,-0.18958554,-0.036599167,0.10785365,0.975236,0.5624394,0.13066941,-0.0002310343,-0.014417735,0.005350596,0.094111316,0.57714295,0.0078108995,-0.016077904,-0.009974439,-0.027869206,0.090649135,-0.38747483,-0.030495394,0.22627309,2.5564625,-0.42835757,1.5317695,0.0543214,5.203655,-7.5524335,1.8199989,-0.45,9.642519,-12.519091,8.0,8.0,0.0,10.49448013305664,4.146599292755127,0.0,1271.7325439453125,0.0,0,0,0,0,0,0,nan,nan,nan,nan,nan
92,3.67999991774559,0.9440534,0.25784847,0.4000072,-0.19024825,-0.03684169,0.1096461,0.97489786,0.5686051,0.14405257,-0.00023823607,-0.036965,0.004490313,0.090006396,0.5862282,0.016667236,-0.012533002,-0.032242667,-0.022672879,0.089073576,-0.38892755,-0.030118367,0.22992963,2.6191335,-0.42693952,1.5498528,0.04824278,5.3174624,-7.725514,1.8399988,-0.45,9.599448,-11.656881,8.0,8.0,0.0,10.475079536437988,4.123286247253418,0.0,1271.7779541015625,0.0,0,0,0,0,0,0,nan,nan,nan,nan,nan
93,3.7199999168515205,0.96698076,0.26392102,0.40000737,-0.19135201,-0.037056822,0.111384474,0.97447664,0.57480186,0.15673268,-0.00023271888,-0.05810665,0.003393729,0.08710315,0.59520507,0.024827475,-0.009075848,-0.053143658,-0.018352248,0.088397,-0.39126518,-0.029599052,0.23348184,2.6826878,-0.42587337,1.5695399,0.041417744,5.477674,-7.9219813,1.8599988,-0.45,9.531685,-10.648487,8.0,8.0,0.0,10.455155372619629,4.099640846252441,0.0,1271.940185546875,0.0,0,0,0,0,0,0,nan,nan,nan,nan,nan
94,3.759999915957451,0.9901563,0.2704676,0.40000737,-0.19285603,-0.037253775,0.11309478,0.9739755,0.5810377,0.16851977,-0.00022012801,-0.07735054,0.0021334528,0.08556358,0.604108,0.032103594,-0.005829273,-0.072179176,-0.015015637,0.088731855,-0.3944078,-0.028950552,0.23698266,2.7471552,-0.42516318,1.5908695,0.03395936,5.6469665,-8.170833,1.8799988,-0.45,9.440561,-9.536477,8.0,8.0,0.0,10.43472957611084,4.075667381286621,0.0,1272.16748046875,0.0,0,0,0,0,0,0,nan,nan,nan,nan,nan
95,3.799999915063381,1.0135822,0.27744976,0.40000743,-0.19470908,-0.03744153,0.11480441,0.9733994,0.5873184,0.17924784,-0.00020550765,-0.09419589,0.0007911847,0.085489534,0.61286396,0.038309198,-0.0028547905,-0.08885028,-0.012750624,0.090137705,-0.39825484,-0.028187934,0.24048749,2.8125608,-0.42480466,1.6137509,0.026053574,5.6153593,-8.177489,1.8999988,-0.45,9.330095,-8.348095,8.0,8.0,0.0,10.413827896118164,4.051370620727539,0.0,1272.395263671875,0.0,0,0,0,0,0,0,nan,nan,nan,nan,nan
96,3.8399999141693115,1.0372607,0.28482357,0.40000746,-0.1968511,-0.037629135,0.1165416,0.9727547,0.5936458,0.1887748,-0.00018551871,-0.10820134,-0.0005605714,0.08691022,0.6214503,0.043288644,-0.00023868866,-0.10271876,-0.011619307,0.09260592,-0.402688,-0.027328555,0.2440532,2.8789263,-0.42478612,1.6380603,0.017876068,6.098241,-8.488106,1.9199988,-0.45,9.201321,-7.108438,8.0,8.0,0.0,10.39248275756836,4.026758193969727,0.0,1272.648681640625,0.0,0,0,0,0,0,0,nan,nan,nan,nan,nan
97,3.879999913275242,1.0611936,0.29254013,0.40000755,-0.19921407,-0.037825648,0.11833336,0.9720495,0.6000171,0.19699375,-0.00016487038,-0.11896812,-0.0018579494,0.08978227,0.6297863,0.04691532,0.0019626748,-0.113381915,-0.011658223,0.09605367,-0.40757266,-0.026392521,0.24773419,2.9462676,-0.4250888,1.6635138,0.009633766,6.2157702,-8.307967,1.9399987,-0.45,9.055864,-5.8510346,8.0,8.0,0.0,10.370726585388184,4.001836776733398,0.0,1272.8992919921875,0.0,0,0,0,0,0,0,nan,nan,nan,nan,nan
98,3.919999912381172,1.0853827,0.30054718,0.4000076,-0.20172448,-0.038040806,0.1202043,0.9712935,0.60641855,0.2038447,-0.00013971595,-0.12614988,-0.0030797082,0.09400141,0.63788104,0.049127206,0.0036554523,-0.12051539,-0.012914518,0.10033879,-0.4127634,-0.025404008,0.25158063,3.014599,-0.42568806,1.6900041,0.0016240515,6.6651936,-8.461798,1.9599987,-0.45,8.899048,-4.5976524,8.0,8.0,0.0,10.348599433898926,3.9766147136688232,0.0,1273.1500244140625,0.0,0,0,0,0,0,0,nan,nan,nan,nan,nan
99,3.9599999114871025,1.1098292,0.3087908,0.4000076,-0.20430589,-0.03828478,0.12217567,0.970498,0.6128383,0.20930222,-0.000120337674,-0.1295561,-0.004211988,0.09938943,0.64566016,0.04988818,0.0047926344,-0.12394765,-0.015381112,0.10526408,-0.41810852,-0.0243906,0.25563654,3.0839305,-0.42655474,1.7171253,-0.005969204,6.6052103,-8.324716,1.9799987,-0.45,8.732981,-3.3757646,8.0,8.0,0.0,10.326139450073242,3.951101064682007,0.0,1273.3348388671875,0.0,0,0,0,0,0,0,nan,nan,nan,nan,nan
100,3.999999910593033,1.1345332,0.31721693,0.40000767,-0.20688014,-0.03856837,0.12426359,0.969676,0.61925477,0.21339568,-0.00010671607,-0.1291027,-0.005281954,0.10572858,0.6531152,0.04922981,0.005317755,-0.1236216,-0.019048462,0.11059269,-0.42345315,-0.023384437,0.2599365,3.1542675,-0.42765418,1.7447346,-0.012888866,6.9389176,-8.297887,1.9999987,-0.45,8.561169,-2.2092566,8.0,8.0,0.0,10.303387641906738,3.9253060817718506,0.0,1273.447265625,0.0,0,0,0,0,0,0,nan,nan,nan,nan,nan
101,4.039999909698963,1.1594936,0.3257739,0.40000767,-0.20937197,-0.038902424,0.12647943,0.96884096,0.6256502,0.2162005,-9.0219466e-05,-0.124861844,-0.006290885,0.11276406,0.6602256,0.047221713,0.005215984,-0.119606465,-0.023829184,0.11607189,-0.42864797,-0.022419907,0.26450628,3.225613,-0.42894828,1.7724673,-0.018936252,6.885979,-8.0799265,2.0199988,-0.45,8.38553,-1.1258287,8.0,8.0,0.0,10.280383110046387,3.8992397785186768,0.0,1273.5513916015625,0.0,0,0,0,0,0,0,nan,nan,nan,nan,nan
102,4.0799999088048935,1.1847095,0.33441386,0.40000767,-0.2117112,-0.039297514,0.12882979,0.9680067,0.63200504,0.21783882,-7.994102e-05,-0.11705166,-0.007262111,0.12023891,0.6670051,0.04399298,0.004464697,-0.11214486,-0.029623047,0.12147446,-0.43355379,-0.021532753,0.26936287,3.297965,-0.4303957,1.8001043,-0.023927014,7.2465243,-7.8194156,2.0399988,-0.45,8.2126255,-0.1447401,8.0,8.0,0.0,10.257163047790527,3.8729119300842285,0.0,1273.5611572265625,0.0,0,0,0,0,0,0,nan,nan,nan,nan,nan
103,4.119999907910824,1.2101783,0.34309483,0.40000755,-0.21383424,-0.039762903,0.13131599,0.96718657,0.63830835,0.21847042,-7.7424695e-05,-0.106056556,-0.0081856195,0.12789941,0.67348236,0.03970451,0.0030729808,-0.10163422,-0.03625906,0.12661603,-0.43804473,-0.02075807,0.27451268,3.371315,-0.43195215,1.8272909,-0.027765403,7.2191796,-7.824636,2.0599988,-0.45,8.045207,0.71074724,8.0,8.0,0.0,10.23376178741455,3.846332311630249,0.0,1273.5439453125,0.0,0,0,0,0,0,0,nan,nan,nan,nan,nan
104,4.159999907016754,1.2358979,0.35178208,0.40000746,-0.21568769,-0.040305953,0.13393603,0.966393,0.6445506,0.21829468,-7.031647e-05,-0.0923445,-0.009022804,0.13553685,0.6796366,0.034534596,0.0011287481,-0.088493094,-0.043525133,0.13134918,-0.44201496,-0.02012743,0.27995527,3.4456499,-0.43357176,1.8539138,-0.030334821,7.133616,-7.865548,2.0799987,-0.45,7.8870254,1.4184847,8.0,8.0,0.0,10.210206031799316,3.8195090293884277,0.0,1273.5518798828125,0.0,0,0,0,0,0,0,nan,nan,nan,nan,nan
105,4.1999999061226845,1.2618657,0.36044952,0.4000075,-0.21722893,-0.0409308,0.13668537,0.96563625,0.65073544,0.21752869,-7.5768265e-05,-0.07652924,-0.009698535,0.14299275,0.68555784,0.028701782,-0.0013440214,-0.073335856,-0.051169626,0.13565344,-0.44538,-0.01966576,0.28568414,3.5209491,-0.4352082,1.879685,-0.031648483,7.148157,-7.7824817,2.0999987,-0.45,7.7457004,1.9677973,8.0,8.0,0.0,10.186519622802734,3.792449712753296,0.0,1273.4874267578125,0.0,0,0,0,0,0,0,nan,nan,nan,nan,nan
106,4.239999905228615,1.2880795,0.36907998,0.40000743,-0.21842705,-0.041637667,0.13955781,0.9649246,0.6568746,0.21640818,-7.685619e-05,-0.05924125,-0.010089036,0.15017702,0.69120276,0.022392094,-0.0041748434,-0.056711547,-0.058904245,0.139559,-0.4480784,-0.01938923,0.29168782,3.5971854,-0.4368156,1.9043292,-0.03171356,6.8847814,-7.352838,2.1199987,-0.45,7.6258044,2.3396902,8.0,8.0,0.0,10.16271686553955,3.765158176422119,0.0,1273.46240234375,0.0,0,0,0,0,0,0,nan,nan,nan,nan,nan
107,4.279999904334545,1.3145375,0.37766588,0.40000743,-0.219263,-0.042422593,0.14254776,0.96426356,0.6629822,0.21517077,-7.782624e-05,-0.041127395,-0.010064851,0.1570926,0.69680905,0.015846658,-0.007372834,-0.039233193,-0.066474885,0.14322591,-0.4500718,-0.019303419,0.29795435,3.6743245,-0.43834916,1.9278264,-0.030571988,7.0900974,-7.622053,2.1399987,-0.45,7.5340424,2.5332541,8.0,8.0,0.0,10.138805389404297,3.737637519836426,0.0,1273.45068359375,0.0,0,0,0,0,0,0,nan,nan,nan,nan,nan
108,4.3199999034404755,1.3412396,0.38620892,0.40000737,-0.21972997,-0.04327724,0.14565259,0.963655,0.6690857,0.21404019,-8.466049e-05,-0.022826008,-0.009456802,0.16381402,0.70232826,0.009224925,-0.010755338,-0.021427302,-0.073607005,0.14686054,-0.4513456,-0.019401396,0.3044754,3.752325,-0.43976882,1.9499031,-0.028355407,7.0828986,-7.3987226,2.1599987,-0.45,7.4756804,2.5453413,8.0,8.0,0.0,10.114786148071289,3.709887981414795,0.0,1273.413330078125,0.0,0,0,0,0,0,0,nan,nan,nan,nan,nan
109,4.359999902546406,1.3681855,0.39471927,0.40000737,-0.2198303,-0.044189375,0.1488728,0.96309847,0.67520636,0.21322598,-8.555479e-05,-0.004831557,-0.008116528,0.17049317,0.7079395,0.002703297,-0.014270976,-0.003737878,-0.08011825,0.150751,-0.45190278,-0.019665204,0.31124687,3.8311424,-0.44103685,1.9706513,-0.025134971,7.1926317,-7.4404926,2.1799986,-0.45,7.4556904,2.3738456,8.0,8.0,0.0,10.090652465820312,3.6819071769714355,0.0,1273.423828125,0.0,0,0,0,0,0,0,nan,nan,nan,nan,nan
110,4.399999901652336,1.3953768,0.40321454,0.40000743,-0.2195747,-0.04514357,0.1522141,0.9625901,0.6813715,0.21289626,-9.128966e-05,0.012385177,-0.0059159696,0.17734644,0.7136132,-0.0036214534,-0.017766936,0.013466176,-0.08586094,0.15520039,-0.45176235,-0.020066125,0.3182736,3.9107287,-0.44212258,1.9899915,-0.021126049,7.181679,-7.3269987,2.1999986,-0.45,7.476698,2.0359478,8.0,8.0,0.0,10.066390037536621,3.653691530227661,0.0,1273.4071044921875,0.0,0,0,0,0,0,0,nan,nan,nan,nan,nan
111,4.4399999007582664,1.422815,0.41171804,0.4000074,-0.2189796,-0.046122238,0.15568644,0.9621239,0.68759614,0.21319689,-9.176163e-05,0.02855606,-0.0027631484,0.18461971,0.7195077,-0.009646006,-0.021213938,0.029970288,-0.090785526,0.16051759,-0.450954,-0.020567758,0.32556754,3.9910371,-0.44300002,2.0080185,-0.016414857,7.1929684,-7.3818073,2.2199986,-0.45,7.5372386,1.5365942,8.0,8.0,0.0,10.041980743408203,3.625235080718994,0.0,1273.42626953125,0.0,0,0,0,0,0,0,nan,nan,nan,nan,nan
112,4.479999899864197,1.450503,0.42025784,0.4000074,-0.2180645,-0.047107607,0.15930565,0.96169144,0.6938875,0.2142264,-9.194138e-05,0.043509766,0.0013470165,0.19256748,0.72561115,-0.015339756,-0.024514832,0.04561334,-0.09494523,0.16698122,-0.44951364,-0.021129727,0.33315247,4.0720215,-0.44364926,2.0248759,-0.011173844,7.1195,-7.406074,2.2399986,-0.45,7.6399446,0.89784396,8.0,8.0,0.0,10.01740550994873,3.5965301990509033,0.0,1273.4503173828125,0.0,0,0,0,0,0,0,nan,nan,nan,nan,nan
113,4.519999898970127,1.4784428,0.42886475,0.40000737,-0.21685022,-0.0480833,0.16309233,0.96128285,0.7002435,0.21604572,-9.195235e-05,0.05718644,0.0063611413,0.20142764,0.73198014,-0.020693403,-0.027648857,0.06038047,-0.098450154,0.17477271,-0.44747978,-0.021711797,0.34106222,4.1536407,-0.44405702,2.0406072,-0.0055744704,7.044349,-7.4122567,2.2599986,-0.45,7.778224,0.13610923,8.0,8.0,0.0,9.992637634277344,3.567570924758911,0.0,1273.4683837890625,0.0,0,0,0,0,0,0,nan,nan,nan,nan,nan
114,4.559999898076057,1.5066366,0.43757144,0.40000734,-0.21535613,-0.04903577,0.1670693,0.96088755,0.7066388,0.21868783,-9.2001246e-05,0.069695584,0.012133513,0.21137963,0.73860645,-0.025725182,-0.03058507,0.07432297,-0.10152242,0.18400186,-0.4448889,-0.022278765,0.34933695,4.235864,-0.44421315,2.0556085,0.0002890461,6.982536,-7.4402647,2.2799985,-0.45,7.9471865,-0.74070376,8.0,8.0,0.0,9.967652320861816,3.538348913192749,0.0,1273.484375,0.0,0,0,0,0,0,0,nan,nan,nan,nan,nan
115,4.599999897181988,1.5350846,0.44641066,0.4000075,-0.21359938,-0.04995547,0.17126107,0.9604943,0.7130445,0.22214907,-8.685943e-05,0.08116442,0.018478448,0.22251092,0.74547523,-0.030485636,-0.03331665,0.08754518,-0.10437037,0.19463521,-0.44177422,-0.022803338,0.35802224,4.318665,-0.44411445,2.0699747,0.0062373932,6.8490567,-7.4213743,2.2999985,-0.45,8.136951,-1.7124422,8.0,8.0,0.0,9.942425727844238,3.5088601112365723,0.0,1273.5721435546875,0.0,0,0,0,0,0,0,nan,nan,nan,nan,nan
116,4.639999896287918,1.5637853,0.45541483,0.4000075,-0.2115934,-0.050837915,0.17569152,0.9600917,0.71940845,0.2264171,-8.761215e-05,0.09181136,0.02513285,0.23480983,0.7525019,-0.0350269,-0.03582325,0.10014801,-0.107265726,0.20654733,-0.43816283,-0.02326989,0.36716524,4.4020305,-0.44375968,2.083993,0.012217244,6.7550945,-7.4376445,2.3199985,-0.45,8.34153,-2.7662587,8.0,8.0,0.0,9.916935920715332,3.4791007041931152,0.0,1273.5889892578125,0.0,0,0,0,0,0,0,nan,nan,nan,nan,nan
117,4.679999895393848,1.5927358,0.46461532,0.4000076,-0.20934865,-0.051683847,0.18038066,0.95966905,0.7256642,0.23147407,-8.2502505e-05,0.1018775,0.0318055,0.24813813,0.75970554,-0.03937523,-0.038167845,0.11227054,-0.110451676,0.2194547,-0.43407813,-0.02367609,0.3768082,4.485956,-0.4431508,2.098038,0.018219003,6.391074,-7.109086,2.3399985,-0.45,8.553342,-3.8859925,8.0,8.0,0.0,9.891160011291504,3.4490702152252197,0.0,1273.65087890625,0.0,0,0,0,0,0,0,nan,nan,nan,nan,nan
118,4.719999894499779,1.6219298,0.47404286,0.40000764,-0.20687237,-0.052498586,0.18534245,0.9592163,0.7317479,0.23728824,-8.32782e-05,0.11152331,0.03821334,0.26219487,0.76699114,-0.043574076,-0.040356167,0.123968415,-0.114073366,0.23294224,-0.42953864,-0.02403285,0.38698378,4.570447,-0.4422919,2.1121583,0.024089826,6.2525263,-6.9811206,2.3599985,-0.45,8.760289,-5.069623,8.0,8.0,0.0,9.865079879760742,3.4187703132629395,0.0,1273.6817626953125,0.0,0,0,0,0,0,0,nan,nan,nan,nan,nan
119,4.759999893605709,1.6513579,0.4837273,0.4000076,-0.20417048,-0.053291563,0.19058251,0.9587245,0.73757744,0.2438547,-7.423287e-05,0.120879576,0.04406337,0.27655873,0.77425903,-0.047634814,-0.04235576,0.13520968,-0.11824082,0.24652739,-0.42456192,-0.024363618,0.39771026,4.6555147,-0.44118857,2.1266792,0.029847197,6.1548157,-6.402305,2.3799984,-0.45,8.957139,-6.3076067,8.0,8.0,0.0,9.838679313659668,3.3882064819335938,0.0,1273.779052734375,0.0,0,0,0,0,0,0,nan,nan,nan,nan,nan
120,4.799999892711639,1.6810086,0.4936988,0.4000076,-0.20124993,-0.054074705,0.19609582,0.9581862,0.7430723,0.25118384,-7.0757866e-05,0.12994605,0.049099587,0.29067135,0.78145903,-0.051514123,-0.04419086,0.14589669,-0.12292443,0.2595936,-0.4191691,-0.024701247,0.40898582,4.7411766,-0.43984842,2.141682,0.0354695,6.094977,-6.385096,2.3999984,-0.45,9.140213,-7.5871325,8.0,8.0,0.0,9.811942100524902,3.357386827468872,0.0,1273.841552734375,0.0,0,0,0,0,0,0,nan,nan,nan,nan,nan
121,4.83999989181757,1.7108662,0.50398844,0.4000076,-0.19812061,-0.05486092,0.20186506,0.95759535,0.7481518,0.25931284,-6.76636e-05,0.13859746,0.053121235,0.30387506,0.7885545,-0.055132657,-0.045854077,0.15576681,-0.12798516,0.2715366,-0.4133879,-0.025084496,0.42078465,4.8274546,-0.43828,2.1573112,0.04093862,6.262383,-6.134567,2.4199984,-0.45,9.303342,-8.906069,8.0,8.0,0.0,9.784855842590332,3.3263237476348877,0.0,1273.9010009765625,0.0,0,0,0,0,0,0,nan,nan,nan,nan,nan
122,4.8799998909235,1.7409134,0.5146293,0.40000772,-0.19479892,-0.055662077,0.20786014,0.9569478,0.7527427,0.2683036,-6.54822e-05,0.14652836,0.055973683,0.31545758,0.79560816,-0.058345508,-0.04741106,0.16449697,-0.13313672,0.28166178,-0.40725893,-0.025552327,0.4330547,4.9143677,-0.43649343,2.1734567,0.046207365,6.2697444,-6.231011,2.4399984,-0.45,9.449924,-10.247177,8.0,8.0,0.0,9.757404327392578,3.2950310707092285,0.0,1273.94140625,0.0,0,0,0,0,0,0,nan,nan,nan,nan,nan
123,4.91999989002943,1.7711293,0.5256582,0.40000775,-0.1913101,-0.05648765,0.21403755,0.95624137,0.7567726,0.27825353,-5.9169466e-05,0.1533369,0.057578146,0.3247106,0.8025167,-0.061009735,-0.048706066,0.17161323,-0.13802028,0.28941715,-0.40083954,-0.026139539,0.44571564,5.0019355,-0.43449992,2.190136,0.051298857,6.231977,-6.020553,2.4599984,-0.45,9.578682,-11.60431,8.0,8.0,0.0,9.729574203491211,3.263526678085327,0.0,1273.98681640625,0.0,0,0,0,0,0,0,nan,nan,nan,nan,nan
124,4.959999889135361,1.8014913,0.5371156,0.4000078,-0.18769059,-0.057343166,0.22034298,0.9554753,0.7601876,0.28926596,-6.607376e-05,0.15846673,0.057915166,0.33102277,0.8094177,-0.0628956,-0.049823347,0.17656359,-0.14219472,0.2943601,-0.3942073,-0.026870586,0.45866323,5.0901713,-0.4323157,2.207218,0.056109183,6.380377,-6.283573,2.4799984,-0.45,9.695524,-12.957019,8.0,8.0,0.0,9.701348304748535,3.2318291664123535,0.0,1273.8856201171875,0.0,0,0,0,0,0,0,nan,nan,nan,nan,nan
125,4.999999888241291,1.8319747,0.5490468,0.4000078,-0.18398926,-0.05822896,0.22671363,0.95465076,0.7629483,0.30146247,-6.951458e-05,0.16131417,0.057070933,0.33393633,0.8163032,-0.06381437,-0.05060489,0.178825,-0.14515814,0.29622015,-0.38746125,-0.027754458,0.47177345,5.1790843,-0.4299582,2.2244172,0.06059954,6.3628473,-6.3533926,2.4999983,-0.45,9.801726,-14.290119,8.0,8.0,0.0,9.67270565032959,3.1999595165252686,0.0,1273.76513671875,0.0,0,0,0,0,0,0,nan,nan,nan,nan,nan
126,5.039999887347221,1.862554,0.56150156,0.4000076,-0.18026838,-0.059140056,0.2330814,0.95377076,0.7650382,0.314942,-8.696894e-05,0.16126823,0.05515054,0.3332442,0.8233168,-0.06354299,-0.05107871,0.17791027,-0.14646716,0.29494557,-0.38072345,-0.02878167,0.4849088,5.268673,-0.4274511,2.241492,0.06460621,6.725422,-6.976768,2.5199983,-0.45,9.907486,-15.578939,8.0,8.0,0.0,9.643625259399414,3.167940616607666,0.0,1273.55322265625,0.0,0,0,0,0,0,0,nan,nan,nan,nan,nan
127,5.079999886453152,1.8932023,0.5745334,0.40000755,-0.17660108,-0.06006677,0.23937929,0.9528387,0.7664624,0.3297904,-0.00010250723,0.15780514,0.05233922,0.32903305,0.83054674,-0.061916083,-0.051153727,0.17340976,-0.1457606,0.29084134,-0.37413314,-0.029923068,0.4979315,5.358933,-0.4248222,2.2580683,0.068057016,6.6358204,-6.655882,2.5399983,-0.45,10.016426,-16.792751,8.0,8.0,0.0,9.614079475402832,3.1357955932617188,0.0,1273.2781982421875,0.0,0,0,0,0,0,0,nan,nan,nan,nan,nan
128,5.119999885559082,1.9238937,0.588198,0.4000072,-0.17306921,-0.060995482,0.24554573,0.9518581,0.7672464,0.34605858,-0.00013225008,0.15062757,0.048897196,0.32173452,0.838082,-0.058805868,-0.05076828,0.16523816,-0.14280263,0.28443158,-0.36784267,-0.031130305,0.5107127,5.449854,-0.4221052,2.2739239,0.07092643,6.67467,-6.7782393,2.5599983,-0.45,10.129037,-17.911797,8.0,8.0,0.0,9.5840425491333,3.1035478115081787,0.0,1272.870849609375,0.0,0,0,0,0,0,0,nan,nan,nan,nan,nan
129,5.159999884665012,1.9546039,0.6025512,0.4000072,-0.16975835,-0.061910097,0.25153133,0.95083183,0.76744723,0.36372745,-0.00016852243,0.1395347,0.045033555,0.31201655,0.8460958,-0.05415398,-0.049988855,0.15339404,-0.13751122,0.27641904,-0.36200833,-0.032338727,0.52314705,5.5414233,-0.41934156,2.2887702,0.07302302,6.78676,-6.36088,2.5799983,-0.45,10.246972,-18.884232,8.0,8.0,0.0,9.553483963012695,3.0712215900421143,0.0,1272.3961181640625,0.0,0,0,0,0,0,0,nan,nan,nan,nan,nan
130,5.199999883770943,1.9853102,0.6176465,0.40000695,-0.16675326,-0.06279469,0.25730217,0.94976085,0.7671235,0.382741,-0.00021046968,0.12460302,0.040927514,0.30073488,0.85457283,-0.048016515,-0.048661597,0.13803923,-0.13003743,0.26773688,-0.35678288,-0.033474185,0.5351606,5.633633,-0.4165779,2.3024871,0.074371174,6.8705235,-6.536095,2.5999982,-0.45,10.369271,-19.674486,8.0,8.0,0.0,9.522375106811523,3.0388400554656982,0.0,1271.8572998046875,0.0,0,0,0,0,0,0,nan,nan,nan,nan,nan
131,5.239999882876873,2.0159929,0.6335328,0.40000683,-0.16413294,-0.06363571,0.26284263,0.9486435,0.76634324,0.40297252,-0.00025095616,0.106116354,0.036662057,0.28882775,0.8636216,-0.040487915,-0.046883155,0.119589046,-0.120688245,0.25915748,-0.3523075,-0.03445975,0.54671746,5.7264814,-0.4138653,2.3152115,0.07490699,7.17173,-6.424038,2.6199982,-0.45,10.492163,-20.25002,8.0,8.0,0.0,9.49068832397461,3.0064258575439453,0.0,1271.3602294921875,0.0,0,0,0,0,0,0,nan,nan,nan,nan,nan
132,5.279999881982803,2.0466352,0.6502516,0.40000683,-0.16196606,-0.06442399,0.26815522,0.94747525,0.7651761,0.4242337,-0.00029324758,0.08456333,0.032231074,0.27722493,0.8732036,-0.031780146,-0.044622425,0.09851022,-0.10996551,0.25149363,-0.34870484,-0.03522348,0.5578204,5.819978,-0.4112583,2.3273826,0.07457657,7.2450094,-6.1270547,2.6399982,-0.45,10.607085,-20.582718,8.0,8.0,0.0,9.458401679992676,2.974001884460449,0.0,1270.85986328125,0.0,0,0,0,0,0,0,nan,nan,nan,nan,nan
133,5.319999881088734,2.077223,0.6678349,0.40000677,-0.16030565,-0.06515579,0.27326056,0.94624805,0.7636974,0.4462742,-0.00032502288,0.060617525,0.02759007,0.2668021,0.8832562,-0.02219007,-0.041878518,0.075419515,-0.09847201,0.24542479,-0.34606954,-0.03570424,0.5685104,5.914143,-0.40881133,2.339596,0.07327512,6.533937,-4.7072535,2.6599982,-0.45,10.705902,-20.670372,8.0,8.0,0.0,9.425494194030762,2.941591262817383,0.0,1270.4600830078125,0.0,0,0,0,0,0,0,nan,nan,nan,nan,nan
134,5.359999880194664,2.1077478,0.6863037,0.4000067,-0.15918638,-0.06583339,0.2781957,0.9449511,0.7619846,0.4687958,-0.00035729338,0.035101898,0.0226729,0.2583553,0.8937355,-0.012052679,-0.03878736,0.051036283,-0.08688786,0.2415112,-0.34446472,-0.03585642,0.57886463,6.0090065,-0.40657574,2.35258,0.07095079,6.6310906,-4.071437,2.6799982,-0.45,10.782198,-20.500359,8.0,8.0,0.0,9.391953468322754,2.909214496612549,0.0,1270.150146484375,0.0,0,0,0,0,0,0,nan,nan,nan,nan,nan
135,5.399999879300594,2.138202,0.705667,0.40000662,-0.15862142,-0.066464365,0.28301033,0.9435713,0.7601209,0.49146593,-0.0003743132,0.0089563355,0.017445335,0.25254738,0.90446794,-0.001808079,-0.035301294,0.026142964,-0.07591477,0.2402219,-0.3439153,-0.03565229,0.58898723,6.104609,-0.40459424,2.366957,0.06755304,5.771819,-2.253076,2.6999981,-0.45,10.832041,-20.091566,8.0,8.0,0.0,9.357776641845703,2.876894235610962,0.0,1270.0152587890625,0.0,0,0,0,0,0,0,nan,nan,nan,nan,nan
136,5.439999878406525,2.168582,0.72592044,0.40000677,-0.15848602,-0.06706933,0.28773427,0.94212145,0.7586411,0.51298076,-0.00040844976,-0.010398668,0.010078926,0.24776499,0.9152116,0.007231838,-0.032064892,0.005797824,-0.07023649,0.23799394,-0.34418675,-0.035178438,0.5989423,6.200787,-0.40291435,2.3838344,0.051941443,5.560791,-1.3422877,2.7199981,-0.45,12.202774,-23.098764,8.0,8.0,0.0,9.322964668273926,2.8446524143218994,0.0,1273.38525390625,0.0,0,0,0,0,0,0,nan,nan,nan,nan,nan
137,5.479999877512455,2.1987724,0.74719733,0.4000067,-0.15909496,-0.06779403,0.29241446,0.9405245,0.7533632,0.5393097,-0.0003272915,-0.051432766,-0.008781435,0.24788347,0.92587274,0.021758048,-0.026463993,-0.038644735,-0.06366865,0.24213552,-0.34597597,-0.0344874,0.6088902,-6.268384,-0.39960322,2.4173288,0.10288743,4.7293987,0.1090022,2.739998,-0.41,11.326761,-14.084809,8.0,8.0,0.0,9.287485122680664,2.8126118183135986,0.0,1270.6304931640625,0.0,0,0,0,0,0,0,nan,nan,nan,nan,nan
138,5.519999876618385,2.2287614,0.76953274,0.40000752,-0.16051562,-0.0684359,0.29714394,0.9387528,0.7486223,0.5655744,-0.00032861513,-0.09257518,-0.013116278,0.25018036,0.9373454,0.035463236,-0.020450406,-0.0746908,-0.04608509,0.25226066,-0.34928608,-0.033102337,0.6189464,-6.170587,-0.39378095,2.427716,0.16584477,1.1373589,5.546428,2.7199981,-0.37,9.990391,-13.077113,8.0,8.0,0.0,9.25131607055664,2.7808053493499756,0.0,1272.177734375,0.0,0,0,0,0,0,0,nan,nan,nan,nan,nan
139,5.559999875724316,2.2586248,0.7928079,0.40000927,-0.16259578,-0.06881607,0.30199674,0.93681633,0.7459057,0.58835447,-0.00027094403,-0.12826288,-0.0072793663,0.25468695,0.9488572,0.044658683,-0.014906555,-0.10010523,-0.024035778,0.2660223,-0.3537018,-0.030734088,0.6291865,-6.0724454,-0.38582042,2.4343615,0.21727797,1.682886,7.339183,2.6999981,-0.33,8.980855,-11.702459,8.0,8.0,0.0,9.214499473571777,2.7491939067840576,0.0,1274.4884033203125,0.0,0,0,0,0,0,0,nan,nan,nan,nan,nan
140,5.599999874830246,2.2884457,0.81685627,0.40001136,-0.165102,-0.068813875,0.30702642,0.93474096,0.7453678,0.6065392,-0.00017593594,-0.15437101,0.006927483,0.26091063,0.9597229,0.048301365,-0.010074988,-0.11258018,-0.0012235707,0.2816118,-0.35868266,-0.027268324,0.6396627,-5.9740996,-0.3760916,2.441058,0.2583171,1.4832963,7.5426483,2.6799982,-0.29000002,8.06034,-9.275288,8.0,8.0,0.0,9.17711353302002,2.7177321910858154,0.0,1276.4910888671875,0.0,0,0,0,0,0,0,nan,nan,nan,nan,nan
141,5.639999873936176,2.3183057,0.8414792,0.40001318,-0.16774692,-0.06836405,0.31225887,0.93256724,0.74690825,0.61941004,-7.193531e-05,-0.16732763,0.027858196,0.26799896,0.96923095,0.0459154,-0.0062152743,-0.11018005,0.01917833,0.29681647,-0.3636171,-0.022749173,0.65039045,-5.875612,-0.36487344,2.448577,0.29151535,2.2180367,8.216289,2.6599982,-0.25000003,7.159326,-6.100281,8.0,8.0,0.0,9.139259338378906,2.686375379562378,0.0,1277.8330078125,0.0,0,0,0,0,0,0,nan,nan,nan,nan,nan
142,5.679999873042107,2.3482776,0.8664555,0.4000147,-0.17021072,-0.06745801,0.3176921,0.9303491,0.7502701,0.626556,1.8285795e-05,-0.16447027,0.0536313,0.27501962,0.9767551,0.03749144,-0.0037081987,-0.09203919,0.034263816,0.30965617,-0.3678679,-0.01737068,0.661354,-5.7769837,-0.3523789,2.4572496,0.3193002,2.1644878,8.078045,2.6399982,-0.21000004,6.2569103,-2.43087,8.0,8.0,0.0,9.101067543029785,2.655083179473877,0.0,1278.326171875,0.0,0,0,0,0,0,0,nan,nan,nan,nan,nan
143,5.719999872148037,2.3784242,0.89155436,0.40001535,-0.1721624,-0.06613842,0.32330075,0.92814994,0.7551213,0.62789863,7.823487e-05,-0.14441577,0.08234398,0.28116164,0.9817687,0.023396293,-0.0028443336,-0.05845043,0.041750804,0.3186379,-0.37081376,-0.011452516,0.67251724,-5.6781673,-0.33876595,2.4669473,0.3437094,2.3408442,7.4414005,2.6199982,-0.17000005,5.3475857,1.4931068,8.0,8.0,0.0,9.062676429748535,2.6238179206848145,0.0,1277.892333984375,0.0,0,0,0,0,0,0,nan,nan,nan,nan,nan
144,5.759999871253967,2.408794,0.9165501,0.4000153,-0.17328314,-0.06448772,0.3290446,0.92603666,0.76110905,0.62370664,9.8085075e-05,-0.10729252,0.11223179,0.28593785,0.9840275,0.0043450743,-0.003953077,-0.010720078,0.040274568,0.322696,-0.37189016,-0.0054002367,0.6838387,-5.579095,-0.32413974,2.4769137,0.36656827,2.1892078,7.311042,2.5999982,-0.13000005,4.4492254,5.5321045,8.0,8.0,0.0,9.024236679077148,2.5925493240356445,0.0,1276.7547607421875,0.0,0,0,0,0,0,0,nan,nan,nan,nan,nan
145,5.799999870359898,2.439423,0.9412354,0.40001446,-0.17328613,-0.06261218,0.33487874,0.9240713,0.76793456,0.6145248,7.546116e-05,-0.054702017,0.14185624,0.28931764,0.9833708,-0.01884208,-0.0069386214,0.048763238,0.029397385,0.32184744,-0.370619,0.0003434345,0.69528383,-5.4796953,-0.3085469,2.4861665,0.38925427,1.4863124,7.6592703,2.5799983,-0.090000056,3.5802388,9.580742,8.0,8.0,0.0,8.98588752746582,2.561251163482666,0.0,1275.12353515625,0.0,0,0,0,0,0,0,nan,nan,nan,nan,nan
146,5.839999869465828,2.470338,0.96543294,0.40001303,-0.17193134,-0.06062208,0.3407654,0.9223033,0.7754019,0.6010964,2.138818e-05,0.010511957,0.17033938,0.29175708,0.97996855,-0.04529219,-0.011709213,0.11704768,0.009734336,0.31695396,-0.3666249,0.0053526345,0.70683867,-5.379919,-0.29197124,2.493896,0.41269204,1.3839451,6.8667626,2.5599983,-0.050000057,2.7553034,13.555214,8.0,8.0,0.0,8.94775390625,2.529898166656494,0.0,1273.4569091796875,0.0,0,0,0,0,0,0,nan,nan,nan,nan,nan
147,5.879999868571758,2.5015585,0.9890021,0.40001124,-0.16903456,-0.058609452,0.34668413,0.9207618,0.7834443,0.5843098,-5.2672716e-05,0.08475751,0.19778304,0.29413006,0.974356,-0.074166924,-0.01829186,0.19125882,-0.01700586,0.30975622,-0.35963672,0.0092726415,0.7185175,-5.279753,-0.27433887,2.499401,0.4375371,1.2194921,6.758051,2.5399983,-0.0100000575,1.9831145,17.313812,8.0,8.0,0.0,8.909934997558594,2.4984657764434814,0.0,1272.0604248046875,0.0,0,0,0,0,0,0,nan,nan,nan,nan,nan
148,5.919999867677689,2.5331042,1.0118418,0.40000933,-0.16446498,-0.05662549,0.35264224,0.9194499,0.7921287,0.56513584,-0.00013870308,0.16446708,0.22566222,0.29763782,0.9670218,-0.104872584,-0.02611161,0.26952618,-0.048158765,0.30263555,-0.34946564,0.011866267,0.73037165,-5.179238,-0.25553757,2.5018668,0.46429312,1.997695,6.774287,2.5199983,0.029999942,1.28788,20.597458,8.0,8.0,0.0,8.872502326965332,2.466895818710327,0.0,1271.12255859375,0.0,0,0,0,0,0,0,nan,nan,nan,nan,nan
149,5.959999866783619,2.5650032,1.0338864,0.40000787,-0.15813607,-0.05466543,0.35867974,0.91834277,0.80166763,0.54449046,-0.0002307471,0.24677144,0.2565307,0.3036936,0.9587106,-0.13703251,-0.03482925,0.35127574,-0.08072332,0.29836667,-0.33597416,0.0130375745,0.74249536,-5.078488,-0.23546542,2.4991045,0.492885,1.7885803,6.8176527,2.4999983,0.06999994,0.75502396,23.096802,8.0,8.0,0.0,8.835492134094238,2.4349968433380127,0.0,1270.5577392578125,0.0,0,0,0,0,0,0,nan,nan,nan,nan,nan
150,5.999999865889549,2.5972962,1.0551,0.4000065,-0.14998595,-0.052670576,0.36487064,0.9173872,0.81234807,0.523096,-0.00032618476,0.32977477,0.29280904,0.31377462,0.95001644,-0.17060784,-0.043915674,0.4367674,-0.112295784,0.29927698,-0.31903672,0.012812674,0.75503105,-4.977681,-0.21405609,2.4886904,0.5227505,2.1306639,6.0840178,2.4799984,0.10999994,0.52161574,24.70929,8.0,8.0,0.0,8.798912048339844,2.4027037620544434,0.0,1270.2021484375,0.0,0,0,0,0,0,0,nan,nan,nan,nan,nan
151,6.03999986499548,2.6300333,1.0754669,0.4000058,-0.13996136,-0.050544754,0.37131298,0.91650563,0.82446235,0.50140846,-0.0004089705,0.41238433,0.33590165,0.3291692,0.941277,-0.20585793,-0.052660923,0.5262309,-0.14152585,0.30706337,-0.29851934,0.011290075,0.768161,-4.877028,-0.1912727,2.4703505,0.5529493,2.2269454,5.811535,2.4599984,0.14999995,0.6952262,25.492088,8.0,8.0,0.0,8.762744903564453,2.369966745376587,0.0,1270.0206298828125,0.0,0,0,0,0,0,0,nan,nan,nan,nan,nan
152,6.07999986410141,2.6632724,1.0949892,0.40000522,-0.12800843,-0.048166737,0.3781157,0.91559935,0.8381666,0.47975573,-0.0004578177,0.4941357,0.38662645,0.35065725,0.9327294,-0.24303521,-0.06056715,0.6200093,-0.16761315,0.32264337,-0.27426976,0.008601235,0.7820884,-4.776728,-0.16707112,2.448375,0.58341074,1.9228857,5.974904,2.4399984,0.18999994,1.2481427,25.525566,8.0,8.0,0.0,8.726960182189941,2.3367276191711426,0.0,1270.011962890625,0.0,0,0,0,0,0,0,nan,nan,nan,nan,nan
153,6.11999986320734,2.6970778,1.1136831,0.40000498,-0.11407516,-0.045387927,0.38538307,0.9145527,0.8535404,0.45842242,-0.00046224362,0.5746028,0.4459431,0.37826446,0.9243811,-0.2823936,-0.066738494,0.7186662,-0.1893768,0.34608057,-0.24611916,0.0049059885,0.7970106,-4.676969,-0.14140366,2.428179,0.6142448,2.0856028,6.174133,2.4199984,0.22999993,2.088933,24.744568,8.0,8.0,0.0,8.691510200500488,2.302922248840332,0.0,1270.1502685546875,0.0,0,0,0,0,0,0,nan,nan,nan,nan,nan
154,6.159999862313271,2.7315161,1.1315756,0.40000513,-0.09811857,-0.042029623,0.39319855,0.9132366,0.87060523,0.43767518,-0.00041867822,0.6530419,0.51451236,0.41118836,0.91626734,-0.3240541,-0.0704656,0.8223895,-0.20537584,0.3765189,-0.21389009,0.00039418042,0.8130904,-4.577935,-0.11423047,2.4149284,0.6453404,2.331765,6.223769,2.3999984,0.26999992,3.2092607,23.149017,8.0,8.0,0.0,8.65633773803711,2.268483877182007,0.0,1270.43212890625,0.0,0,0,0,0,0,0,nan,nan,nan,nan,nan
155,6.199999861419201,2.7666407,1.1487033,0.40000576,-0.08008813,-0.037963334,0.401604,0.91151464,0.88893735,0.41781658,-0.00032466472,0.7294906,0.5896962,0.44812182,0.9080677,-0.36767864,-0.070766784,0.9295774,-0.21683349,0.41182715,-0.17742702,-0.004880865,0.83043593,-4.479477,-0.08542072,2.4203637,0.6801262,2.781126,6.2088947,2.4199984,0.3099999,3.9807904,21.934021,8.0,8.0,0.0,8.621386528015137,2.2333593368530273,0.0,1271.42529296875,0.0,0,0,0,0,0,0,nan,nan,nan,nan,nan
156,6.239999860525131,2.8025167,1.16512,0.40000665,-0.06000185,-0.032981332,0.4105918,0.9092449,0.90848607,0.39958757,-0.00023769836,0.80191195,0.6753361,0.48655555,0.9001296,-0.41271764,-0.06672018,1.0419059,-0.21907979,0.44981658,-0.13662899,-0.010703883,0.8490573,-4.381746,-0.054965585,2.4372761,0.7171709,2.848859,6.1021795,2.4399984,0.3499999,4.7398367,19.060272,8.0,8.0,0.0,8.586583137512207,2.1974833011627197,0.0,1272.229248046875,0.0,0,0,0,0,0,0,nan,nan,nan,nan,nan
157,6.2799998596310616,2.8392012,1.1809032,0.40000823,-0.037917115,-0.026837736,0.42008817,0.90629345,0.9291299,0.3835444,-0.00017982403,0.8666752,0.77069426,0.5232961,0.8926818,-0.4585055,-0.057256516,1.1567227,-0.20947073,0.4869544,-0.09141664,-0.016789457,0.8688536,-4.28486,-0.022916412,2.463534,0.7541784,3.5464177,5.8653836,2.4599984,0.3899999,5.6147647,15.457947,8.0,8.0,0.0,8.551837921142578,2.1607987880706787,0.0,1273.4361572265625,0.0,0,0,0,0,0,0,nan,nan,nan,nan,nan
158,6.319999858736992,2.8767278,1.1961633,0.40001008,-0.013966918,-0.019288294,0.42994162,0.9025426,0.95017517,0.3705633,-0.00015709925,0.920321,0.87363726,0.5548401,0.88597214,-0.50347286,-0.041456923,1.2705344,-0.18662296,0.51858914,-0.04182022,-0.022809073,0.8896035,-4.1889014,0.010693399,2.499914,0.79167783,2.8621273,5.64994,2.4799984,0.4299999,6.6784906,11.174576,8.0,8.0,0.0,8.517047882080078,2.123272180557251,0.0,1275.091064453125,0.0,0,0,0,0,0,0,nan,nan,nan,nan,nan
159,6.359999857842922,2.9152286,1.2109532,0.40001237,0.011573202,-0.010104125,0.4399068,0.897912,0.97238547,0.3608562,-0.00026130697,0.9635095,0.9912813,0.57904196,0.88082165,-0.5473152,-0.018712692,1.3896794,-0.14715311,0.5417247,0.011898743,-0.028331282,0.91093683,-4.0941505,0.044179887,2.5357928,0.8041145,2.7391758,5.4892006,2.4999983,0.45,7.200632,2.5600662,8.0,8.0,0.0,8.482101440429688,2.0847713947296143,0.0,1277.0914306640625,0.0,0,0,0,0,0,0,nan,nan,nan,nan,nan
160,6.3999998569488525,2.9547608,1.2254062,0.40001708,0.038460467,0.0009581555,0.44969112,0.8923551,0.99506086,0.35529688,-0.00042969597,0.9902749,1.1162046,0.59225523,0.87777376,-0.588013,0.011605689,1.5051491,-0.092067435,0.5508058,0.069596305,-0.032886557,0.9324401,-4.0005894,0.075997815,2.5661151,0.78408426,4.028856,5.3108926,2.5199983,0.45,7.5527763,-6.515274,8.0,8.0,0.0,8.446866989135742,2.045239210128784,0.0,1281.91259765625,0.0,0,0,0,0,0,0,nan,nan,nan,nan,nan
161,6.439999856054783,2.995135,1.2398224,0.400025,0.06636732,0.014026254,0.45897436,0.88585615,1.0135844,0.35663545,-0.00048084953,0.99135196,1.229822,0.590717,0.87679696,-0.6191552,0.049102608,1.5969447,-0.026382018,0.54155064,0.13091779,-0.036079135,0.9537016,-3.9078662,0.10657725,2.5974433,0.76491374,2.965317,5.703866,2.5399983,0.45,8.277034,-12.578407,8.0,8.0,0.0,8.411223411560059,2.0048649311065674,0.0,1287.451416015625,0.0,0,0,0,0,0,0,nan,nan,nan,nan,nan
162,6.479999855160713,3.0360887,1.2545246,0.4000326,0.09464782,0.029014971,0.46740326,0.8784839,1.0243146,0.36663517,-0.00052805507,0.96502715,1.3279601,0.5746369,0.8781195,-0.63578254,0.09133446,1.6611266,0.047890715,0.5131208,0.194782,-0.03750782,0.9742607,-3.8158462,0.13626544,2.620769,0.75937265,2.5824847,5.5961366,2.5599983,0.45,8.64852,-20.111443,8.0,8.0,0.0,8.375073432922363,1.9639112949371338,0.0,1290.4083251953125,0.0,0,0,0,0,0,0,nan,nan,nan,nan,nan
163,6.5199998542666435,3.0772774,1.2698395,0.4000386,0.122563474,0.045720976,0.47466916,0.8703889,1.0252402,0.38543543,-0.0006006906,0.9101305,1.405689,0.5454879,0.8817422,-0.63564205,0.134818,1.6934972,0.12823892,0.46616244,0.2598485,-0.036772434,0.99373156,-3.7244272,0.16518494,2.6215596,0.76431966,3.2240882,5.6264553,2.5799983,0.45,8.157697,-28.819206,8.0,8.0,0.0,8.338360786437988,1.922722578048706,0.0,1290.5977783203125,0.0,0,0,0,0,0,0,nan,nan,nan,nan,nan
164,6.559999853372574,3.1182747,1.2860767,0.40004233,0.1493888,0.06382307,0.48055583,0.86178637,1.0147877,0.41220307,-0.00070146634,0.8290674,1.4570645,0.5059562,0.88707817,-0.61797154,0.17582518,1.6910019,0.20947996,0.40366173,0.3246778,-0.033581935,1.0118604,-3.6334555,0.19341914,2.5971246,0.7764334,2.7065263,4.440503,2.5999982,0.45,6.547021,-37.84172,8.0,8.0,0.0,8.301084518432617,1.8817253112792969,0.0,1288.080078125,0.0,0,0,0,0,0,0,nan,nan,nan,nan,nan
165,6.599999852478504,3.158608,1.3035004,0.40004307,0.17442362,0.08292774,0.4849681,0.8529391,0.99229014,0.4451407,-0.0008989272,0.7271109,1.4770228,0.4597721,0.8929961,-0.5838859,0.21077211,1.6524634,0.28564453,0.33058545,0.38777044,-0.027718697,1.0285561,-3.5429697,0.22090866,2.5579524,0.78840977,2.0654657,5.5418468,2.5799983,0.45,4.941827,-47.37581,8.0,8.0,0.0,8.263303756713867,1.8413920402526855,0.0,1283.4078369140625,0.0,0,0,0,0,0,0,nan,nan,nan,nan,nan
166,6.6399998515844345,3.1977386,1.3222995,0.40004158,0.19723748,0.10243044,0.48794505,0.844106,0.95750356,0.48151976,-0.0011925468,0.61569124,1.4533365,0.40795305,0.8975601,-0.5358074,0.23661624,1.5734956,0.3425313,0.2539981,0.44784313,-0.019559037,1.0438093,-3.4522803,0.24794155,2.5355675,0.79592615,3.4569213,5.010471,2.5999982,0.45,3.102132,-55.05993,8.0,8.0,0.0,8.225168228149414,1.8022613525390625,0.0,1276.6912841796875,0.0,0,0,0,0,0,0,nan,nan,nan,nan,nan
167,6.679999850690365,3.2351716,1.3425822,0.40003607,0.21742862,0.12170706,0.48963702,0.83556426,0.91130704,0.5195374,-0.0016583476,0.5026418,1.3891699,0.3549372,0.89991176,-0.476955,0.25102177,1.4603549,0.37833333,0.18098703,0.5035725,-0.009534205,1.0576643,-3.361068,0.27451462,2.5214517,0.79491335,2.3570662,5.0520926,2.5799983,0.45,2.2450364,-63.558594,8.0,8.0,0.0,8.186867713928223,1.7648284435272217,0.0,1269.584228515625,0.0,0,0,0,0,0,0,nan,nan,nan,nan,nan
168,6.719999849796295,3.2704256,1.3643664,0.40002832,0.23489416,0.13996188,0.49030355,0.8275493,0.85558575,0.55660397,-0.0020154803,0.396934,1.269189,0.3012609,0.8989795,-0.4115474,0.25353843,1.3035882,0.38139644,0.12045294,0.55391526,0.001311839,1.0701113,-3.2682076,0.3008382,2.522263,0.7746266,3.0353503,5.211159,2.5999982,0.45,2.713747,-68.8224,8.0,8.0,0.0,8.148650169372559,1.72957444190979,0.0,1261.1744384765625,0.0,0,0,0,0,0,0,nan,nan,nan,nan,nan
169,6.7599998489022255,3.3030918,1.3876063,0.40001816,0.24956354,0.1563397,0.49029565,0.8202962,0.7911804,0.5919053,-0.002136706,0.3063727,1.1005353,0.2506283,0.89440835,-0.34229574,0.24310033,1.1123048,0.35286123,0.07890561,0.5977408,0.0117701925,1.0810877,-3.172599,0.32707095,2.5397267,0.74537,2.6265273,4.9480042,2.6199982,0.45,3.2467616,-73.09294,8.0,8.0,0.0,8.110776901245117,1.6969082355499268,0.0,1252.973876953125,0.0,0,0,0,0,0,0,nan,nan,nan,nan,nan
170,6.799999848008156,3.3328652,1.4122131,0.40000734,0.26143038,0.17011045,0.49001977,0.81400067,0.72042114,0.6243947,-0.0020811148,0.23137322,0.89130306,0.20627885,0.8864614,-0.27267596,0.22079785,0.89291745,0.2996215,0.058765545,0.63409823,0.020729417,1.0905639,-3.0733647,0.353172,2.5837128,0.7050664,2.8575373,5.4545937,2.6399982,0.45,2.8794885,-75.69893,8.0,8.0,0.0,8.073479652404785,1.6671347618103027,0.0,1246.2913818359375,0.0,0,0,0,0,0,0,nan,nan,nan,nan,nan
171,6.839999847114086,3.359551,1.4380907,0.39999843,0.2704623,0.18092166,0.48987365,0.80879,0.645617,0.65436494,-0.0021512676,0.16486904,0.6670838,0.17448491,0.87609845,-0.20517285,0.18801501,0.6640023,0.24207437,0.055865496,0.66237,0.027674094,1.0986977,-2.9705834,0.3790471,2.6298654,0.66229075,2.3625667,4.7687883,2.6199982,0.45,0.33278465,-77.68197,8.0,8.0,0.0,8.036941528320312,1.640449047088623,0.0,1243.933349609375,0.0,0,0,0,0,0,0,nan,nan,nan,nan,nan
172,6.8799998462200165,3.3830767,1.4651175,0.39999643,0.27675378,0.18868475,0.49021596,0.8046699,0.5680365,0.6824802,-0.00056284096,0.11510176,0.45264217,0.15839581,0.8643334,-0.13922581,0.14852671,0.4508718,0.18684006,0.07122617,0.6824716,0.032325264,1.105814,-2.864929,0.40438905,2.6481395,0.6326672,1.8819885,5.322851,2.5999982,0.45,-1.5071774,-79.50614,8.0,8.0,0.0,8.001291275024414,1.6169233322143555,0.0,1244.8724365234375,0.0,0,0,0,0,0,0,nan,nan,nan,nan,nan
173,6.919999845325947,3.4034722,1.4930718,0.40000212,0.28077492,0.1935036,0.49097383,0.8016648,0.4901646,0.70598036,-0.0025021792,0.09063508,0.28219867,0.13218029,0.8496928,-0.07988081,0.10163538,0.28839925,0.12477805,0.08113927,0.69523704,0.034550656,1.1115568,-2.7576492,0.4285897,2.6374574,0.61254495,2.065289,5.3557525,2.5799983,0.45,-3.0554771,-83.580734,8.0,8.0,0.0,7.9666924476623535,1.5965278148651123,0.0,1230.8575439453125,0.0,0,0,0,0,0,0,nan,nan,nan,nan,nan
174,6.959999844431877,3.4209669,1.5217389,0.4000069,0.2827426,0.19545612,0.49234477,0.7996562,0.41585842,0.7253887,-0.00259261,0.07502694,0.11838419,0.116302915,0.8339104,-0.02542986,0.05537781,0.13525915,0.066261664,0.10243549,0.70106816,0.034188375,1.1162624,-2.6486804,0.44992787,2.6469147,0.5721972,0.4103404,6.0936522,2.5599983,0.45,-5.288147,-79.025665,8.0,8.0,0.0,7.9331841468811035,1.5790331363677979,0.0,1241.1466064453125,0.0,0,0,0,0,0,0,nan,nan,nan,nan,nan
175,6.9999998435378075,3.4357693,1.5509921,0.40000993,0.28286713,0.1948459,0.49444756,0.7984628,0.3480972,0.740468,-0.002684355,0.062271163,-0.03736055,0.10806063,0.81783026,0.021694794,0.011809722,-0.0099240765,0.014211922,0.1290269,0.7006549,0.031433634,1.1203933,-2.538785,0.4680578,2.642312,0.50839335,0.30828124,6.5987945,2.5399983,0.45,-6.6093135,-73.45813,8.0,8.0,0.0,7.900753498077393,1.5642306804656982,0.0,1247.0069580078125,0.0,0,0,0,0,0,0,nan,nan,nan,nan,nan
176,7.039999842643738,3.4481206,1.580734,0.4000147,0.281372,0.19202709,0.49728042,0.79791445,0.28829187,0.75227,-0.0026077642,0.050500855,-0.17591748,0.10512244,0.8027923,0.06180427,-0.02709587,-0.13961354,-0.02840066,0.15571976,0.69479865,0.026603946,1.1242775,-2.4288225,0.48310167,2.6142178,0.43276754,0.3285423,6.51545,2.5199983,0.45,-7.1314383,-68.536354,8.0,8.0,0.0,7.869344234466553,1.5518794059753418,0.0,1256.7978515625,0.0,0,0,0,0,0,0,nan,nan,nan,nan,nan
177,7.079999841749668,3.4583168,1.6108931,0.40002012,0.27849147,0.18740708,0.5007329,0.7978643,0.237357,0.76190305,-0.0022798006,0.03691029,-0.29200044,0.10501444,0.78998905,0.09530938,-0.060231745,-0.2500792,-0.059522625,0.17768973,0.68439835,0.020152532,1.1281002,-2.3195632,0.49527153,2.5706947,0.3527222,0.17634678,7.055189,2.4999983,0.45,-7.1681547,-63.60925,8.0,8.0,0.0,7.838850021362305,1.5416831970214844,0.0,1266.826416015625,0.0,0,0,0,0,0,0,nan,nan,nan,nan,nan
178,7.1199998408555984,3.4666977,1.641432,0.4000243,0.27442306,0.18144427,0.5046211,0.7982026,0.19549465,0.77050614,-0.0018116683,0.018186592,-0.38334233,0.10501508,0.780488,0.12288476,-0.08715908,-0.34058598,-0.07797158,0.19034469,0.67035186,0.012699588,1.131939,-2.2116897,0.5048049,2.523171,0.27472723,-0.13804317,6.9460216,2.4799984,0.45,-6.8029594,-57.96956,8.0,8.0,0.0,7.80911111831665,1.5333023071289062,0.0,1274.591064453125,0.0,0,0,0,0,0,0,nan,nan,nan,nan,nan
179,7.159999839961529,3.473618,1.6723491,0.4000263,0.26930317,0.1746208,0.5087256,0.79886264,0.16237347,0.7791113,-0.0013112604,-0.008415638,-0.44967598,0.10275662,0.7749619,0.14532024,-0.10807869,-0.4118281,-0.083163895,0.19056427,0.65347385,0.004993281,1.1357892,-2.10579,0.5119336,2.4793139,0.20280416,-0.3515699,7.442527,2.4599984,0.45,-5.9940376,-51.667156,8.0,8.0,0.0,7.7799296379089355,1.5263819694519043,0.0,1279.592529296875,0.0,0,0,0,0,0,0,nan,nan,nan,nan,nan
180,7.199999839067459,3.479422,1.7036676,0.4000264,0.26321086,0.16739747,0.5128192,0.79982156,0.13734885,0.7883897,-0.000846754,-0.04439727,-0.4932508,0.09647321,0.7736159,0.16341087,-0.12342195,-0.46642268,-0.07577029,0.17685369,0.63444936,-0.0021829323,1.1395645,-2.0023236,0.51684743,2.4424539,0.13802892,0.42588365,7.4198613,2.4399984,0.45,-4.7450686,-44.802322,8.0,8.0,0.0,7.751091957092285,1.5205779075622559,0.0,1282.1470947265625,0.0,0,0,0,0,0,0,nan,nan,nan,nan,nan
181,7.239999838173389,3.4844246,1.7354214,0.40002495,0.2561867,0.16017015,0.516688,0.80109143,0.1195464,0.7986117,-0.00047062087,-0.089579515,-0.5180848,0.08521909,0.776242,0.17796016,-0.13365182,-0.50786644,-0.057568498,0.14985585,0.6138182,-0.008115411,1.1431044,-1.901606,0.5197038,2.4095318,0.08015098,0.49858248,8.120271,2.4199984,0.45,-3.1594431,-37.529907,8.0,8.0,0.0,7.722393989562988,1.5155754089355469,0.0,1282.7760009765625,0.0,0,0,0,0,0,0,nan,nan,nan,nan,nan
182,7.27999983727932,3.4888961,1.7676381,0.40002295,0.24826157,0.1532282,0.5201482,0.8027036,0.10790694,0.80959094,-0.00020631964,-0.14144614,-0.5291755,0.06855928,0.7820799,0.1896978,-0.13940275,-0.5395896,-0.032007247,0.1120858,0.5919806,-0.012272279,1.1461868,-1.8037816,0.52065855,2.3764825,0.028830616,0.80363965,7.6288276,2.3999984,0.45,-1.3836098,-30.022219,8.0,8.0,0.0,7.69365930557251,1.511103868484497,0.0,1282.2132568359375,0.0,0,0,0,0,0,0,nan,nan,nan,nan,nan
183,7.31999983638525,3.4930594,1.800322,0.4000207,0.23948815,0.14673366,0.5230577,0.8046895,0.10138257,0.8207208,-4.1467043e-05,-0.19559029,-0.5315092,0.046627704,0.79010886,0.19925733,-0.1410325,-0.5642672,-0.0036881268,0.06732189,0.5692296,-0.014382664,1.1485592,-1.708802,0.51987714,2.3404834,-0.01667402,-0.08436048,8.236987,2.3799984,0.45,0.3821349,-22.558495,8.0,8.0,0.0,7.664758682250977,1.5069406032562256,0.0,1281.26513671875,0.0,0,0,0,0,0,0,nan,nan,nan,nan,nan
184,7.35999983549118,3.4970884,1.8334461,0.40001887,0.22996505,0.1407232,0.5253206,0.8070633,0.09898365,0.83111453,3.736748e-05,-0.246452,-0.52924305,0.020031733,0.79896224,0.20699628,-0.13917527,-0.58340627,0.022250589,0.019772634,0.54579365,-0.014466209,1.1499717,-1.6164318,0.51754844,2.3030648,-0.056758918,0.08972326,7.872521,2.3599985,0.45,1.9581723,-15.350063,8.0,8.0,0.0,7.635613918304443,1.5029115676879883,0.0,1280.3717041015625,0.0,0,0,0,0,0,0,nan,nan,nan,nan,nan
185,7.399999834597111,3.5011215,1.8669456,0.40001762,0.21984407,0.13513258,0.5268902,0.8098113,0.09997083,0.8397714,6.902359e-05,-0.2887907,-0.52539843,-0.0099317115,0.80734485,0.21299869,-0.1343182,-0.5976022,0.041435637,-0.026466131,0.5218738,-0.012803949,1.1502215,-1.5262827,0.51386476,2.2682664,-0.09227518,0.07541829,8.160769,2.3399985,0.45,3.1982374,-8.550513,8.0,8.0,0.0,7.606198787689209,1.4988784790039062,0.0,1279.6278076171875,0.0,0,0,0,0,0,0,nan,nan,nan,nan,nan
186,7.439999833703041,3.5052724,1.9007219,0.40001675,0.20932335,0.12983556,0.5277678,0.81288844,0.10382093,0.8458176,6.269611e-05,-0.31870025,-0.52151966,-0.041336693,0.81421036,0.21710902,-0.12698832,-0.6066585,0.051104207,-0.06802144,0.49767327,-0.009864744,1.1491888,-1.4378844,0.5090228,2.2394438,-0.12371704,0.45687053,7.8669205,2.3199985,0.45,4.0219045,-2.2208023,8.0,8.0,0.0,7.576527118682861,1.494727611541748,0.0,1278.8719482421875,0.0,0,0,0,0,0,0,nan,nan,nan,nan,nan
187,7.479999832808971,3.5096378,1.934651,0.4000162,0.19863296,0.124684416,0.5279972,0.8162216,0.11022406,0.84861743,4.215902e-05,-0.3340336,-0.51777303,-0.07195699,0.81882346,0.2189723,-0.11783379,-0.60976034,0.0503464,-0.102328144,0.47341898,-0.0062151058,1.1468579,-1.350753,0.50321394,2.2187808,-0.15138757,0.5869172,8.0086,2.2999985,0.45,4.4054995,3.615902,8.0,8.0,0.0,7.546642303466797,1.4903621673583984,0.0,1278.0423583984375,0.0,0,0,0,0,0,0,nan,nan,nan,nan,nan
188,7.519999831914902,3.514313,1.9685924,0.4000159,0.1880173,0.11954601,0.5276589,0.819716,0.119109474,0.8478198,1.4052639e-05,-0.33454806,-0.5133897,-0.099455,0.82090354,0.21809256,-0.10739376,-0.60611385,0.039957862,-0.12801187,0.4493741,-0.0024304413,1.1433251,-1.2644415,0.49661356,2.205812,-0.17584509,0.73658335,7.806239,2.2799985,0.45,4.382435,8.970189,8.0,8.0,0.0,7.516599655151367,1.485687017440796,0.0,1276.936279296875,0.0,0,0,0,0,0,0,nan,nan,nan,nan,nan
189,7.559999831020832,3.519391,2.0024014,0.40001547,0.17771797,0.11432746,0.52685887,0.823265,0.13048251,0.8433854,-3.0933006e-05,-0.32139763,-0.5067377,-0.121844545,0.82052606,0.21399003,-0.09623726,-0.5946243,0.022012506,-0.14439756,0.42584124,0.0009790213,1.1387851,-1.1785839,0.48938537,2.199154,-0.19707139,0.6308295,7.9826035,2.2599986,0.45,4.020294,13.826511,8.0,8.0,0.0,7.486457824707031,1.4806089401245117,0.0,1275.4881591796875,0.0,0,0,0,0,0,0,nan,nan,nan,nan,nan
190,7.599999830126762,3.5249727,2.035939,0.4000151,0.16796239,0.10899373,0.52571946,0.8267575,0.14440061,0.83553565,-8.411973e-05,-0.29668507,-0.4956011,-0.13760492,0.8180634,0.20626986,-0.084845155,-0.5741079,-0.00063487515,-0.15159594,0.40316457,0.0036205729,1.1335112,-1.0929056,0.481679,2.1969974,-0.21477202,0.6528553,7.950893,2.2399986,0.45,3.418336,18.157293,8.0,8.0,0.0,7.456264972686768,1.475027322769165,0.0,1273.765625,0.0,0,0,0,0,0,0,nan,nan,nan,nan,nan
191,7.639999829232693,3.531166,2.0690799,0.40001446,0.15895343,0.10357594,0.5243663,0.8300877,0.16097102,0.8246894,-0.00014514441,-0.2631694,-0.47757968,-0.14586255,0.81407875,0.1946182,-0.07366227,-0.54351413,-0.02471888,-0.15034004,0.38172212,0.005254606,1.1278206,-1.0072336,0.4736217,2.1968768,-0.22878079,0.5317496,8.034446,2.2199986,0.45,2.6791418,21.918404,8.0,8.0,0.0,7.42605447769165,1.4688339233398438,0.0,1271.7852783203125,0.0,0,0,0,0,0,0,nan,nan,nan,nan,nan
192,7.679999828338623,3.5380843,2.1017199,0.40001363,0.1508664,0.09817022,0.5229181,0.8331618,0.1801946,0.8114329,-0.0002159279,-0.22358578,-0.4501729,-0.14642365,0.80925107,0.17897934,-0.06298497,-0.5017548,-0.047138322,-0.14187634,0.3619175,0.0058018444,1.1220396,-0.9214892,0.46533093,2.1962724,-0.23808913,0.60657084,7.86822,2.1999986,0.45,1.9158733,25.103308,8.0,8.0,0.0,7.39583683013916,1.4619157314300537,0.0,1269.5975341796875,0.0,0,0,0,0,0,0,nan,nan,nan,nan,nan
193,7.719999827444553,3.5458438,2.133777,0.40001225,0.14384602,0.092927106,0.5214788,0.8359023,0.20198546,0.7964372,-0.00028365664,-0.18041104,-0.4111101,-0.13968277,0.8042815,0.15952517,-0.052907966,-0.4478265,-0.06516838,-0.12755293,0.3441602,0.005330692,1.1164722,-0.8356693,0.45690975,2.192781,-0.24140878,0.4961,7.5595875,2.1799986,0.45,1.1984503,27.757687,8.0,8.0,0.0,7.365601062774658,1.4541561603546143,0.0,1267.47412109375,0.0,0,0,0,0,0,0,nan,nan,nan,nan,nan
194,7.759999826550484,3.5545592,2.1651957,0.4000106,0.1380075,0.08803717,0.52012956,0.8382533,0.2261705,0.7804008,-0.00033830124,-0.13594872,-0.35909474,-0.12671287,0.7997614,0.13658577,-0.043575265,-0.38162702,-0.07679753,-0.10929763,0.32884973,0.004031341,1.1113712,-0.7498322,0.4484589,2.1842954,-0.23746511,1.1320364,7.4221916,2.1599987,0.45,0.56645155,30.10938,8.0,8.0,0.0,7.335318088531494,1.4454407691955566,0.0,1265.7088623046875,0.0,0,0,0,0,0,0,nan,nan,nan,nan,nan
195,7.799999825656414,3.564335,2.1959457,0.40000868,0.13343225,0.083711214,0.51892483,0.8401817,0.25253114,0.7639846,-0.00037350928,-0.092594,-0.2943441,-0.10919956,0.7962422,0.11065065,-0.034760006,-0.30443463,-0.080642805,-0.08922887,0.3163451,0.0021826492,1.106918,-0.6640887,0.44009104,2.1690874,-0.22594072,1.1236048,7.1077347,2.1399987,0.45,-0.020002127,32.358025,8.0,8.0,0.0,7.304941654205322,1.4356648921966553,0.0,1264.835693359375,0.0,0,0,0,0,0,0,nan,nan,nan,nan,nan
196,7.839999824762344,3.5752594,2.2260227,0.40000674,0.13016222,0.08015759,0.5178891,0.84167886,0.281038,0.7476382,-0.00039636833,-0.053340815,-0.22010988,-0.08949943,0.7940501,0.08199022,-0.026344143,-0.22051468,-0.07623204,-0.06974969,0.30693159,0.00011470914,1.1032119,-0.5785871,0.43193156,2.1465063,-0.21055147,1.224335,6.691509,2.1199987,0.45,-0.5876386,34.446762,8.0,8.0,0.0,7.274416923522949,1.4247405529022217,0.0,1264.9320068359375,0.0,0,0,0,0,0,0,nan,nan,nan,nan,nan
197,7.879999823868275,3.5873947,2.2554445,0.4000056,0.1281948,0.07755601,0.5170163,0.84276044,0.31166416,0.7315586,-0.0004398692,-0.02120896,-0.14273328,-0.07033115,0.7933552,0.05088555,-0.017756388,-0.13696508,-0.0645107,-0.05335804,0.30078593,-0.0018353324,1.1002659,-0.4934667,0.4241443,2.1181295,-0.19817615,1.0997907,6.435617,2.0999987,0.45,-1.1085951,35.804356,8.0,8.0,0.0,7.243687152862549,1.4126052856445312,0.0,1265.40771484375,0.0,0,0,0,0,0,0,nan,nan,nan,nan,nan
198,7.919999822974205,3.6007643,2.2842488,0.40000582,0.12748455,0.07603152,0.5162742,0.84346175,0.34353244,0.71612364,-0.0005182043,0.0025551934,-0.06744422,-0.053674605,0.79399693,0.018417604,-0.008991323,-0.059062116,-0.047230948,-0.041431196,0.29795358,-0.003374613,1.0980165,-0.40880886,0.4169819,2.0873084,-0.18983683,1.6929665,5.8057046,2.0799987,0.45,-1.5281892,35.758545,8.0,8.0,0.0,7.212703227996826,1.399235725402832,0.0,1265.6729736328125,0.0,0,0,0,0,0,0,nan,nan,nan,nan,nan
199,7.959999822080135,3.6153483,2.3124852,0.40000638,0.12795894,0.07563863,0.5156102,0.84383136,0.37504804,0.7019621,-0.0005679014,0.019824907,0.0065585994,-0.040112514,0.79575324,-0.013530842,-2.939254e-05,0.014719725,-0.02580129,-0.034093358,0.29836133,-0.004301382,1.096341,-0.324598,0.41076347,2.0601575,-0.17782831,1.8016714,5.3762207,2.0599988,0.45,-1.8464375,34.204742,8.0,8.0,0.0,7.181434154510498,1.3846516609191895,0.0,1266.0623779296875,0.0,0,0,0,0,0,0,nan,nan,nan,nan,nan
200,7.999999821186066,3.6310914,2.3401966,0.400007,0.12960091,0.0762739,0.5149511,0.8439261,0.40477872,0.6887799,-0.0006048506,0.041607536,0.07548677,-0.031866487,0.79768157,-0.04364066,0.009045258,0.08600845,-0.011898465,-0.03009796,0.30186895,-0.004737216,1.0950294,-0.2405974,0.40570512,2.0442903,-0.15927306,2.1757412,4.443213,2.0799987,0.45,-0.8215308,31.612211,8.0,8.0,0.0,7.149877071380615,1.3689086437225342,0.0,1266.7901611328125,0.0,0,0,0,0,0,0,nan,nan,nan,nan,nan
201,8.039999820291996,3.647918,2.3674273,0.40000775,0.1323828,0.077786714,0.5142149,0.843805,0.43198577,0.6767978,-0.00058589224,0.066682436,0.13874142,-0.029116027,0.79955024,-0.071003236,0.01783976,0.15372683,-0.0048196367,-0.029805176,0.30827174,-0.004872788,1.0938482,-0.15653023,0.40186903,2.0406957,-0.13534269,2.4239798,4.046914,2.0999987,0.45,-0.018341541,28.579655,8.0,8.0,0.0,7.118040084838867,1.3520820140838623,0.0,1268.1510009765625,0.0,0,0,0,0,0,0,nan,nan,nan,nan,nan
202,8.079999819397926,3.6657317,2.3942292,0.40000847,0.1362263,0.0800268,0.5133215,0.8435278,0.45613962,0.6662731,-0.0005166629,0.09261172,0.19504832,-0.03167331,0.8014315,-0.094813496,0.026505016,0.21563065,-0.0030451925,-0.03343808,0.3172805,-0.00484613,1.0925772,-0.07217792,0.39923027,2.0475063,-0.10809662,2.785108,3.5161915,2.1199987,0.45,0.5713582,25.331455,8.0,8.0,0.0,7.085940837860107,1.33426833152771,0.0,1269.9271240234375,0.0,0,0,0,0,0,0,nan,nan,nan,nan,nan
203,8.119999818503857,3.684411,2.420665,0.40000945,0.14100619,0.08284836,0.51219946,0.8431518,0.47676623,0.6574725,-0.00041890438,0.11698214,0.24320205,-0.03899609,0.8032985,-0.11443571,0.034547955,0.2695499,-0.0049672215,-0.040867813,0.32853067,-0.0047391085,1.0910199,0.012621809,0.39772755,2.0624013,-0.07902557,2.9397745,3.4647174,2.1399987,0.45,0.96682787,21.879234,8.0,8.0,0.0,7.053601264953613,1.3155889511108398,0.0,1271.76513671875,0.0,0,0,0,0,0,0,nan,nan,nan,nan,nan
204,8.159999817609787,3.7038162,2.4468067,0.40001023,0.14655483,0.08610881,0.5107935,0.84273183,0.49349603,0.6506104,-0.0003133386,0.13775463,0.28201723,-0.0502025,0.80520755,-0.12935096,0.041737914,0.31351233,-0.009195488,-0.05153586,0.34158826,-0.0045852526,1.0890185,0.09798063,0.3972777,2.08268,-0.049377818,2.7731516,3.4300208,2.1599987,0.45,1.2133706,18.27639,8.0,8.0,0.0,7.021050453186035,1.2961838245391846,0.0,1273.365478515625,0.0,0,0,0,0,0,0,nan,nan,nan,nan,nan
205,8.199999816715717,3.7237918,2.4727325,0.40001088,0.1526749,0.08966641,0.5090689,0.84231776,0.5060934,0.6457992,-0.00021412218,0.15351287,0.31035346,-0.064206906,0.80716,-0.1392688,0.047768638,0.3458493,-0.014797796,-0.0646276,0.35596782,-0.004388883,1.086459,0.18397227,0.39779028,2.1063201,-0.02027053,2.7588615,3.4108882,2.1799986,0.45,1.3537776,14.614138,8.0,8.0,0.0,6.988321781158447,1.2762081623077393,0.0,1274.57861328125,0.0,0,0,0,0,0,0,nan,nan,nan,nan,nan
206,8.239999815821648,3.7441745,2.4985225,0.40001118,0.15915458,0.09337975,0.50701517,0.8419534,0.5144692,0.6430485,-0.0001346817,0.16369416,0.3276486,-0.07981665,0.8091344,-0.1441233,0.052398607,0.36582613,-0.021241698,-0.07899817,0.37115765,-0.0041447994,1.083277,0.27064386,0.39917457,2.1315687,0.0075250342,2.7933075,3.221895,2.1999986,0.45,1.4332771,10.921471,8.0,8.0,0.0,6.955451488494873,1.2558255195617676,0.0,1275.2987060546875,0.0,0,0,0,0,0,0,nan,nan,nan,nan,nan
207,8.279999814927578,3.764799,2.5242536,0.400011,0.16578308,0.09710803,0.5046451,0.8416765,0.51875216,0.64223075,-7.364526e-05,0.16822994,0.33345228,-0.095846966,0.8109835,-0.14419428,0.055193223,0.3730009,-0.02835395,-0.09351001,0.3866463,-0.0038561618,1.0794536,0.35803106,0.40133238,2.1572933,0.032883763,2.6273026,2.9210417,2.2199986,0.45,1.4749837,7.3409753,8.0,8.0,0.0,6.922479629516602,1.2352008819580078,0.0,1275.575439453125,0.0,0,0,0,0,0,0,nan,nan,nan,nan,nan
208,8.319999814033508,3.7855072,2.5499978,0.40001073,0.17236316,0.10071434,0.50199306,0.84151673,0.51920784,0.6431496,-3.4009347e-05,0.16770412,0.32816678,-0.11126843,0.8126908,-0.1398678,0.056244805,0.36803868,-0.036121048,-0.10696538,0.40194735,-0.0035446212,1.0750115,0.4461617,0.40416735,2.1827962,0.055288203,2.3945732,2.75028,2.2399986,0.45,1.4946771,3.90738,8.0,8.0,0.0,6.88944673538208,1.2144927978515625,0.0,1275.4749755859375,0.0,0,0,0,0,0,0,nan,nan,nan,nan,nan
209,8.359999813139439,3.806155,2.575816,0.40001017,0.1787208,0.104070164,0.4991092,0.84149766,0.51630265,0.64552057,-1.7699494e-05,0.16291338,0.31250584,-0.12525822,0.81411994,-0.13183177,0.055376105,0.35194787,-0.044624783,-0.11845482,0.41662142,-0.0032527952,1.0700033,0.53505504,0.4075722,2.2077324,0.07386173,2.4771104,2.777773,2.2599986,0.45,1.509397,0.7143431,8.0,8.0,0.0,6.856391429901123,1.1938450336456299,0.0,1275.0146484375,0.0,0,0,0,0,0,0,nan,nan,nan,nan,nan
210,8.399999812245369,3.8266292,2.6017745,0.40000945,0.18464066,0.10719238,0.49605137,0.8416356,0.5106748,0.6496205,-2.5709269e-05,0.14750893,0.2942548,-0.13583608,0.8157618,-0.12057634,0.0528557,0.32848698,-0.044621382,-0.13000964,0.4303047,-0.0027486717,1.0645618,0.6244723,0.41143888,2.226978,0.091031075,2.1791344,2.6316981,2.2399986,0.45,0.26952386,-2.2253437,8.0,8.0,0.0,6.823332786560059,1.1733708381652832,0.0,1274.33203125,0.0,0,0,0,0,0,0,nan,nan,nan,nan,nan
211,8.4399998113513,3.846845,2.6279218,0.4000087,0.18993695,0.110126,0.49287513,0.8419444,0.5033354,0.65469635,-4.524079e-05,0.12335667,0.27156138,-0.14296335,0.81733793,-0.10732783,0.049231008,0.29691347,-0.03843627,-0.14059436,0.4427104,-0.00179045,1.0588288,0.714103,0.41559264,2.2361934,0.101515844,2.0651455,2.641068,2.2199986,0.45,-0.6678891,-4.5300827,8.0,8.0,0.0,6.790281295776367,1.1531550884246826,0.0,1273.6785888671875,0.0,0,0,0,0,0,0,nan,nan,nan,nan,nan
212,8.47999981045723,3.866732,2.6542857,0.40000802,0.194484,0.11287277,0.48963112,0.8424352,0.49456808,0.6602343,-7.2090486e-05,0.09430954,0.24483997,-0.14757907,0.8184804,-0.09260306,0.04479058,0.25937104,-0.029414885,-0.14994812,0.45360896,-0.00027483702,1.052913,0.8037306,0.41992497,2.238692,0.107224345,2.1622524,2.4204283,2.1999986,0.45,-1.3857293,-6.5258875,8.0,8.0,0.0,6.757260799407959,1.133268117904663,0.0,1273.0677490234375,0.0,0,0,0,0,0,0,nan,nan,nan,nan,nan
213,8.51999980956316,3.8862364,2.6808715,0.4000077,0.19821487,0.11540366,0.486358,0.84311837,0.48476896,0.665713,-9.689752e-05,0.06342633,0.2146185,-0.15078755,0.81894296,-0.07696575,0.03995776,0.21783905,-0.020215444,-0.15797305,0.462842,0.0017911056,1.0468781,0.89321357,0.42432708,2.2364776,0.10863368,1.9868127,2.2634249,2.1799986,0.45,-1.9591403,-8.171891,8.0,8.0,0.0,6.724297523498535,1.1137635707855225,0.0,1272.62451171875,0.0,0,0,0,0,0,0,nan,nan,nan,nan,nan
214,8.55999980866909,3.905322,2.7076657,0.4000073,0.20111172,0.11766906,0.4830797,0.8440036,0.4743033,0.67071474,-0.00011568318,0.033042796,0.18169388,-0.15374924,0.8184973,-0.060939696,0.0348894,0.17411338,-0.012870198,-0.16513605,0.4703175,0.0043202625,1.0407414,0.98245883,0.42869058,2.2309656,0.10623575,1.9090134,1.8530948,2.1599987,0.45,-2.4483871,-9.473122,8.0,8.0,0.0,6.691426753997803,1.0946779251098633,0.0,1272.36181640625,0.0,0,0,0,0,0,0,nan,nan,nan,nan,nan
215,8.59999980777502,3.9239671,2.7346392,0.40000713,0.20319359,0.11960805,0.47980335,0.8451006,0.46351224,0.67491966,-0.0001207331,0.0046534254,0.14672239,-0.15754102,0.8170005,-0.04496596,0.029693127,0.12962246,-0.008685157,-0.1717358,0.47599888,0.007175805,1.0344737,1.071415,0.43290493,2.2236726,0.10033988,1.7979051,1.3470336,2.1399987,0.45,-2.8884923,-10.386149,8.0,8.0,0.0,6.6586833000183105,1.0760328769683838,0.0,1272.3341064453125,0.0,0,0,0,0,0,0,nan,nan,nan,nan,nan
216,8.639999806880951,3.9423158,2.7616699,0.400007,0.204681,0.12127079,0.47643673,0.84640825,0.45684925,0.6756259,-0.00015336425,-0.015225824,0.12159463,-0.16648057,0.8144673,-0.033550728,0.026751608,0.0979491,-0.009191141,-0.1818034,0.48032498,0.010254295,1.0278859,1.1598953,0.434827,2.2157044,0.03203675,1.7353526,0.60117567,2.1199987,0.41,-3.1550956,-16.33577,8.0,8.0,0.0,6.626077175140381,1.0576841831207275,0.0,1273.4874267578125,0.0,0,0,0,0,0,0,nan,nan,nan,nan,nan
217,8.679999805986881,3.9603808,2.788696,0.40000728,0.20564686,0.12259794,0.47296044,0.8479313,0.4496894,0.6752268,-0.00014945578,-0.032058835,0.093680464,-0.17686428,0.81063926,-0.02203827,0.023701146,0.06547788,-0.014248461,-0.19129509,0.48336175,0.013384012,1.020895,1.2479976,0.4337633,2.2062216,-0.044390034,1.8469743,-0.23625855,2.0999987,0.37,-3.530146,-17.386003,8.0,8.0,0.0,6.593649387359619,1.0396192073822021,0.0,1273.7352294921875,0.0,0,0,0,0,0,0,nan,nan,nan,nan,nan
218,8.719999805092812,3.978094,2.8156998,0.40000758,0.20607576,0.12347183,0.46938434,0.84968567,0.44059938,0.6745616,-0.00012968256,-0.0474948,0.059826896,-0.18843056,0.80543303,-0.009050321,0.019564837,0.02871574,-0.023988167,-0.1998876,0.4849602,0.016367748,1.0134488,1.3357412,0.42985335,2.1970863,-0.1152984,2.0483503,-1.1672734,2.0799987,0.33,-3.927585,-17.753605,8.0,8.0,0.0,6.561455249786377,1.0219058990478516,0.0,1273.724609375,0.0,0,0,0,0,0,0,nan,nan,nan,nan,nan
219,8.759999804198742,3.995366,2.8426833,0.40000808,0.20591952,0.12376966,0.4657142,0.8516974,0.4291775,0.67407495,-9.681391e-05,-0.062825456,0.0195477,-0.20164588,0.7989811,0.0058881007,0.014025539,-0.013317684,-0.037934855,-0.20828845,0.48491052,0.019030469,1.0054839,1.4230936,0.4233835,2.1884067,-0.17852406,2.0025983,-1.8133913,2.0599988,0.29000002,-4.3068576,-18.354246,8.0,8.0,0.0,6.5295491218566895,1.004633903503418,0.0,1273.569580078125,0.0,0,0,0,0,0,0,nan,nan,nan,nan,nan
220,8.799999803304672,4.0120935,2.8696477,0.4000082,0.20518236,0.1232479,0.4619618,0.8539914,0.41485918,0.6737384,-8.011181e-05,-0.07089029,-0.03186677,-0.2180169,0.7908557,0.023056313,0.0065083206,-0.060664512,-0.06445919,-0.21384443,0.48298106,0.020933995,0.99688435,1.5102774,0.41463047,2.1864142,-0.23346789,2.6312993,-1.8914529,2.0799987,0.25000003,-3.4302354,-19.21987,8.0,8.0,0.0,6.497992992401123,0.9879064559936523,0.0,1272.926513671875,0.0,0,0,0,0,0,0,nan,nan,nan,nan,nan
221,8.839999802410603,4.028176,2.8966076,0.40000832,0.20385605,0.12168106,0.4581257,0.85659623,0.39787525,0.67407453,-9.143901e-05,-0.0752625,-0.09240955,-0.23746671,0.7816021,0.04253664,-0.0030308813,-0.11338775,-0.1000009,-0.21843238,0.47894529,0.021681368,0.98752356,1.5975015,0.4038059,2.1877975,-0.28168595,2.4948266,-1.5442983,2.0999987,0.21000004,-2.7663267,-20.209896,8.0,8.0,0.0,6.466838836669922,0.9718241691589355,0.0,1271.994873046875,0.0,0,0,0,0,0,0,nan,nan,nan,nan,nan
222,8.879999801516533,4.043528,2.923601,0.40000802,0.20188656,0.118913144,0.45418513,0.85954475,0.37860832,0.67562467,-0.00013619439,-0.079545885,-0.16032316,-0.25955182,0.771669,0.064319424,-0.014774412,-0.17187583,-0.14092654,-0.22353679,0.4725732,0.021036135,0.97728556,1.6848471,0.39105564,2.1874576,-0.32494363,2.552051,-1.2246978,2.1199987,0.17000005,-2.186724,-21.14146,8.0,8.0,0.0,6.436108589172363,0.9564719200134277,0.0,1270.91796875,0.0,0,0,0,0,0,0,nan,nan,nan,nan,nan
223,8.919999800622463,4.0580807,2.9506881,0.40000746,0.19918106,0.1148487,0.45010474,0.86286867,0.35749498,0.67894965,-0.00022597211,-0.08668305,-0.23362096,-0.28370494,0.7616549,0.08853744,-0.028443366,-0.23608035,-0.18391417,-0.23030749,0.46363458,0.018895127,0.9660755,1.7722999,0.37647855,2.1816547,-0.3646526,3.6021419,-1.1621728,2.1399987,0.13000005,-1.5706718,-22.062126,8.0,8.0,0.0,6.4058003425598145,0.9419193267822266,0.0,1269.91650390625,0.0,0,0,0,0,0,0,nan,nan,nan,nan,nan
224,8.959999799728394,4.0717807,2.9779506,0.40000695,0.19561447,0.10944341,0.44583866,0.86659384,0.3350466,0.6845402,-0.00033687623,-0.09917855,-0.31061074,-0.3095441,0.75208426,0.11530966,-0.04362379,-0.30596054,-0.22611868,-0.23954196,0.4519001,0.015261572,0.9538251,1.8597926,0.3601183,2.1696432,-0.40255705,4.143666,-0.11176215,2.1599987,0.090000056,-0.81185937,-23.009449,8.0,8.0,0.0,6.375883102416992,0.9282193183898926,0.0,1269.33154296875,0.0,0,0,0,0,0,0,nan,nan,nan,nan,nan
225,8.999999798834324,4.0843315,3.0056994,0.40000525,0.19064048,0.10254108,0.44134316,0.8708373,0.30666927,0.6970169,-0.00017669363,-0.14576922,-0.42093253,-0.34173992,0.74377686,0.15099838,-0.062149763,-0.42242563,-0.26441354,-0.25865003,0.4362766,0.010317628,0.94043773,1.9472449,0.34615523,2.1958106,-0.34100473,4.1673307,0.98340476,2.1799986,0.13000005,-0.52337646,-11.058098,8.0,8.0,0.0,6.3462982177734375,0.9156861901283264,0.0,1263.2845458984375,0.0,0,0,0,0,0,0,nan,nan,nan,nan,nan
226,9.039999797940254,4.09566,3.0341487,0.4000056,0.1838974,0.094238065,0.4365489,0.87562895,0.2757046,0.7159905,-0.00035602375,-0.19865504,-0.5182413,-0.3701855,0.737906,0.19328846,-0.082271785,-0.5318877,-0.2903365,-0.27892706,0.4162515,0.004474759,0.9259264,2.0342088,0.33629066,2.1751795,-0.2329906,5.3140297,1.7314025,2.1999986,0.17000005,0.4376185,-10.540451,8.0,8.0,0.0,6.316925525665283,0.9049842953681946,0.0,1265.5833740234375,0.0,0,0,0,0,0,0,nan,nan,nan,nan,nan
227,9.079999797046185,4.105914,3.0633337,0.4000098,0.17540401,0.084670365,0.4314471,0.88086194,0.24908471,0.7352446,-0.00038585858,-0.2514034,-0.60699224,-0.39528143,0.73347557,0.2342023,-0.09897357,-0.6344572,-0.31106353,-0.29759783,0.3920416,-0.0021892954,0.9104757,2.1207016,0.32975408,2.169015,-0.1466416,5.2173414,2.8560622,2.2199986,0.21000004,1.5772474,-9.227991,8.0,8.0,0.0,6.287652969360352,0.8963262438774109,0.0,1272.4462890625,0.0,0,0,0,0,0,0,nan,nan,nan,nan,nan
228,9.119999796152115,4.1153264,3.0932379,0.40001628,0.16525914,0.07408422,0.4260685,0.8863783,0.22910388,0.75323063,-0.00029684763,-0.30448595,-0.68303543,-0.4142856,0.73078716,0.27107686,-0.11101582,-0.72715986,-0.32273638,-0.31299642,0.36410186,-0.009490275,0.8944056,2.206705,0.3257313,2.1803596,-0.08468875,5.6916156,3.2741933,2.2399986,0.25000003,2.751348,-5.630148,8.0,8.0,0.0,6.258354663848877,0.8895732760429382,0.0,1280.023193359375,0.0,0,0,0,0,0,0,nan,nan,nan,nan,nan
229,9.159999795258045,4.1241894,3.123804,0.40002328,0.15361628,0.06283474,0.4204844,0.8919903,0.21722439,0.7690121,-0.00020032671,-0.35735402,-0.7401752,-0.4239183,0.7303944,0.30196148,-0.11790633,-0.8049033,-0.32090282,-0.32297495,0.333062,-0.01709137,0.87814134,2.2921233,0.3236412,2.2002618,-0.040365376,5.7583933,4.2264585,2.2599986,0.29000002,3.9529526,0.18875027,8.0,8.0,0.0,6.228899955749512,0.8845177888870239,0.0,1286.42333984375,0.0,0,0,0,0,0,0,nan,nan,nan,nan,nan
230,9.199999794363976,4.132854,3.1549225,0.40003008,0.14070773,0.051356945,0.4148083,0.8974953,0.21481906,0.78132135,-0.00015312686,-0.40753955,-0.77283734,-0.42164662,0.7328054,0.3246169,-0.11930521,-0.8621005,-0.30318266,-0.32560468,0.29973245,-0.024550699,0.862173,2.3768203,0.32305023,2.2181334,-0.009347418,6.148806,4.821639,2.2799985,0.33,5.2112675,7.695948,8.0,8.0,0.0,6.199161052703857,0.8808764219284058,0.0,1290.8104248046875,0.0,0,0,0,0,0,0,nan,nan,nan,nan,nan
231,9.239999793469906,4.141716,3.1864188,0.40003562,0.12686965,0.0401227,0.40918666,0.9026962,0.22286625,0.78870845,-0.00018848626,-0.4506727,-0.77692515,-0.40641406,0.7381933,0.33678403,-0.11565706,-0.8929247,-0.26983956,-0.31903,0.26510847,-0.031394683,0.846993,2.4606488,0.32361665,2.2231126,0.011561722,6.3263664,5.9187903,2.2999985,0.37,6.5463696,16.239372,8.0,8.0,0.0,6.169029235839844,0.8782957196235657,0.0,1292.473876953125,0.0,0,0,0,0,0,0,nan,nan,nan,nan,nan
232,9.279999792575836,4.151197,3.2180526,0.40003908,0.112550735,0.029583532,0.40377817,0.9074251,0.24183325,0.78968966,-0.00028260658,-0.48119473,-0.7508428,-0.37905702,0.74648416,0.33651677,-0.1077514,-0.89277685,-0.22406264,-0.302975,0.23034267,-0.03720996,0.8330234,2.5435221,0.32504374,2.204676,0.023781553,6.234887,6.5888557,2.3199985,0.41,7.9500065,24.936367,8.0,8.0,0.0,6.138428211212158,0.8763638138771057,0.0,1290.85595703125,0.0,0,0,0,0,0,0,nan,nan,nan,nan,nan
233,9.319999791681767,4.1617136,3.249527,0.4000405,0.09831266,0.020111846,0.39872986,0.91156167,0.27128115,0.78315204,-0.0003247185,-0.4920535,-0.69558305,-0.34222218,0.75718534,0.3227995,-0.096911,-0.8578742,-0.17204484,-0.27843854,0.19671094,-0.04174614,0.82055676,2.6254895,0.327097,2.1594229,0.030258402,6.282882,6.8284874,2.3399985,0.45,9.439927,32.95331,8.0,8.0,0.0,6.107326507568359,0.8746358156204224,0.0,1285.8194580078125,0.0,0,0,0,0,0,0,nan,nan,nan,nan,nan
234,9.359999790787697,4.173766,3.2803812,0.40003687,0.08502443,0.012027969,0.39412054,0.9150383,0.312456,0.76554286,7.224351e-05,-0.46013695,-0.5995135,-0.29956764,0.7690312,0.29193485,-0.08396635,-0.7641741,-0.12310989,-0.24850115,0.1660111,-0.04502286,0.8096559,2.7067914,0.32756925,2.089303,-0.012973271,6.7120104,7.0470333,2.3599985,0.45,11.2050295,33.917274,8.0,8.0,0.0,6.075760841369629,0.8725113272666931,0.0,1270.1300048828125,0.0,0,0,0,0,0,0,nan,nan,nan,nan,nan
235,9.399999789893627,4.1876893,3.3102582,0.40002662,0.07339158,0.005459567,0.38998738,0.91787446,0.36144662,0.739195,0.0001823646,-0.4076704,-0.49388835,-0.25897723,0.7812818,0.2479313,-0.07196411,-0.649848,-0.08279857,-0.21914792,0.13959499,-0.047238752,0.8002364,2.78781,0.32574874,2.047577,-0.072285295,7.1602592,7.0886774,2.3799984,0.45,12.358519,41.993366,8.0,8.0,0.0,6.043789863586426,0.8695451617240906,0.0,1259.9500732421875,0.0,0,0,0,0,0,0,nan,nan,nan,nan,nan
236,9.439999788999557,4.2036715,3.3389425,0.40001565,0.06384125,0.00047473676,0.38632816,0.92014927,0.4134735,0.7085554,7.9517486e-07,-0.33258742,-0.37446693,-0.22026171,0.79384977,0.19733916,-0.062223136,-0.51023066,-0.049159296,-0.19127122,0.11826789,-0.04847267,0.7921372,2.8688495,0.32225046,2.0378165,-0.10273112,6.562701,7.367378,2.3999984,0.45,13.162626,49.272038,8.0,8.0,0.0,6.011452674865723,0.8654600977897644,0.0,1253.574462890625,0.0,0,0,0,0,0,0,nan,nan,nan,nan,nan
237,9.479999788105488,4.2218537,3.3662739,0.40000606,0.056672584,-0.002862088,0.38309145,0.9219658,0.46869582,0.6742256,-0.0008122374,-0.24992704,-0.2516738,-0.18746403,0.8071285,0.14067788,-0.054863088,-0.36339384,-0.0187371,-0.16894099,0.10260897,-0.048718333,0.78511816,2.94997,0.31751788,2.0266442,-0.1256347,7.045222,7.446804,2.4199984,0.45,13.71858,55.795643,8.0,8.0,0.0,5.9787797927856445,0.8600395917892456,0.0,1246.889404296875,0.0,0,0,0,0,0,0,nan,nan,nan,nan,nan
238,9.519999787211418,4.242297,3.392158,0.40000165,0.052057404,-0.00458084,0.38017616,0.9234365,0.5270328,0.63676107,-0.0019300197,-0.17419043,-0.13987342,-0.16424766,0.8213588,0.078763135,-0.048960477,-0.22986624,0.008487168,-0.15484819,0.09290106,-0.0480607,0.77886397,3.0313368,0.31213602,1.9867294,-0.16056624,7.064006,7.554652,2.4399984,0.45,14.038848,59.8802,8.0,8.0,0.0,5.945800304412842,0.8531714081764221,0.0,1239.471923828125,0.0,0,0,0,0,0,0,nan,nan,nan,nan,nan
239,9.559999786317348,4.264974,3.4165778,0.40000242,0.050084695,-0.004846915,0.37743786,0.92466676,0.585777,0.5982259,-0.0026057921,-0.09939628,-0.03914113,-0.15117185,0.83600545,0.015385219,-0.043291427,-0.105442375,0.0281859,-0.14949185,0.08918012,-0.046788353,0.7730018,3.1134157,0.30706123,1.9504498,-0.19021314,7.1181364,7.5793953,2.4599984,0.45,14.12393,59.919792,8.0,8.0,0.0,5.912543773651123,0.844866931438446,0.0,1234.9180908203125,0.0,0,0,0,0,0,0,nan,nan,nan,nan,nan
240,9.599999785423279,4.289818,3.4395595,0.4000039,0.05077541,-0.0038529497,0.37470144,0.9257461,0.64252424,0.56035167,-0.0027816563,-0.015775884,0.057120927,-0.14726773,0.85048616,-0.04614627,-0.037194304,0.021606993,0.038317956,-0.15251848,0.09134299,-0.045200333,0.7671334,3.1966395,0.30308884,1.9435138,-0.19688895,6.985983,7.7779775,2.4799984,0.45,14.198331,57.500206,8.0,8.0,0.0,5.879036903381348,0.8352073431015015,0.0,1235.169189453125,0.0,0,0,0,0,0,0,nan,nan,nan,nan,nan
241,9.63999978452921,4.3167534,3.4611456,0.4000051,0.054090533,-0.0017514642,0.37178123,0.92674154,0.69625866,0.5238537,-0.0026701847,0.07517266,0.14889698,-0.1517161,0.86454505,-0.10420832,-0.03011924,0.1503706,0.040036432,-0.16317949,0.09920984,-0.0434797,0.7608709,3.2812579,0.3005691,1.9637712,-0.18481554,6.977146,7.921392,2.4999983,0.45,14.27415,54.430458,8.0,8.0,0.0,5.845297813415527,0.8243065476417542,0.0,1239.749267578125,0.0,0,0,0,0,0,0,nan,nan,nan,nan,nan
242,9.67999978363514,4.3456798,3.4814036,0.40000767,0.059895847,0.0013230238,0.3685044,0.9276934,0.74619126,0.48967677,-0.0023506042,0.1667269,0.23386827,-0.16387488,0.87831044,-0.15715843,-0.021501016,0.27455476,0.036334768,-0.18066183,0.11243937,-0.04170113,0.75387895,3.3673887,0.29958156,2.0048866,-0.16031502,6.832205,8.227493,2.5199983,0.45,14.243984,51.214314,8.0,8.0,0.0,5.8113484382629395,0.8123326897621155,0.0,1247.381591796875,0.0,0,0,0,0,0,0,nan,nan,nan,nan,nan
243,9.71999978274107,4.3764586,3.5004392,0.40001157,0.06794783,0.005242798,0.36472657,0.92861724,0.7914647,0.45899922,-0.0019059083,0.25280267,0.31082663,-0.1827214,0.89201885,-0.20316496,-0.011128463,0.3890199,0.030439062,-0.20408498,0.1304927,-0.03983819,0.7459008,3.4550776,0.30010712,2.0609422,-0.12619555,7.112152,9.27398,2.5399983,0.45,14.031338,47.586617,8.0,8.0,0.0,5.777204990386963,0.7995268106460571,0.0,1256.08056640625,0.0,0,0,0,0,0,0,nan,nan,nan,nan,nan
244,9.759999781847,4.4087763,3.5185173,0.40002272,0.07800756,0.009762943,0.36030677,0.9295151,0.82912475,0.43457076,-0.001194225,0.30989617,0.34398472,-0.20501398,0.9053913,-0.23783515,0.00051002577,0.4525043,0.012209296,-0.22689548,0.1527574,-0.038072895,0.7366783,3.545192,0.3040117,2.1048229,-0.051930755,6.950713,9.526961,2.5599983,0.45,17.520178,62.52105,8.0,8.0,0.0,5.742871284484863,0.7863876819610596,0.0,1285.5069580078125,0.0,0,0,0,0,0,0,nan,nan,nan,nan,nan
245,9.79999978095293,4.442539,3.5356963,0.40001917,0.08951501,0.014607882,0.35520577,0.93037754,0.86122364,0.41510218,-0.0007994819,0.39942414,0.4158729,-0.23787004,0.91895664,-0.26341307,0.012577675,0.5657579,-0.0007792609,-0.2626621,0.17799899,-0.03641885,0.7261644,3.6369097,0.30962086,2.210255,0.023159731,6.656817,9.845116,2.5799983,0.45,14.60479,42.50954,8.0,8.0,0.0,5.708374500274658,0.7731319665908813,0.0,1275.4427490234375,0.0,0,0,0,0,0,0,nan,nan,nan,nan,nan
246,9.83999978005886,4.4776683,3.5520606,0.40002355,0.10226848,0.020020094,0.34935126,0.9311788,0.893179,0.3959845,-0.0005095842,0.4428297,0.4653032,-0.26742205,0.9336854,-0.28651917,0.02675369,0.62989366,0.001021541,-0.29554355,0.2060224,-0.03417732,0.71430755,3.7300782,0.3150991,2.2656417,0.025034621,5.5561304,10.368841,2.5999982,0.45,12.5536,37.99279,8.0,8.0,0.0,5.673710346221924,0.7600008845329285,0.0,1279.043212890625,0.0,0,0,0,0,0,0,nan,nan,nan,nan,nan
247,9.879999779164791,4.513869,3.5678856,0.40002614,0.11570131,0.025863474,0.3428332,0.931885,0.91721743,0.38437182,-0.00017504214,0.46582672,0.49834785,-0.29262918,0.9482727,-0.29689232,0.04073228,0.667999,0.004708725,-0.3236248,0.23566279,-0.031133961,0.7013633,3.8245876,0.32129332,2.3153074,0.055281214,4.5260224,10.6577,2.6199982,0.45,11.561697,34.210476,8.0,8.0,0.0,5.638860702514648,0.747541069984436,0.0,1282.8511962890625,0.0,0,0,0,0,0,0,nan,nan,nan,nan,nan
248,9.919999778270721,4.5508866,3.5833745,0.4000255,0.1293231,0.031925194,0.3357883,0.9324711,0.93446034,0.3784635,7.538227e-06,0.47692573,0.5183485,-0.3134172,0.96194685,-0.29700953,0.05361428,0.6887199,0.00708224,-0.34639677,0.26583838,-0.027315125,0.687646,3.9203417,0.32814503,2.366793,0.08996899,2.894575,10.59562,2.6399982,0.45,10.435936,26.722198,8.0,8.0,0.0,5.603834629058838,0.7362259030342102,0.0,1282.8104248046875,0.0,0,0,0,0,0,0,nan,nan,nan,nan,nan
249,9.959999777376652,4.588497,3.598709,0.40002352,0.14272675,0.03813651,0.32837638,0.93292207,0.9461114,0.37742487,9.500367e-05,0.47071865,0.5300869,-0.3266219,0.974679,-0.2887024,0.06504375,0.69100916,0.01572295,-0.362643,0.29571766,-0.022581328,0.6735241,4.017165,0.33537456,2.4076414,0.11988334,1.5490195,10.183466,2.6199982,0.45,8.110291,19.298466,8.0,8.0,0.0,5.568636417388916,0.7264896631240845,0.0,1281.987548828125,0.0,0,0,0,0,0,0,nan,nan,nan,nan,nan
250,9.999999776482582,4.6264687,3.614054,0.40002137,0.15556346,0.04439126,0.32078707,0.9332336,0.9523895,0.38011155,0.00014082926,0.44928247,0.5275914,-0.3307778,0.9854418,-0.27355653,0.07450719,0.67260575,0.025209587,-0.36957914,0.3245478,-0.016951479,0.65939385,4.1149807,0.34285647,2.439453,0.1438933,-0.59393716,11.188953,2.5999982,0.45,6.184045,13.256187,8.0,8.0,0.0,5.533284664154053,0.7187405228614807,0.0,1281.0169677734375,0.0,0,0,0,0,0,0,nan,nan,nan,nan,nan
251,10.039999775588512,4.664575,3.6295419,0.40001845,0.16756737,0.05050978,0.31321967,0.9334149,0.95327085,0.38585395,0.00014192896,0.41926232,0.51073897,-0.32685187,0.9935157,-0.25274268,0.08159333,0.6386505,0.031196302,-0.36690596,0.35168555,-0.010677831,0.64561486,4.2138352,0.35059232,2.4708867,0.16610578,0.8183763,10.086739,2.5799983,0.45,4.4079027,7.4482574,8.0,8.0,0.0,5.497814655303955,0.7133252024650574,0.0,1279.3544921875,0.0,0,0,0,0,0,0,nan,nan,nan,nan,nan
252,10.079999774694443,4.7026143,3.645263,0.40001547,0.17856163,0.05630277,0.3058538,0.9334876,0.9494799,0.39351723,0.00010976489,0.38419005,0.48087016,-0.31623068,0.9984634,-0.22823524,0.08602542,0.5928435,0.03227327,-0.35543588,0.37665722,-0.0041116443,0.6324635,4.3138194,0.3584998,2.5040886,0.18395364,-2.5406818,12.667205,2.5599983,0.45,2.5760603,2.0676155,8.0,8.0,0.0,5.462278842926025,0.7104945778846741,0.0,1277.436279296875,0.0,0,0,0,0,0,0,nan,nan,nan,nan,nan
253,10.119999773800373,4.7404137,3.6612759,0.40001276,0.18844305,0.061607275,0.29883063,0.93348485,0.9417763,0.40224668,5.9489725e-05,0.3463374,0.4405409,-0.30086303,1.0002064,-0.20168895,0.08777559,0.5386025,0.02846951,-0.33710796,0.39915386,0.0023938143,0.62011445,4.4150066,0.36648804,2.5394526,0.19696909,-1.4643682,11.873538,2.5399983,0.45,0.67075133,-2.644682,8.0,8.0,0.0,5.426733016967773,0.7104018926620483,0.0,1275.5833740234375,0.0,0,0,0,0,0,0,nan,nan,nan,nan,nan
254,10.159999772906303,4.7778354,3.6776135,0.4000106,0.19715954,0.06630644,0.29223984,0.9334492,0.9309955,0.41138092,-8.23695e-06,0.30675796,0.39302757,-0.28302118,0.99898815,-0.1744639,0.08704899,0.47878307,0.020854646,-0.31464863,0.41899925,0.008551747,0.60863596,4.5173874,0.37446317,2.5753498,0.20494209,-2.9627402,12.655811,2.5199983,0.45,-1.2926197,-6.6016674,8.0,8.0,0.0,5.391231060028076,0.7131039500236511,0.0,1273.9794921875,0.0,0,0,0,0,0,0,nan,nan,nan,nan,nan
255,10.199999772012234,4.814771,3.6942904,0.4000088,0.20469353,0.07033585,0.2861153,0.93342996,0.91793644,0.420476,-8.629715e-05,0.26574,0.34164876,-0.26506072,0.99527025,-0.14750892,0.084223464,0.41566053,0.010827777,-0.29104525,0.436119,0.014175763,0.5979972,4.6208673,0.382346,2.6094232,0.20795678,-2.051496,12.178861,2.4999983,0.45,-3.250091,-9.81332,8.0,8.0,0.0,5.355821132659912,0.7185742259025574,0.0,1272.7227783203125,0.0,0,0,0,0,0,0,nan,nan,nan,nan,nan
256,10.239999771118164,4.8511424,3.7113113,0.4000075,0.21104686,0.07367601,0.2804378,0.9334803,0.9032961,0.4293006,-0.00017701488,0.2231486,0.28904647,-0.24904221,0.989533,-0.12138806,0.0796055,0.35072136,-0.0004800774,-0.2689971,0.45050403,0.019180363,0.5880824,4.7252517,0.3900711,2.637162,0.20645592,-3.665985,13.178943,2.4799984,0.45,-5.0624743,-12.2444935,8.0,8.0,0.0,5.320540904998779,0.7267202734947205,0.0,1271.8316650390625,0.0,0,0,0,0,0,0,nan,nan,nan,nan,nan
257,10.279999770224094,4.886895,3.7286751,0.4000066,0.21623386,0.07632814,0.2751492,0.933654,0.8876106,0.43773356,-0.00025312853,0.1790987,0.23657483,-0.23652549,0.98222417,-0.096338764,0.073536694,0.2848107,-0.012916818,-0.2504096,0.46218172,0.023537187,0.57871574,4.830292,0.3975882,2.6546896,0.2007882,-3.7050395,13.329874,2.4599984,0.45,-6.5775704,-13.967047,8.0,8.0,0.0,5.285417556762695,0.7374009490013123,0.0,1271.3673095703125,0.0,0,0,0,0,0,0,nan,nan,nan,nan,nan
258,10.319999769330025,4.921989,3.7463763,0.40000606,0.22027719,0.07828853,0.2701708,0.93400025,0.87125325,0.44569075,-0.00030173836,0.13413267,0.18431365,-0.228403,0.9737097,-0.07241011,0.06632723,0.21849965,-0.027192563,-0.23590152,0.47119194,0.02722145,0.569688,4.9357424,0.40484902,2.660438,0.19132255,-4.2720175,13.571931,2.4399984,0.45,-7.6882935,-15.0010395,8.0,8.0,0.0,5.2504730224609375,0.7504420280456543,0.0,1271.280517578125,0.0,0,0,0,0,0,0,nan,nan,nan,nan,nan
259,10.359999768435955,4.9563966,3.7644,0.4000059,0.22320788,0.0795354,0.2654225,0.9345604,0.8544614,0.45312563,-0.0003000982,0.0894498,0.13195707,-0.22482738,0.9641791,-0.049565036,0.058117945,0.15265425,-0.044273674,-0.22515827,0.47758165,0.03017707,0.5607892,5.0413785,0.4117944,2.6564476,0.17878525,-5.035565,14.125226,2.4199984,0.45,-8.393141,-15.451859,8.0,8.0,0.0,5.215729236602783,0.7656426429748535,0.0,1271.4010009765625,0.0,0,0,0,0,0,0,nan,nan,nan,nan,nan
260,10.399999767541885,4.9901047,3.7827272,0.40000594,0.22506946,0.08003945,0.26083523,0.9353621,0.8374462,0.46001318,-0.00024702967,0.046426743,0.07995995,-0.22523057,0.9538099,-0.027760815,0.049021594,0.08870074,-0.06423516,-0.21744044,0.48142084,0.03232528,0.5518383,5.1470313,0.41834947,2.6485393,0.16415572,-5.292202,14.282029,2.3999984,0.45,-8.848108,-15.399493,8.0,8.0,0.0,5.181202411651611,0.7827898263931274,0.0,1271.7528076171875,0.0,0,0,0,0,0,0,nan,nan,nan,nan,nan
261,10.439999766647816,5.0231175,3.80133,0.4000064,0.22591507,0.07979436,0.25635865,0.93641627,0.82060903,0.4662432,-0.00016607478,0.0053515574,0.029879525,-0.22841987,0.94299626,-0.0070999637,0.039379902,0.027684256,-0.08546263,-0.21219061,0.48281625,0.033617243,0.54271424,5.2525325,0.42440972,2.6399438,0.14725727,-5.6904955,15.479723,2.3799984,0.45,-9.234373,-14.858689,8.0,8.0,0.0,5.146907806396484,0.8013300895690918,0.0,1272.2679443359375,0.0,0,0,0,0,0,0,nan,nan,nan,nan,nan
262,10.479999765753746,5.055458,3.8201752,0.400007,0.22580439,0.07883722,0.25196043,0.93771684,0.8043445,0.4717359,-9.604587e-05,-0.033824027,-0.016344205,-0.23280601,0.93192697,0.012245933,0.029331043,-0.029479824,-0.10566014,-0.20874539,0.48191613,0.03407304,0.53336495,5.357701,0.42986643,2.6312973,0.1283793,-5.89818,15.786371,2.3599985,0.45,-9.638505,-13.87058,8.0,8.0,0.0,5.112852573394775,0.8201751708984375,0.0,1272.7750244140625,0.0,0,0,0,0,0,0,nan,nan,nan,nan,nan
263,10.519999764859676,5.087163,3.8392212,0.40000755,0.2248011,0.07724741,0.24762844,0.93924296,0.78900915,0.47630104,-4.5415552e-05,-0.07097107,-0.05734436,-0.23662196,0.9209614,0.030118568,0.019414589,-0.08209835,-0.12294309,-0.20606434,0.478903,0.033780318,0.52380955,5.462328,0.434617,2.6206381,0.107872374,-5.873087,15.8952875,2.3399985,0.45,-10.024345,-12.3954525,8.0,8.0,0.0,5.079045295715332,0.8392212390899658,0.0,1273.310546875,0.0,0,0,0,0,0,0,nan,nan,nan,nan,nan
264,10.559999763965607,5.1182847,3.8584197,0.4000081,0.22298126,0.07512835,0.24337117,0.94095993,0.774949,0.47957596,-2.3376504e-05,-0.10548689,-0.09255238,-0.238352,0.91012615,0.046101905,0.0099546015,-0.12946957,-0.13634542,-0.20287898,0.47399822,0.03285702,0.514127,5.5662,0.43858823,2.605109,0.08574457,-5.971059,16.0803,2.3199985,0.45,-10.284798,-10.460683,8.0,8.0,0.0,5.045490264892578,0.85841965675354,0.0,1273.8370361328125,0.0,0,0,0,0,0,0,nan,nan,nan,nan,nan
265,10.599999763071537,5.1488833,3.8777075,0.4000085,0.22044039,0.07258674,0.23921503,0.942822,0.7623859,0.48122665,-2.2750073e-05,-0.13586025,-0.12173315,-0.23703718,0.89955336,0.059871778,0.0013975725,-0.17024802,-0.14579847,-0.19805993,0.46746206,0.031412598,0.5044373,5.669133,0.44174758,2.5846407,0.063158676,-5.905891,16.072046,2.2999985,0.45,-10.357956,-8.139332,8.0,8.0,0.0,5.012201309204102,0.8777074813842773,0.0,1274.3131103515625,0.0,0,0,0,0,0,0,nan,nan,nan,nan,nan
266,10.639999762177467,5.1790285,3.89701,0.40000892,0.21729857,0.06972938,0.23519754,0.94477576,0.751561,0.48087254,-3.0038162e-05,-0.1607876,-0.14459072,-0.23229752,0.88936806,0.07100819,-0.005871512,-0.20321028,-0.15135382,-0.19109195,0.45960128,0.029545382,0.49488372,5.770999,0.44408494,2.5602756,0.04048507,-5.360917,15.245092,2.2799985,0.45,-10.275553,-5.553838,8.0,8.0,0.0,4.9791975021362305,0.897010087966919,0.0,1274.6842041015625,0.0,0,0,0,0,0,0,nan,nan,nan,nan,nan
267,10.679999761283398,5.208776,3.916248,0.40000963,0.21382289,0.06663635,0.23124145,0.9467665,0.7424487,0.47735915,-9.528294e-06,-0.17335725,-0.16208383,-0.23269787,0.8791112,0.0787313,-0.011430837,-0.22251362,-0.16034709,-0.18773687,0.4509949,0.027292078,0.4853679,5.8712387,0.44568485,2.5307317,0.009084284,-5.2315927,15.212964,2.2599986,0.45,-8.724766,-6.427883,8.0,8.0,0.0,4.946509838104248,0.916248083114624,0.0,1275.227783203125,0.0,0,0,0,0,0,0,nan,nan,nan,nan,nan
268,10.719999760389328,5.2382197,3.935287,0.40000927,0.21006685,0.06333859,0.22735326,0.9487732,0.73532724,0.47173962,-3.0390025e-05,-0.18421915,-0.17475784,-0.22996452,0.8694873,0.083664834,-0.015857615,-0.23806512,-0.16498473,-0.18293154,0.4417722,0.024671651,0.47592798,5.9704204,0.44621465,2.5064447,-0.017525164,-4.9789505,14.849081,2.2399986,0.45,-8.506178,-2.4691033,8.0,8.0,0.0,4.914196014404297,0.9352869987487793,0.0,1274.8463134765625,0.0,0,0,0,0,0,0,nan,nan,nan,nan,nan
269,10.759999759495258,5.267442,3.9540546,0.40000916,0.20614117,0.059973836,0.22356662,0.95075065,0.73027045,0.46437198,-5.4970238e-05,-0.18983822,-0.17921467,-0.22403921,0.86093545,0.08607946,-0.019001402,-0.24520533,-0.16388361,-0.17708224,0.43222716,0.021869503,0.46670485,6.0684304,0.4459532,2.47729,-0.037209187,-4.9711547,14.870492,2.2199986,0.45,-8.179317,0.5265438,8.0,8.0,0.0,4.88226842880249,0.954054594039917,0.0,1274.5009765625,0.0,0,0,0,0,0,0,nan,nan,nan,nan,nan
270,10.799999758601189,5.296531,3.972469,0.4000088,0.2021751,0.05667743,0.21989782,0.9526583,0.72740716,0.45507178,-8.458538e-05,-0.18988717,-0.17546077,-0.21612126,0.8534825,0.08573066,-0.020799272,-0.24370752,-0.1575782,-0.17123012,0.42268288,0.019073876,0.45779684,6.1651993,0.44501472,2.444836,-0.052993357,-4.9203978,14.736172,2.1999986,0.45,-7.79498,3.2609859,8.0,8.0,0.0,4.850747108459473,0.9724690914154053,0.0,1273.923095703125,0.0,0,0,0,0,0,0,nan,nan,nan,nan,nan
271,10.839999757707119,5.325576,3.9904509,0.40000838,0.19829346,0.05357397,0.21634243,0.954466,0.7266602,0.44396558,-0.00011556236,-0.18488683,-0.1640787,-0.2075259,0.84723,0.082781345,-0.021231234,-0.2343458,-0.14675383,-0.16647798,0.4134422,0.016471222,0.44924843,6.2606864,0.44348615,2.4095619,-0.06540478,-4.904954,14.683635,2.1799986,0.45,-7.3715305,5.9046693,8.0,8.0,0.0,4.819650173187256,0.9904508590698242,0.0,1273.2633056640625,0.0,0,0,0,0,0,0,nan,nan,nan,nan,nan
272,10.87999975681305,5.354653,4.0079293,0.40000793,0.19460765,0.050768744,0.2128769,0.95615566,0.727796,0.43132818,-0.00014016923,-0.17540208,-0.14607467,-0.19955309,0.8422079,0.07761802,-0.020350195,-0.2181167,-0.13241139,-0.16377175,0.40476772,0.014231186,0.441051,-6.211499,0.4414628,2.3725877,-0.07409005,-4.857543,14.539624,2.1599987,0.45,-6.9354305,8.440434,8.0,8.0,0.0,4.788996696472168,0.9920706748962402,0.0,1272.6884765625,0.0,0,0,0,0,0,0,nan,nan,nan,nan,nan
273,10.91999975591898,5.38383,4.0248475,0.40000737,0.19121197,0.048341148,0.20946038,0.95771986,0.7305173,0.41741812,-0.00015625,-0.1622394,-0.122889236,-0.19332227,0.8381759,0.07061784,-0.018432193,-0.19640581,-0.11574742,-0.16377994,0.396873,0.012492222,0.43314597,-6.118605,0.43904713,2.3351498,-0.079443164,-4.4931545,12.866799,2.1399987,0.45,-6.506749,10.772257,8.0,8.0,0.0,4.758800506591797,0.9751524925231934,0.0,1272.26171875,0.0,0,0,0,0,0,0,nan,nan,nan,nan,nan
274,10.95999975502491,5.4131584,4.041159,0.400007,0.1881777,0.04634123,0.20604114,0.9591604,0.73446566,0.40248168,-0.00017092099,-0.14667928,-0.09637641,-0.18967815,0.835067,0.062252227,-0.015502065,-0.1712254,-0.09804621,-0.16690408,0.389911,0.011352887,0.42543864,-6.02697,0.4363386,2.298375,-0.08225638,-4.4787574,12.780513,2.1199987,0.45,-6.11854,12.889005,8.0,8.0,0.0,4.729076862335205,0.9588408470153809,0.0,1271.983154296875,0.0,0,0,0,0,0,0,nan,nan,nan,nan,nan
275,10.99999975413084,5.4426713,4.0568333,0.40000677,0.18555407,0.04478756,0.20256001,0.96048594,0.73920393,0.38680667,-0.00017064097,-0.12948176,-0.06835647,-0.18918647,0.83252263,0.053018857,-0.011847533,-0.14401697,-0.08067649,-0.1731494,0.38397676,0.0108641805,0.41780698,-5.9365315,0.4334502,2.26378,-0.08283196,-3.9117408,11.73197,2.0999987,0.45,-5.779496,14.614246,8.0,8.0,0.0,4.6998395919799805,0.9431667327880859,0.0,1271.9244384765625,0.0,0,0,0,0,0,0,nan,nan,nan,nan,nan
276,11.03999975323677,5.472384,4.071853,0.40000668,0.18336688,0.043668546,0.19895647,0.9617099,0.7442847,0.3706676,-0.00017079225,-0.11164546,-0.04065936,-0.19206887,0.83029175,0.04342878,-0.007644847,-0.116469026,-0.064847596,-0.18230559,0.3791062,0.011029117,0.4101161,-5.847205,0.43049014,2.2319179,-0.0815122,-3.655278,11.353306,2.0799987,0.45,-5.520053,16.01585,8.0,8.0,0.0,4.671100616455078,0.9281468391418457,0.0,1271.95263671875,0.0,0,0,0,0,0,0,nan,nan,nan,nan,nan
277,11.079999752342701,5.5022955,4.086211,0.4000066,0.18162253,0.042944707,0.19517352,0.962848,0.7492667,0.35429993,-0.00016489961,-0.09365376,-0.014903403,-0.19831634,0.82809764,0.033949684,-0.003061138,-0.089669906,-0.05173276,-0.19392696,0.375286,0.011802902,0.4022303,-5.758889,0.42755884,2.203776,-0.078782775,-2.2569594,9.940252,2.0599988,0.45,-5.3375635,16.93313,8.0,8.0,0.0,4.642873287200928,0.9137887954711914,0.0,1272.0980224609375,0.0,0,0,0,0,0,0,nan,nan,nan,nan,nan
278,11.119999751448631,5.532388,4.0999093,0.40000653,0.1803082,0.04255294,0.1911607,0.96391684,0.75374335,0.33793747,-0.00015438901,-0.07615083,0.0074992445,-0.20764312,0.82565844,0.025003381,0.0016847402,-0.064711936,-0.04219746,-0.20737217,0.37245622,0.013099687,0.39402083,-5.6714773,0.4247385,2.1791942,-0.074835725,-1.7471377,8.68798,2.0399988,0.45,-5.241592,17.502651,8.0,8.0,0.0,4.615172386169434,0.9000906944274902,0.0,1272.3172607421875,0.0,0,0,0,0,0,0,nan,nan,nan,nan,nan
279,11.159999750554562,5.562631,4.112958,0.40000665,0.1793977,0.04241182,0.18687797,0.96493226,0.7573498,0.32182568,-0.00014488374,-0.059281893,0.025621844,-0.21968308,0.82270324,0.016969476,0.0063268766,-0.042052347,-0.03687998,-0.22204983,0.3705247,0.014798652,0.3853759,-5.5848503,0.4221011,2.158331,-0.06941806,-1.3043116,7.8590674,2.0199988,0.45,-5.2445626,17.72434,8.0,8.0,0.0,4.5880126953125,0.8870420455932617,0.0,1272.5374755859375,0.0,0,0,0,0,0,0,nan,nan,nan,nan,nan
280,11.199999749660492,5.592983,4.125371,0.40000686,0.17885211,0.042428344,0.18229811,0.9659084,0.75983894,0.30605608,-0.00013279433,-0.043734156,0.0385835,-0.23373075,0.81902075,0.010025551,0.010683224,-0.022578418,-0.0360828,-0.23710461,0.36937153,0.016755776,0.37620652,-5.4988966,0.41968763,2.1410317,-0.063438915,-1.5822524,5.9720955,1.9999988,0.45,-5.339533,17.731487,8.0,8.0,0.0,4.561412334442139,0.874629020690918,0.0,1272.749755859375,0.0,0,0,0,0,0,0,nan,nan,nan,nan,nan
281,11.239999748766422,5.6233926,4.1371694,0.40000695,0.17862359,0.04250526,0.17740735,0.9668575,0.76101947,0.29080927,-0.0001244772,-0.029535178,0.046256766,-0.24917544,0.8145516,0.004386697,0.014608797,-0.006304498,-0.039746597,-0.25194812,0.3688601,0.018815897,0.3664502,-5.413514,0.41752866,2.126818,-0.05661251,-1.174954,4.7451696,1.9799988,0.45,-5.5239496,17.4986,8.0,8.0,0.0,4.535385608673096,0.862830638885498,0.0,1272.9114990234375,0.0,0,0,0,0,0,0,nan,nan,nan,nan,nan
282,11.279999747872353,5.6538095,4.148374,0.400007,0.1786604,0.042548697,0.1722049,0.96778893,0.7608277,0.2761167,-0.00011067146,-0.017140625,0.048628323,-0.26520792,0.8091908,4.6537258e-05,0.017940741,0.0064092427,-0.047505632,-0.2658863,0.3688505,0.020825434,0.3560718,-5.3286138,0.4156335,2.115436,-0.04969809,-1.7316474,2.214259,1.9599988,0.45,-5.781858,17.150597,8.0,8.0,0.0,4.509948253631592,0.851625919342041,0.0,1273.06591796875,0.0,0,0,0,0,0,0,nan,nan,nan,nan,nan
283,11.319999746978283,5.6841803,4.1590104,0.40000695,0.1789075,0.042475563,0.16670379,0.9687093,0.7592836,0.26206267,-9.63118e-05,-0.0066790287,0.046299238,-0.28107023,0.80297875,-0.0030008024,0.020570586,0.015737237,-0.058587138,-0.2784043,0.36920372,0.022645762,0.3450674,-5.244133,0.4140034,2.1057608,-0.0426913,0.20810778,1.4248209,1.9399989,0.45,-6.10054,16.701843,8.0,8.0,0.0,4.485111236572266,0.8409895896911621,0.0,1273.186767578125,0.0,0,0,0,0,0,0,nan,nan,nan,nan,nan
284,11.359999746084213,5.7145166,4.168942,0.4000072,0.17951836,0.04226574,0.16086808,0.96959174,0.75808716,0.24412099,-8.079238e-05,0.014345333,0.045471847,-0.29912215,0.7960298,-0.009254839,0.024204232,0.035667285,-0.07226737,-0.29198012,0.37022313,0.02420584,0.33336386,-5.160118,0.41058677,2.1006324,-0.094017744,1.4923849,-0.625798,1.9199989,0.41,-6.3415837,10.816464,8.0,8.0,0.0,4.460990905761719,0.8310580253601074,0.0,1272.7471923828125,0.0,0,0,0,0,0,0,nan,nan,nan,nan,nan
285,11.399999745190144,5.7446556,4.178485,0.40000713,0.18004921,0.04179233,0.15483788,0.9704951,0.7525221,0.23575407,-8.773724e-05,0.0053721326,0.030691087,-0.30915183,0.78820777,-0.0057057533,0.023576366,0.022631573,-0.086343415,-0.2976129,0.37098375,0.025364347,0.32118344,-5.076352,0.40879923,2.0829139,-0.038745273,1.5609293,1.7315937,1.8999989,0.45,-6.864927,20.353336,8.0,8.0,0.0,4.437404155731201,0.8215150833129883,0.0,1274.242431640625,0.0,0,0,0,0,0,0,nan,nan,nan,nan,nan
286,11.439999744296074,5.774558,4.187628,0.40000692,0.1805335,0.040868636,0.14863174,0.9714144,0.74639446,0.22549944,-8.7673674e-05,0.008801682,0.0080689145,-0.32195598,0.77938306,-0.0037109945,0.022896364,0.019108856,-0.11206341,-0.30146217,0.3715012,0.025737591,0.30849278,-4.9926934,0.40810058,2.0876157,-0.01741821,2.6440628,1.2725497,1.9199989,0.45,-5.9860015,15.427938,8.0,8.0,0.0,4.414382457733154,0.8123722076416016,0.0,1273.3416748046875,0.0,0,0,0,0,0,0,nan,nan,nan,nan,nan
287,11.479999743402004,5.804231,4.1963334,0.40000677,0.18100686,0.039525725,0.14226891,0.9723342,0.7405524,0.21469821,-8.613027e-05,0.011372071,-0.010258772,-0.3325757,0.7707516,-0.0023780894,0.021837652,0.01633569,-0.13295904,-0.30478045,0.3718738,0.025363851,0.29534337,-4.9091673,0.40772325,2.085586,-0.010164985,0.9457886,2.6979716,1.8999989,0.45,-6.5901127,14.130034,8.0,8.0,0.0,4.391956329345703,0.8036665916442871,0.0,1273.254150390625,0.0,0,0,0,0,0,0,nan,nan,nan,nan,nan
288,11.519999742507935,5.833664,4.204602,0.4000067,0.1814692,0.037710115,0.13578784,0.97324634,0.7344155,0.20378765,-9.436905e-05,0.014043942,-0.033684976,-0.34173697,0.76190877,-0.0012432588,0.020125201,0.012367312,-0.15795437,-0.3049788,0.3721031,0.024122179,0.28179196,-4.82567,0.40745777,2.0857284,-0.008199675,1.993723,1.0962602,1.9199989,0.45,-5.8273783,13.704336,8.0,8.0,0.0,4.3701324462890625,0.7953982353210449,0.0,1273.1756591796875,0.0,0,0,0,0,0,0,nan,nan,nan,nan,nan
289,11.559999741613865,5.8628707,4.2124505,0.40000677,0.1818945,0.03552436,0.12921992,0.97414297,0.72889733,0.19345772,-9.239662e-05,0.014267707,-0.049362846,-0.3480621,0.75392675,7.7582896e-05,0.017848073,0.008407,-0.17440028,-0.30546117,0.37218642,0.022204652,0.2679405,-4.7423286,0.40726957,2.0811405,-0.006160521,-1.3552427,3.8220043,1.8999989,0.45,-6.441578,13.480072,8.0,8.0,0.0,4.348891258239746,0.7875494956970215,0.0,1273.33544921875,0.0,0,0,0,0,0,0,nan,nan,nan,nan,nan
290,11.599999740719795,5.8918786,4.2198477,0.40000677,0.18232971,0.03299902,0.122595005,0.9750063,0.7239893,0.1819869,-9.590701e-05,0.017546915,-0.065653086,-0.35274953,0.7463676,1.906138e-05,0.015645765,0.0074207904,-0.19157138,-0.3038054,0.37224376,0.019644342,0.2538616,-4.6591563,0.40654218,2.078132,-0.022611026,2.2317996,0.8774046,1.9199989,0.4387023,-5.5671334,11.7963085,8.0,8.0,0.0,4.328247547149658,0.7801523208618164,0.0,1273.1285400390625,0.0,0,0,0,0,0,0,nan,nan,nan,nan,nan
291,11.639999739825726,5.9207053,4.2268896,0.4000067,0.1826495,0.030281968,0.1159477,0.9758474,0.7197027,0.1736493,-9.332212e-05,0.011487518,-0.07316351,-0.354258,0.74024385,0.0024556895,0.012245644,-0.00027840678,-0.19755977,-0.30324027,0.37207508,0.016746365,0.23967795,-4.5762987,0.40624514,2.0664666,-0.0069398438,0.17910236,3.749171,1.8999989,0.45,-6.0632315,14.53017,8.0,8.0,0.0,4.308112144470215,0.7731103897094727,0.0,1273.733642578125,0.0,0,0,0,0,0,0,nan,nan,nan,nan,nan
292,11.679999738931656,5.9494066,4.2335796,0.40000683,0.18285018,0.027574249,0.1092941,0.9766577,0.71688485,0.16478786,-8.799788e-05,0.0061116577,-0.07112063,-0.35317117,0.7355078,0.00398372,0.009318553,-0.005044099,-0.19417864,-0.3034754,0.37172863,0.013892759,0.22549754,-4.4940586,0.40618947,2.0510504,-0.002654634,1.5850792,2.463807,1.8799989,0.45,-6.267124,13.343892,8.0,8.0,0.0,4.288455963134766,0.7664203643798828,0.0,1273.6527099609375,0.0,0,0,0,0,0,0,nan,nan,nan,nan,nan
293,11.719999738037586,5.978034,4.2399096,0.40000677,0.18294442,0.025047986,0.10265581,0.9774281,0.71530217,0.15577184,-8.6578075e-05,0.000366191,-0.061303042,-0.34950444,0.73202944,0.0050426796,0.006910844,-0.008524824,-0.18276896,-0.30403337,0.37126684,0.011404839,0.21142745,-4.4126434,0.4061764,2.029617,-0.0019651745,-0.31839925,4.0796156,1.859999,0.45,-6.278924,13.121098,8.0,8.0,0.0,4.269265651702881,0.7600903511047363,0.0,1273.59130859375,0.0,0,0,0,0,0,0,nan,nan,nan,nan,nan
294,11.759999737143517,6.006628,4.245874,0.40000674,0.1829426,0.022827191,0.09605943,0.9781531,0.7146329,0.1465853,-8.633392e-05,-0.0053235376,-0.046162955,-0.34355834,0.7294964,0.005713805,0.005144175,-0.011012679,-0.16572848,-0.30430967,0.37072754,0.0095104,0.19756539,-4.332184,0.4061478,2.0050786,-0.0025126315,1.4439417,2.5916667,1.839999,0.45,-6.1660457,13.153883,8.0,8.0,0.0,4.250528812408447,0.7541260719299316,0.0,1273.5408935546875,0.0,0,0,0,0,0,0,nan,nan,nan,nan,nan
295,11.799999736249447,6.035214,4.251465,0.4000066,0.18286394,0.020988565,0.08953359,0.97882783,0.71453047,0.13717188,-9.3224306e-05,-0.010102646,-0.027957628,-0.3356815,0.72753,0.0060085338,0.004073616,-0.012246886,-0.14537697,-0.3037789,0.37015036,0.008343551,0.18399483,-4.2527494,0.40609652,1.978907,-0.0031331698,-0.7274467,4.6893983,1.819999,0.45,-5.9881544,13.2501335,8.0,8.0,0.0,4.232245445251465,0.74853515625,0.0,1273.44384765625,0.0,0,0,0,0,0,0,nan,nan,nan,nan,nan
296,11.839999735355377,6.063804,4.2566695,0.4000066,0.1827368,0.019561943,0.083107516,0.97944766,0.714644,0.1273684,-9.4855175e-05,-0.013367482,-0.00892438,-0.32635853,0.7258855,0.005835774,0.0038301293,-0.0121003585,-0.1240101,-0.30206737,0.36958143,0.007946277,0.17078266,-4.174346,0.40602,1.952727,-0.0039541675,-1.1413866,4.6592937,1.799999,0.45,-5.782705,13.344052,8.0,8.0,0.0,4.214425086975098,0.7433304786682129,0.0,1273.392822265625,0.0,0,0,0,0,0,0,nan,nan,nan,nan,nan
297,11.879999734461308,6.0923963,4.2614694,0.4000066,0.18259642,0.01853613,0.0768083,0.9800078,0.7146202,0.1171563,-9.710209e-05,-0.014435066,0.009118609,-0.3160397,0.7241485,0.005183256,0.004330203,-0.010196792,-0.103528924,-0.2989122,0.3690737,0.008281359,0.15797639,-4.096931,0.40592542,1.9278762,-0.0042258766,-1.7348336,6.9689374,1.779999,0.45,-5.612403,13.453356,8.0,8.0,0.0,4.197089672088623,0.7385306358337402,0.0,1273.367919921875,0.0,0,0,0,0,0,0,nan,nan,nan,nan,nan
298,11.919999733567238,6.1209764,4.265846,0.4000066,0.18248358,0.017867848,0.07065756,0.9805039,0.7141884,0.10638446,-9.728858e-05,-0.013368606,0.024729438,-0.30530396,0.72205055,0.0039026523,0.005555192,-0.0068195905,-0.08542427,-0.2943778,0.3686883,0.0092514325,0.14560133,-4.020422,0.4058178,1.9051437,-0.0047993446,-1.3769234,4.33602,1.759999,0.45,-5.5001802,13.541065,8.0,8.0,0.0,4.180267810821533,0.734154224395752,0.0,1273.3450927734375,0.0,0,0,0,0,0,0,nan,nan,nan,nan,nan
299,11.959999732673168,6.14952,4.269777,0.4000066,0.18243796,0.017491734,0.06467123,0.98093224,0.7131002,0.0951624,-9.837621e-05,-0.00982377,0.037029408,-0.29459938,0.7193819,0.0020721133,0.0073614316,-0.0016483511,-0.070671156,-0.28854895,0.36848405,0.010719638,0.13366382,-3.9447205,0.40571108,1.8849975,-0.0047073704,-2.709311,8.187504,1.739999,0.45,-5.4774494,13.584217,8.0,8.0,0.0,4.1639933586120605,0.7302231788635254,0.0,1273.324462890625,0.0,0,0,0,0,0,0,nan,nan,nan,nan,nan
300,11.999999731779099,6.177995,4.273246,0.40000668,0.1825006,0.017330457,0.05885588,0.9812895,0.71120363,0.0835136,-9.667066e-05,-0.0039822813,0.04558273,-0.28445616,0.7160386,-0.00031345477,0.009640428,0.005164994,-0.0597992,-0.28179142,0.3685253,0.012530249,0.122148044,-3.8697217,0.40562186,1.867571,-0.0042492524,-2.3830614,7.7162623,1.7199991,0.45,-5.551124,13.568595,8.0,8.0,0.0,4.148300647735596,0.7267541885375977,0.0,1273.318603515625,0.0,0,0,0,0,0,0,nan,nan,nan,nan,nan
301,12.039999730885029,6.2063675,4.276239,0.40000665,0.18270683,0.017303202,0.053210396,0.98157394,0.7084185,0.071493804,-9.426201e-05,0.0036814956,0.050304808,-0.2753173,0.71191776,-0.003239036,0.012242656,0.013227608,-0.05295806,-0.27452615,0.36886823,0.014525451,0.111022316,-3.7953248,0.40556154,1.8526883,-0.0037992522,-0.2818952,7.110089,1.6999991,0.45,-5.701666,13.461559,8.0,8.0,0.0,4.13322114944458,0.7237610816955566,0.0,1273.2569580078125,0.0,0,0,0,0,0,0,nan,nan,nan,nan,nan
302,12.07999972999096,6.2345996,4.2787457,0.4000067,0.18308288,0.017332986,0.047724288,0.98178536,0.7047144,0.05931806,-9.226735e-05,0.012893441,0.05151554,-0.26747447,0.70701486,-0.0065284767,0.0149863735,0.0224085,-0.049897853,-0.26715338,0.36955458,0.0165603,0.100238256,-3.721447,0.4055489,1.839938,-0.0025814367,-0.66084826,7.8145905,1.6799991,0.45,-5.9353075,13.304489,8.0,8.0,0.0,4.118782997131348,0.7212543487548828,0.0,1273.2786865234375,0.0,0,0,0,0,0,0,nan,nan,nan,nan,nan
303,12.11999972909689,6.262655,4.280764,0.40000668,0.18364757,0.017352525,0.042381026,0.9819248,0.7001273,0.047128636,-8.3742816e-05,0.023095597,0.049727652,-0.26116455,0.7014056,-0.010060149,0.017749062,0.032287035,-0.050155237,-0.26010627,0.3706154,0.018512461,0.0897392,-3.6480238,0.405604,1.8289119,-0.00074474234,0.9302337,7.825877,1.6599991,0.45,-6.2270994,13.094862,8.0,8.0,0.0,4.105007171630859,0.719235897064209,0.0,1273.273681640625,0.0,0,0,0,0,0,0,nan,nan,nan,nan,nan
304,12.15999972820282,6.2905016,4.282298,0.40000683,0.18441167,0.017307645,0.03715754,0.98199385,0.69473237,0.03508931,-7.964155e-05,0.03385845,0.0456151,-0.25651437,0.6951995,-0.013686335,0.020401724,0.04256589,-0.053103305,-0.25376165,0.3720686,0.020288823,0.07946034,-3.575014,0.40574676,1.8191592,0.0016269672,1.0216715,7.6245794,1.6399992,0.45,-6.555286,12.770297,8.0,8.0,0.0,4.09190559387207,0.7177019119262695,0.0,1273.2861328125,0.0,0,0,0,0,0,0,nan,nan,nan,nan,nan
305,12.19999972730875,6.31811,4.283358,0.40000677,0.18537432,0.017159622,0.03202716,0.981996,0.6886432,0.023347193,-7.645235e-05,0.044531524,0.039962657,-0.25354266,0.6884452,-0.017268393,0.022839846,0.052716356,-0.057970494,-0.24844389,0.37391195,0.021829069,0.06933504,-3.502399,0.40598488,1.8098809,0.0042934446,1.3378171,8.801164,1.6199992,0.45,-6.9098253,12.369451,8.0,8.0,0.0,4.0794830322265625,0.716641902923584,0.0,1273.3060302734375,0.0,0,0,0,0,0,0,nan,nan,nan,nan,nan
306,12.23999972641468,6.3454566,4.283961,0.40000677,0.18652588,0.01688448,0.026960574,0.9819349,0.68197197,0.0120969815,-7.318611e-05,0.05473984,0.033458,-0.25220153,0.6813204,-0.020601109,0.024985699,0.06243792,-0.064086445,-0.24436848,0.376127,0.023103286,0.0592964,-3.430182,0.40633157,1.800758,0.0075479187,1.194251,8.600431,1.5999992,0.45,-7.2599416,11.897676,8.0,8.0,0.0,4.067734241485596,0.7160391807556152,0.0,1273.3465576171875,0.0,0,0,0,0,0,0,nan,nan,nan,nan,nan
307,12.27999972552061,6.3725224,4.2841296,0.40000683,0.18784802,0.016472327,0.021928804,0.98181504,0.67484885,0.0014643392,-7.04379e-05,0.06400674,0.026793921,-0.252357,0.6739087,-0.023548983,0.026783809,0.07131491,-0.070750445,-0.24167635,0.37867957,0.024109326,0.049282912,-3.3583846,0.40679243,1.7910817,0.011158728,0.93832684,9.126283,1.5799992,0.45,-7.6022725,11.366996,8.0,8.0,0.0,4.05664587020874,0.7158703804016113,0.0,1273.3984375,0.0,0,0,0,0,0,0,nan,nan,nan,nan,nan
308,12.319999724626541,6.399292,4.283891,0.40000677,0.18931405,0.015924443,0.016903661,0.9816418,0.6673868,-0.008458604,-6.778668e-05,0.071804516,0.020446986,-0.2538618,0.6663476,-0.025996149,0.028214127,0.07883889,-0.07747184,-0.24042064,0.381519,0.024866559,0.03923832,-3.2870412,0.40736613,1.780714,0.014782426,1.019748,8.851037,1.5599992,0.45,-7.9114003,10.786746,8.0,8.0,0.0,4.046199321746826,0.7161087989807129,0.0,1273.4608154296875,0.0,0,0,0,0,0,0,nan,nan,nan,nan,nan
309,12.359999723732471,6.425757,4.2832775,0.40000695,0.19089131,0.015250471,0.011857892,0.98142105,0.6596863,-0.01754264,-6.461742e-05,0.077862084,0.0148072075,-0.2565245,0.65869045,-0.027796399,0.02924087,0.084754415,-0.08384466,-0.2405693,0.3845826,0.025409864,0.029111043,-3.2161956,0.40805835,1.7692765,0.018728646,1.4004695,8.35109,1.5399992,0.45,-8.182355,10.213253,8.0,8.0,0.0,4.036367893218994,0.7167224884033203,0.0,1273.5311279296875,0.0,0,0,0,0,0,0,nan,nan,nan,nan,nan
310,12.399999722838402,6.451909,4.2823234,0.40000695,0.19254269,0.014465705,0.0067690797,0.98115855,0.6518283,-0.025751892,-6.288856e-05,0.082177825,0.010098594,-0.26012784,0.6510041,-0.028891733,0.029868426,0.08902975,-0.089620076,-0.24199834,0.38779852,0.025782485,0.018860998,-3.1458967,0.40886286,1.7568378,0.02271425,0.97771966,8.580707,1.5199993,0.45,-8.413398,9.563002,8.0,8.0,0.0,4.027121067047119,0.7176766395568848,0.0,1273.580322265625,0.0,0,0,0,0,0,0,nan,nan,nan,nan,nan
311,12.439999721944332,6.477745,4.281061,0.40000692,0.19422802,0.013588202,0.001617533,0.98086095,0.64387774,-0.0330995,-6.0851107e-05,0.08421175,0.0064172596,-0.26445684,0.6433673,-0.029269034,0.030121954,0.09111856,-0.09466494,-0.2445533,0.39108798,0.026030872,0.008454534,-3.076192,0.40976503,1.7431334,0.026244488,0.5894691,9.060904,1.4999993,0.45,-8.598052,8.978706,8.0,8.0,0.0,4.018428325653076,0.7189388275146484,0.0,1273.631103515625,0.0,0,0,0,0,0,0,nan,nan,nan,nan,nan
312,12.479999721050262,6.503261,4.2795286,0.40000698,0.19590798,0.012636038,-0.0036131367,0.9805342,0.63587314,-0.03955173,-5.892201e-05,0.084252365,0.0037458031,-0.26935595,0.63573307,-0.028883992,0.030001512,0.09126975,-0.09898679,-0.24806508,0.39437312,0.026198816,-0.0021353415,-3.00713,0.41076297,1.728312,0.029656095,0.4356037,8.832009,1.4799993,0.45,-8.745844,8.360116,8.0,8.0,0.0,4.010253429412842,0.7204713821411133,0.0,1273.6607666015625,0.0,0,0,0,0,0,0,nan,nan,nan,nan,nan
313,12.519999720156193,6.5284557,4.277758,0.40000695,0.19754179,0.011625679,-0.008934477,0.98018473,0.6278399,-0.045200128,-5.729354e-05,0.082071185,0.0019606072,-0.27462068,0.62815434,-0.027807182,0.02955327,0.08923938,-0.1026694,-0.2522924,0.3975725,0.02632353,-0.0129266,-2.9387527,0.41183445,1.7121176,0.032293588,0.51132786,8.764186,1.4599993,0.45,-8.85309,7.781913,8.0,8.0,0.0,4.002564907073975,0.7222418785095215,0.0,1273.6766357421875,0.0,0,0,0,0,0,0,nan,nan,nan,nan,nan
314,12.559999719262123,6.5533276,4.2757816,0.40000695,0.19909082,0.01056916,-0.014355541,0.9798188,0.6197773,-0.05007661,-5.663131e-05,0.077865474,0.00083152804,-0.2801465,0.62057245,-0.026065128,0.02879493,0.0852008,-0.105929494,-0.2570325,0.40060836,0.026430914,-0.023933856,-2.8710911,0.41296405,1.6952107,0.034377214,0.30954212,8.78221,1.4399993,0.45,-8.927003,7.238298,8.0,8.0,0.0,3.995330333709717,0.7242183685302734,0.0,1273.6722412109375,0.0,0,0,0,0,0,0,nan,nan,nan,nan,nan
315,12.599999718368053,6.5778766,4.273629,0.40000686,0.20052181,0.009475426,-0.019882271,0.9794416,0.6116932,-0.054255337,-6.21513e-05,0.07186249,0.00020464894,-0.28583184,0.6130278,-0.023724675,0.027749144,0.07936974,-0.108906776,-0.26211402,0.40341365,0.026538024,-0.035166614,-2.8041744,0.41414046,1.6771566,0.03593758,0.18211168,8.859987,1.4199994,0.45,-8.971371,6.762778,8.0,8.0,0.0,3.9885177612304688,0.7263708114624023,0.0,1273.622802734375,0.0,0,0,0,0,0,0,nan,nan,nan,nan,nan
316,12.639999717473984,6.602101,4.2713246,0.4000069,0.2018051,0.008348577,-0.025518477,0.9790576,0.6035742,-0.057863206,-6.2300845e-05,0.06431037,-0.00015078706,-0.2916163,0.6053917,-0.020906614,0.02648422,0.071994625,-0.11181833,-0.26737463,0.40592828,0.02665015,-0.046632003,-2.7380207,0.4153407,1.658431,0.03663133,0.090341106,8.88433,1.3999994,0.45,-8.999238,6.3148375,8.0,8.0,0.0,3.982102632522583,0.728675365447998,0.0,1273.634033203125,0.0,0,0,0,0,0,0,nan,nan,nan,nan,nan
317,12.679999716579914,6.6259985,4.26889,0.4000069,0.20291719,0.0071896426,-0.031266704,0.9786701,0.59541774,-0.06099209,-6.275116e-05,0.055521473,-0.00037369324,-0.29745743,0.5977227,-0.01769925,0.02502224,0.063388236,-0.114792146,-0.27270517,0.40810484,0.026764877,-0.05833574,-2.6726465,0.41654417,1.6389282,0.03657981,0.2188519,8.840171,1.3799994,0.45,-9.012981,5.9366884,8.0,8.0,0.0,3.9760613441467285,0.7311100959777832,0.0,1273.611083984375,0.0,0,0,0,0,0,0,nan,nan,nan,nan,nan
318,12.719999715685844,6.649567,4.266341,0.4000069,0.20383888,0.0059968964,-0.03712795,0.9782818,0.58721584,-0.063749604,-6.377292e-05,0.04569144,-0.0005912272,-0.30333546,0.59005153,-0.01420818,0.023392875,0.05375374,-0.1179519,-0.27802566,0.40990514,0.026872782,-0.07028159,-2.6080596,0.41772878,1.61883,0.03580336,0.081510186,8.821227,1.3599994,0.45,-9.019014,5.6729817,8.0,8.0,0.0,3.9703750610351562,0.7336587905883789,0.0,1273.5865478515625,0.0,0,0,0,0,0,0,nan,nan,nan,nan,nan
319,12.759999714791775,6.6728067,4.2636914,0.4000069,0.20455696,0.004767065,-0.043103155,0.9778936,0.5789675,-0.06626384,-6.579937e-05,0.035196453,-0.00085668283,-0.3092583,0.5822675,-0.010561597,0.021661472,0.04347074,-0.12134395,-0.28331262,0.41130325,0.026960732,-0.08247373,-2.5442672,0.41887137,1.5981294,0.03413307,-0.27338532,8.71255,1.3399994,0.45,-9.022332,5.4339495,8.0,8.0,0.0,3.9650275707244873,0.7363085746765137,0.0,1273.5595703125,0.0,0,0,0,0,0,0,nan,nan,nan,nan,nan
320,12.799999713897705,6.6957135,4.2609477,0.40000686,0.20506428,0.0034960385,-0.049193665,0.9775052,0.57067186,-0.0686155,-7.298828e-05,0.024294008,-0.0012149164,-0.315254,0.5744125,-0.006839537,0.01984822,0.03280478,-0.12501338,-0.28856888,0.41228625,0.027013805,-0.094917335,-2.4812698,0.41995364,1.5772141,0.031836092,-0.53009963,8.633168,1.3199995,0.45,-9.019336,5.307161,8.0,8.0,0.0,3.9600095748901367,0.7390522956848145,0.0,1273.5059814453125,0.0,0,0,0,0,0,0,nan,nan,nan,nan,nan
321,12.839999713003635,6.718287,4.2581143,0.40000683,0.20535828,0.0021812252,-0.055400547,0.97711504,0.5623358,-0.07092609,-7.53226e-05,0.013247424,-0.0015821697,-0.32133067,0.56650114,-0.003153348,0.018012233,0.022014242,-0.12887084,-0.293834,0.41285065,0.027019827,-0.10761636,-2.4190738,0.42095515,1.5562142,0.02873258,-0.555583,8.684602,1.2999995,0.45,-9.019699,5.230018,8.0,8.0,0.0,3.955312490463257,0.7418856620788574,0.0,1273.486328125,0.0,0,0,0,0,0,0,nan,nan,nan,nan,nan
322,12.879999712109566,6.740526,4.255193,0.40000683,0.20544027,0.0008218049,-0.061726257,0.9767207,0.55397177,-0.07326452,-7.6759265e-05,0.0022392196,-0.0018829751,-0.32751203,0.558581,0.00043166167,0.01617271,0.011279161,-0.13284138,-0.29916257,0.41300124,0.026970735,-0.120576665,-2.3576894,0.42185992,1.5349696,0.025100194,-0.8856772,8.817909,1.2799995,0.45,-9.007049,5.2697783,8.0,8.0,0.0,3.950930595397949,0.7448067665100098,0.0,1273.4825439453125,0.0,0,0,0,0,0,0,nan,nan,nan,nan,nan
323,12.919999711215496,6.76243,4.25218,0.4000068,0.20531665,-0.0005812356,-0.068172395,0.9763182,0.5455914,-0.07568853,-7.917627e-05,-0.008331353,-0.002053772,-0.33383203,0.55060124,0.0038612527,0.014377932,0.000984286,-0.13683121,-0.30461985,0.41275308,0.026862144,-0.1338016,-2.2971206,0.42265844,1.5140549,0.021145746,-0.86261976,8.809609,1.2599995,0.45,-8.990213,5.3505564,8.0,8.0,0.0,3.9468636512756348,0.7478199005126953,0.0,1273.4696044921875,0.0,0,0,0,0,0,0,nan,nan,nan,nan,nan
324,12.959999710321426,6.784,4.249071,0.4000067,0.20499742,-0.0020234014,-0.07474207,0.9759024,0.53721416,-0.07827312,-8.654911e-05,-0.018278062,-0.001902147,-0.34027204,0.5426754,0.007069821,0.012637904,-0.008705594,-0.1406232,-0.31027925,0.41212812,0.026697751,-0.14729586,-2.2373786,0.42333743,1.4930581,0.016872482,-0.9661397,8.833458,1.2399995,0.45,-8.974909,5.5145965,8.0,8.0,0.0,3.943110942840576,0.7509288787841797,0.0,1273.4246826171875,0.0,0,0,0,0,0,0,nan,nan,nan,nan,nan
325,12.999999709427357,6.8052354,4.2458572,0.4000068,0.20449483,-0.0034984378,-0.081438065,0.9754678,0.52883756,-0.081071146,-8.886535e-05,-0.027508968,-0.0014239403,-0.34681818,0.5348005,0.010014612,0.010995923,-0.017729487,-0.14418015,-0.31613222,0.4111527,0.026485197,-0.16106294,-2.1784756,0.4238856,1.4723628,0.012347967,-0.8985617,8.95626,1.2199996,0.45,-8.937751,5.7628336,8.0,8.0,0.0,3.939676523208618,0.7541427612304688,0.0,1273.4141845703125,0.0,0,0,0,0,0,0,nan,nan,nan,nan,nan
326,13.039999708533287,6.8261385,4.24253,0.4000067,0.20382443,-0.004997921,-0.08826202,0.9750079,0.52047473,-0.08411048,-9.698086e-05,-0.035854626,-0.0005073898,-0.353425,0.5269996,0.012669477,0.0094641,-0.025932394,-0.14733975,-0.3222017,0.4098593,0.026236895,-0.17510311,-2.1204278,0.4243014,1.4514415,0.0077823224,-0.80164075,9.043185,1.1999996,0.45,-8.896253,6.080328,8.0,8.0,0.0,3.936563491821289,0.7574701309204102,0.0,1273.363525390625,0.0,0,0,0,0,0,0,nan,nan,nan,nan,nan
327,13.079999707639217,6.846709,4.2390785,0.40000677,0.20300215,-0.006513882,-0.09521494,0.97451615,0.5121069,-0.08742429,-0.00010462649,-0.0432427,0.00074503716,-0.36004385,0.51924413,0.015005499,0.008083263,-0.033245385,-0.15014121,-0.32841277,0.4082808,0.025964826,-0.18941574,-2.0632436,0.42457944,1.4308938,0.003161069,-1.3429438,9.072653,1.1799996,0.45,-8.834002,6.443795,8.0,8.0,0.0,3.9337782859802246,0.7609214782714844,0.0,1273.306884765625,0.0,0,0,0,0,0,0,nan,nan,nan,nan,nan
328,13.119999706745148,6.866946,4.2354913,0.40000677,0.20204704,-0.008037678,-0.102296814,0.97398543,0.5037389,-0.09100397,-0.00011217713,-0.049457796,0.0023624897,-0.3665962,0.5115732,0.017030632,0.006849544,-0.039476924,-0.15246327,-0.33472642,0.40645605,0.025683196,-0.20399797,-2.0069325,0.4247224,1.4102248,-0.0012246985,-2.100282,8.936,1.1599996,0.45,-8.770682,6.839594,8.0,8.0,0.0,3.9313275814056396,0.7645087242126465,0.0,1273.2449951171875,0.0,0,0,0,0,0,0,nan,nan,nan,nan,nan
329,13.159999705851078,6.8868504,4.231756,0.40000683,0.20097831,-0.009561251,-0.1095046,0.9734089,0.49534363,-0.094890654,-0.00012041972,-0.054588377,0.0042686136,-0.3729405,0.50396174,0.018700214,0.0057995934,-0.0447181,-0.15430711,-0.3409889,0.4044238,0.02540482,-0.21884136,-1.9515026,0.42472836,1.3892236,-0.0055933967,-3.0126917,8.6241665,1.1399996,0.45,-8.704083,7.2854733,8.0,8.0,0.0,3.9292192459106445,0.7682437896728516,0.0,1273.1732177734375,0.0,0,0,0,0,0,0,nan,nan,nan,nan,nan
330,13.199999704957008,6.9064193,4.227862,0.40000677,0.1998156,-0.011078991,-0.1168324,0.97278005,0.48689246,-0.09905873,-0.00012867003,-0.058621634,0.006259466,-0.37897295,0.49643564,0.02002259,0.004908804,-0.048937224,-0.15578443,-0.34703133,0.4022239,0.025137676,-0.23393303,-1.896959,0.42460394,1.3682722,-0.009662194,-3.6765513,9.061954,1.1199996,0.45,-8.625364,7.774723,8.0,8.0,0.0,3.9274604320526123,0.7721381187438965,0.0,1273.093017578125,0.0,0,0,0,0,0,0,nan,nan,nan,nan,nan
331,13.239999704062939,6.9256506,4.223795,0.40000683,0.1985794,-0.012587233,-0.12427146,0.97209275,0.47836712,-0.10348997,-0.00013656185,-0.061439957,0.00820738,-0.3845588,0.48896304,0.02100079,0.0041899476,-0.051980108,-0.15690212,-0.35271317,0.39989778,0.024886156,-0.24925524,-1.8433007,0.42435667,1.3470294,-0.0133219315,-5.587427,8.767819,1.0999997,0.45,-8.548051,8.260015,8.0,8.0,0.0,3.926060438156128,0.7762050628662109,0.0,1273.012451171875,0.0,0,0,0,0,0,0,nan,nan,nan,nan,nan
332,13.279999703168869,6.9445386,4.2195463,0.40000677,0.19728936,-0.014084802,-0.13180995,0.97134167,0.46973515,-0.108167104,-0.00013917984,-0.06311138,0.009940345,-0.38954225,0.48152372,0.021630514,0.003647143,-0.053882703,-0.15773602,-0.35783377,0.39748582,0.02464959,-0.2647853,-1.7905213,0.4239922,1.3258162,-0.016455676,-6.1704473,9.065153,1.0799997,0.45,-8.473617,8.805487,8.0,8.0,0.0,3.9250259399414062,0.7804536819458008,0.0,1272.973876953125,0.0,0,0,0,0,0,0,nan,nan,nan,nan,nan
333,13.3199997022748,6.963079,4.2151036,0.4000068,0.19596775,-0.015571787,-0.13943334,0.9705217,0.46098208,-0.11306966,-0.00014731656,-0.0634858,0.011351515,-0.39377418,0.47411805,0.021905225,0.0032652393,-0.054512,-0.15825088,-0.36221796,0.39503357,0.024425792,-0.28049552,-1.7386116,0.42352137,1.3042505,-0.019063888,-7.7852764,8.836611,1.0599997,0.45,-8.411783,9.306778,8.0,8.0,0.0,3.924365520477295,0.7848963737487793,0.0,1272.8914794921875,0.0,0,0,0,0,0,0,nan,nan,nan,nan,nan
334,13.35999970138073,6.981265,4.210457,0.40000665,0.19463567,-0.017049573,-0.14712283,0.9696293,0.45207772,-0.11820256,-0.00014947425,-0.06281125,0.012357228,-0.39706966,0.46675196,0.021795029,0.0030497033,-0.054059364,-0.15848255,-0.3656763,0.3925847,0.024209537,-0.29635045,-1.6875656,0.4229525,1.282233,-0.021190189,-8.407729,8.768065,1.0399997,0.45,-8.359458,9.893095,8.0,8.0,0.0,3.9240870475769043,0.7895431518554688,0.0,1272.8189697265625,0.0,0,0,0,0,0,0,nan,nan,nan,nan,nan
335,13.39999970048666,6.99909,4.205598,0.40000665,0.19331485,-0.01852161,-0.15485781,0.96866155,0.4430136,-0.123496704,-0.00015258703,-0.060832117,0.012739558,-0.39938283,0.45941514,0.02133322,0.0029687323,-0.05219543,-0.15850434,-0.36813876,0.3901847,0.02399259,-0.3123114,-1.637367,0.4222986,1.2603755,-0.022564445,-9.689643,8.571835,1.0199997,0.45,-8.314205,10.390525,8.0,8.0,0.0,3.9241952896118164,0.7944021224975586,0.0,1272.7872314453125,0.0,0,0,0,0,0,0,nan,nan,nan,nan,nan
336,13.43999969959259,7.0165467,4.2005177,0.40000656,0.1920277,-0.019990752,-0.16261554,0.9676166,0.4337832,-0.1289592,-0.00014803243,-0.057742905,0.012578198,-0.40053967,0.45207337,0.020496381,0.0030738395,-0.04917462,-0.15819542,-0.36943555,0.3878801,0.02376885,-0.3283352,-1.5880036,0.42157084,1.2381171,-0.023301685,-10.510145,8.467104,0.99999976,0.45,-8.286259,10.952163,8.0,8.0,0.0,3.924696922302246,0.7996535897254944,0.0,1272.813232421875,0.0,0,0,0,0,0,0,nan,nan,nan,nan,nan
337,13.47999969869852,7.0336266,4.1952076,0.40000653,0.19079584,-0.021460002,-0.17037147,0.96649367,0.42438114,-0.13455309,-0.00013916122,-0.05349397,0.011769876,-0.40049255,0.44476533,0.019287111,0.0033217445,-0.044888914,-0.15758169,-0.36952242,0.38571584,0.023532595,-0.3443749,-1.5394604,0.42078185,1.2160126,-0.023386076,-11.535563,8.978491,0.9799998,0.45,-8.266073,11.450216,8.0,8.0,0.0,3.925598382949829,0.8054946064949036,0.0,1272.8798828125,0.0,0,0,0,0,0,0,nan,nan,nan,nan,nan
338,13.519999697804451,7.050322,4.1896634,0.40000653,0.1896414,-0.02293078,-0.17810087,0.9652928,0.41481435,-0.14025967,-0.00012686627,-0.048186276,0.010422727,-0.39922,0.43751928,0.017700205,0.003696669,-0.039463412,-0.15655968,-0.36842337,0.38373712,0.023282869,-0.3603821,-1.4917303,0.4199466,1.194202,-0.022845313,-12.2943735,9.554069,0.9599998,0.45,-8.262981,11.942985,8.0,8.0,0.0,3.926901340484619,0.8118975758552551,0.0,1272.97705078125,0.0,0,0,0,0,0,0,nan,nan,nan,nan,nan
339,13.559999696910381,7.066628,4.18388,0.40000653,0.18858528,-0.024402307,-0.18577898,0.9640156,0.4050917,-0.1460621,-0.00011308499,-0.041946255,0.008640285,-0.3967299,0.43030906,0.015738083,0.004236905,-0.033039086,-0.15505703,-0.36619142,0.3819859,0.023023989,-0.37630758,-1.4448069,0.41908273,1.1727402,-0.02177518,-13.389474,10.548636,0.9399998,0.45,-8.263874,12.405222,8.0,8.0,0.0,3.92860746383667,0.8188353776931763,0.0,1273.0645751953125,0.0,0,0,0,0,0,0,nan,nan,nan,nan,nan
340,13.599999696016312,7.0825377,4.1778545,0.40000653,0.18764733,-0.02587247,-0.1933829,0.962664,0.39523396,-0.15190427,-9.2546e-05,-0.03476371,0.0064587155,-0.39307696,0.42317677,0.013438774,0.0049041305,-0.025640681,-0.15302981,-0.36287928,0.38050076,0.022764545,-0.3921048,-1.3986835,0.41821098,1.1520607,-0.02005836,-14.0287695,11.095689,0.91999984,0.45,-8.266089,12.790431,8.0,8.0,0.0,3.9307165145874023,0.8262781500816345,0.0,1273.240234375,0.0,0,0,0,0,0,0,nan,nan,nan,nan,nan
341,13.639999695122242,7.098047,4.171586,0.40000653,0.18684725,-0.027336514,-0.20088974,0.9612409,0.3852487,-0.15777133,-7.003465e-05,-0.026733786,0.0040179705,-0.38834244,0.41613013,0.010802465,0.005700942,-0.017372865,-0.15040217,-0.3586461,0.3793186,0.02251935,-0.40772614,-1.3533632,0.4173497,1.1325659,-0.017984616,-14.932799,11.861093,0.89999986,0.45,-8.274234,13.078705,8.0,8.0,0.0,3.9332268238067627,0.8341959118843079,0.0,1273.4241943359375,0.0,0,0,0,0,0,0,nan,nan,nan,nan,nan
342,13.679999694228172,7.1131516,4.1650743,0.40000656,0.18620159,-0.028786894,-0.20827985,0.9597499,0.37513512,-0.16368677,-5.7021552e-05,-0.018251218,0.0016195297,-0.38265002,0.40916502,0.007798769,0.006660398,-0.008776184,-0.14708577,-0.35360628,0.37846798,0.02230949,-0.42312914,-1.3088492,0.41651422,1.1139829,-0.01605746,-15.431333,12.26236,0.8799999,0.45,-8.275894,13.307303,8.0,8.0,0.0,3.9361345767974854,0.8425580263137817,0.0,1273.5433349609375,0.0,0,0,0,0,0,0,nan,nan,nan,nan,nan
343,13.719999693334103,7.1278486,4.158324,0.40000653,0.18572533,-0.030215854,-0.21553679,0.9581947,0.36495265,-0.16950864,-4.54232e-05,-0.00912431,-0.0007988524,-0.37614042,0.40229243,0.0045672744,0.007735979,0.00042488053,-0.14311388,-0.34798574,0.37797362,0.022157753,-0.43827736,-1.2651447,0.4157373,1.0957875,-0.013598218,-16.090109,12.976825,0.8599999,0.45,-8.271029,13.36171,8.0,8.0,0.0,3.93943190574646,0.8513308167457581,0.0,1273.6373291015625,0.0,0,0,0,0,0,0,nan,nan,nan,nan,nan
344,13.759999692440033,7.1421356,4.1513405,0.40000665,0.18542995,-0.031616736,-0.22264606,0.9565797,0.3547099,-0.17521805,-4.133469e-05,0.00043242794,-0.0031699212,-0.3689235,0.39552516,0.0011199131,0.00890971,0.0099220835,-0.13853057,-0.3417964,0.37785292,0.022084434,-0.45313856,-1.2222545,0.41503358,1.0769024,-0.01097016,-16.361702,13.483068,0.8399999,0.45,-8.270741,13.311553,8.0,8.0,0.0,3.9431095123291016,0.8604797720909119,0.0,1273.6497802734375,0.0,0,0,0,0,0,0,nan,nan,nan,nan,nan
345,13.799999691545963,7.1560106,4.1441317,0.40000665,0.18532327,-0.03298819,-0.22959717,0.95490944,0.34442753,-0.18073876,-5.1307838e-05,0.01020009,-0.0056427065,-0.36115894,0.38882968,-0.0024715029,0.010171801,0.019622466,-0.13360876,-0.33515882,0.37811795,0.022099722,-0.46769056,-1.1801795,0.41442305,1.0560688,-0.008080081,-16.671396,13.969531,0.81999993,0.45,-8.267467,13.15736,8.0,8.0,0.0,3.947155714035034,0.8699712157249451,0.0,1273.6055908203125,0.0,0,0,0,0,0,0,nan,nan,nan,nan,nan
346,13.839999690651894,7.1694713,4.1367097,0.40000662,0.18541007,-0.03433701,-0.2363812,0.9531883,0.33412707,-0.18596306,-7.0421855e-05,0.020133344,-0.00857611,-0.35299388,0.38217777,-0.0061092596,0.011476986,0.029640296,-0.12871084,-0.32807672,0.37877843,0.02219746,-0.48191693,-1.1389083,0.41392463,1.0327115,-0.0047549573,-16.914328,14.242785,0.79999995,0.45,-8.2893715,12.836288,8.0,8.0,0.0,3.9515554904937744,0.8797673583030701,0.0,1273.49462890625,0.0,0,0,0,0,0,0,nan,nan,nan,nan,nan
347,13.879999689757824,7.1825156,4.129088,0.40000653,0.1856893,-0.035677876,-0.24299207,0.95142066,0.32383382,-0.19081146,-9.364686e-05,0.029929847,-0.012239489,-0.34458718,0.37551454,-0.009710671,0.012830157,0.03983925,-0.12423733,-0.3205621,0.37983668,0.02235458,-0.49580997,-1.0984211,0.41354665,1.0054235,-0.0009027459,-16.79959,14.472116,0.78,0.45,-8.326509,12.466109,8.0,8.0,0.0,3.9562911987304688,0.8898313045501709,0.0,1273.3858642578125,0.0,0,0,0,0,0,0,nan,nan,nan,nan,nan
348,13.919999688863754,7.1951404,4.121285,0.4000066,0.18615541,-0.03703629,-0.24942648,0.9496108,0.3135915,-0.19517072,-0.00012577357,0.039381783,-0.017071227,-0.33609632,0.36885473,-0.013175505,0.014109436,0.050268613,-0.12068825,-0.31259054,0.3812925,0.022525964,-0.5093718,-1.0586842,0.41330215,0.9733355,0.0037997235,-16.802687,14.675144,0.76,0.45,-8.3853035,12.040286,8.0,8.0,0.0,3.9613418579101562,0.9001221656799316,0.0,1273.2454833984375,0.0,0,0,0,0,0,0,nan,nan,nan,nan,nan
349,13.959999687969685,7.207344,4.1133213,0.4000066,0.18679497,-0.038445514,-0.25568378,0.9477633,0.3034603,-0.19901484,-0.00016667224,0.048056304,-0.023110988,-0.32765752,0.3621993,-0.016452344,0.015301455,0.06057391,-0.11833082,-0.30417332,0.38313553,0.022648327,-0.5226132,-1.0196582,0.4131931,0.9336497,0.009180427,-16.676315,14.838514,0.74,0.45,-8.498513,11.657022,8.0,8.0,0.0,3.9666831493377686,0.9105990529060364,0.0,1273.117919921875,0.0,0,0,0,0,0,0,nan,nan,nan,nan,nan
350,13.999999687075615,7.2191277,4.1052203,0.4000065,0.18758896,-0.039948937,-0.26176557,0.94588226,0.29353765,-0.20227058,-0.00020418823,0.05576646,-0.030676268,-0.31936678,0.35557187,-0.019431606,0.016352285,0.070816666,-0.117546216,-0.29530492,0.38535157,0.022636611,-0.535554,-0.981292,0.41322923,0.8840758,0.015481506,-16.63293,15.040326,0.72,0.45,-8.68932,11.247102,8.0,8.0,0.0,3.972287654876709,0.9212207198143005,0.0,1273.0067138671875,0.0,0,0,0,0,0,0,nan,nan,nan,nan,nan
351,14.039999686181545,7.230496,4.097008,0.40000647,0.18851328,-0.04159969,-0.26767516,0.9439715,0.28396538,-0.2049591,-0.00024405491,0.06221379,-0.039788853,-0.3112473,0.34908116,-0.022062277,0.017204173,0.08077322,-0.118498266,-0.28592667,0.38792405,0.022384673,-0.5482215,-0.9435233,0.4134178,0.8185197,0.022528086,-16.58856,15.284871,0.70000005,0.45,-8.98079,10.867571,8.0,8.0,0.0,3.9781253337860107,0.9319455623626709,0.0,1272.958984375,0.0,0,0,0,0,0,0,nan,nan,nan,nan,nan
352,14.079999685287476,7.2414556,4.088713,0.40000647,0.18953669,-0.04346724,-0.27341658,0.94203484,0.27493984,-0.20720346,-0.00028951032,0.06688878,-0.0504398,-0.30322284,0.3429517,-0.024345562,0.01778777,0.09004836,-0.1214089,-0.27589354,0.39083412,0.021751354,-0.56065255,-0.9062934,0.41377017,0.7248694,0.02976422,-16.555187,15.52088,0.68000007,0.45,-9.409881,10.508862,8.0,8.0,0.0,3.9841630458831787,0.9427324533462524,0.0,1272.9183349609375,0.0,0,0,0,0,0,0,nan,nan,nan,nan,nan
353,14.119999684393406,7.252019,4.080367,0.4000064,0.19062145,-0.045657225,-0.27899227,0.9400756,0.2666588,-0.20937066,-0.00032530748,0.068319306,-0.062442426,-0.29524177,0.33751184,-0.026452903,0.018149253,0.09729709,-0.12687138,-0.26489538,0.39407474,0.020522775,-0.5728965,-0.8695222,0.4143302,0.5826939,0.035113893,-16.444712,15.718632,0.6600001,0.45,-10.064535,10.140344,8.0,8.0,0.0,3.990363121032715,0.9535398483276367,0.0,1272.9796142578125,0.0,0,0,0,0,0,0,nan,nan,nan,nan,nan
354,14.159999683499336,7.262204,4.07201,0.4000067,0.19171448,-0.048342567,-0.28439924,0.9380968,0.2586456,-0.21284278,-0.0003085853,0.059464566,-0.07328429,-0.28861484,0.33311692,-0.029669516,0.018758938,0.095325425,-0.13716419,-0.25358456,0.39765334,0.01834792,-0.585021,-0.83306795,0.41520655,0.3792057,0.02651425,-16.287615,15.795234,0.6400001,0.45,-11.068993,9.586389,8.0,8.0,0.0,3.9966795444488525,0.9643217325210571,0.0,1273.348876953125,0.0,0,0,0,0,0,0,nan,nan,nan,nan,nan
355,14.199999682605267,7.272026,4.0636773,0.40000767,0.192668,-0.0517551,-0.28965485,0.93610924,0.24446237,-0.21966231,-0.00010375799,0.008486473,-0.0776965,-0.29838875,0.325635,-0.03883908,0.021583453,0.055075005,-0.17103316,-0.25068337,0.40143663,0.014718118,-0.597166,-0.7958848,0.416502,0.4958952,-0.042054303,-16.420544,15.985854,0.6200001,0.45,-12.595822,7.7566757,8.0,8.0,0.0,4.0030717849731445,0.9750375747680664,0.0,1274.2685546875,0.0,0,0,0,0,0,0,nan,nan,nan,nan,nan
356,14.239999681711197,7.281631,4.0553603,0.4000075,0.19339196,-0.055206105,-0.2948487,0.93413913,0.23763543,-0.21771021,-3.988611e-05,0.0017288581,-0.08411509,-0.29872563,0.31944415,-0.03775735,0.019928701,0.05282618,-0.17994577,-0.24731238,0.40485808,0.010902591,-0.6092423,-0.75858533,0.41872936,0.6799127,-0.019057594,-16.2367,16.035797,0.60000014,0.45,-13.129116,0.9944811,8.0,8.0,0.0,4.009518146514893,0.9857282042503357,0.0,1273.794189453125,0.0,0,0,0,0,0,0,nan,nan,nan,nan,nan
357,14.279999680817127,7.2911024,4.0469365,0.4000069,0.19425176,-0.05802812,-0.29996777,0.9321579,0.24008028,-0.21874894,-9.917004e-05,0.045506373,-0.06462126,-0.27621076,0.3225203,-0.034064017,0.017565235,0.07691119,-0.13333607,-0.24257524,0.40821716,0.008355893,-0.6209389,-0.7232762,0.42095605,0.31574607,0.021273438,-16.11567,16.205572,0.58000016,0.45,-12.806284,-1.5340738,8.0,8.0,0.0,4.016123294830322,0.9965292811393738,0.0,1273.274169921875,0.0,0,0,0,0,0,0,nan,nan,nan,nan,nan
358,14.319999679923058,7.300337,4.038427,0.40000707,0.19516383,-0.061026942,-0.3050015,0.93014026,0.22849913,-0.21676658,-0.000116338575,0.029579153,-0.08398047,-0.29023817,0.31244445,-0.035767324,0.017371368,0.075106174,-0.16205756,-0.2454786,0.41183567,0.005523322,-0.63256806,-0.6859778,0.42261496,0.9512602,0.00535708,-16.527842,16.47188,0.5600002,0.45,-13.44189,1.5543423,8.0,8.0,0.0,4.022883415222168,1.00738525390625,0.0,1273.508544921875,0.0,0,0,0,0,0,0,nan,nan,nan,nan,nan
359,14.359999679028988,7.3096123,4.029724,0.40000647,0.19650823,-0.062374275,-0.3100192,0.92810667,0.2379038,-0.21878274,-0.00016165401,0.11265223,-0.029959597,-0.2547918,0.3215899,-0.028824177,0.014658637,0.10965842,-0.062618986,-0.2501582,0.41527665,0.0060627237,-0.6434848,-0.6532785,0.4241031,0.3795585,0.06770435,-14.986296,15.917487,0.5400002,0.45,-11.30286,1.4236426,8.0,8.0,0.0,4.0298542976379395,1.0184768438339233,0.0,1273.2108154296875,0.0,0,0,0,0,0,0,nan,nan,nan,nan,nan
360,14.399999678134918,7.3187523,4.020952,0.4000069,0.19813232,-0.06366008,-0.3149251,0.92602,0.23187758,-0.22673464,-0.00012478109,0.09707927,-0.0019513535,-0.253188,0.32197028,-0.03461625,0.017716248,0.07997025,-0.050297663,-0.2541826,0.4192275,0.006892728,-0.65416217,-0.62102205,0.4252621,0.28199685,0.0008980185,-15.999143,16.201044,0.5200002,0.45,-11.6503935,5.5748444,8.0,8.0,0.0,4.036944389343262,1.0209522247314453,0.0,1273.81298828125,0.0,0,0,0,0,0,0,nan,nan,nan,nan,nan
361,14.439999677240849,7.327794,4.0121865,0.40000656,0.19954935,-0.06490776,-0.31980315,0.9239551,0.22910139,-0.22661304,-0.00012854759,0.08979858,0.0014867542,-0.25125685,0.3201024,-0.03280883,0.017315779,0.07168618,-0.051274925,-0.25184426,0.42275757,0.007689388,-0.66478544,-0.5890402,0.42684337,0.28701162,0.007457413,-14.951794,15.66083,0.50000024,0.45,-12.320146,1.5939875,8.0,8.0,0.0,4.044071674346924,1.0121865272521973,0.0,1273.4752197265625,0.0,0,0,0,0,0,0,nan,nan,nan,nan,nan
362,14.479999676346779,7.3367367,4.0034447,0.40000653,0.20087221,-0.066104755,-0.32464027,0.9218943,0.22381772,-0.22719957,-0.00012549416,0.07305599,0.011915984,-0.25432608,0.31672275,-0.033003554,0.017796595,0.05175895,-0.054883804,-0.25394213,0.42607674,0.008539326,-0.6753212,-0.55688304,0.4286739,0.4141786,-0.01265813,-16.014168,16.314445,0.48000023,0.45,-12.825115,-0.047053814,8.0,8.0,0.0,4.051218509674072,1.0034446716308594,0.0,1273.4996337890625,0.0,0,0,0,0,0,0,nan,nan,nan,nan,nan
363,14.51999967545271,7.3456154,3.9947014,0.4000063,0.20209287,-0.06685553,-0.3294671,0.91985875,0.22662887,-0.22367467,-0.00016843453,0.103898615,0.012948925,-0.24056837,0.31702992,-0.025675517,0.015089922,0.074655466,-0.030789394,-0.2496157,0.4288978,0.010170784,-0.68565637,-0.5260137,0.4305938,0.23896015,0.041116256,-15.090358,15.854564,0.46000022,0.45,-12.75975,-2.7556214,8.0,8.0,0.0,4.058403015136719,0.9947013854980469,0.0,1273.3714599609375,0.0,0,0,0,0,0,0,nan,nan,nan,nan,nan
364,14.55999967455864,7.3543167,3.985986,0.40000665,0.20327738,-0.06773273,-0.33425638,0.9178034,0.21457839,-0.22136897,-8.6778455e-05,0.06736336,0.012203023,-0.25931484,0.3065807,-0.027895704,0.01666167,0.046860415,-0.06055507,-0.25702327,0.4317331,0.0115631195,-0.69598705,-0.4935794,0.4319361,0.8343021,-0.009269596,-15.916244,16.303377,0.4400002,0.45,-13.34002,0.44019127,8.0,8.0,0.0,4.065613746643066,0.9859859943389893,0.0,1273.84814453125,0.0,0,0,0,0,0,0,nan,nan,nan,nan,nan
365,14.59999967366457,7.363045,3.9772594,0.4000067,0.20465969,-0.06721423,-0.33906722,0.91576743,0.2221575,-0.21413139,-0.00012444338,0.14549397,0.027843405,-0.23491424,0.30794418,-0.015160181,0.012204658,0.0963536,0.006696147,-0.2603865,0.433967,0.015682215,-0.7057506,-0.46465752,0.43349528,0.61945343,0.09378213,-14.780916,15.842569,0.4200002,0.45,-11.41487,-1.9600153,8.0,8.0,0.0,4.072855472564697,0.9772593975067139,0.0,1273.94384765625,0.0,0,0,0,0,0,0,nan,nan,nan,nan,nan
366,14.6399996727705,7.371602,3.968535,0.40000695,0.206354,-0.066233546,-0.34380785,0.9136888,0.21753617,-0.21847332,-0.00017196954,0.14811191,0.067063555,-0.2251953,0.3074298,-0.017564945,0.015090983,0.07251898,0.039331496,-0.26520312,0.43644664,0.020860069,-0.71516836,-0.4374363,0.43401513,0.35262418,0.03511057,-15.738008,16.377422,0.40000018,0.45,-10.806724,4.6026406,8.0,8.0,0.0,4.080146312713623,0.9685349464416504,0.0,1274.0118408203125,0.0,0,0,0,0,0,0,nan,nan,nan,nan,nan
367,14.67999967187643,7.379956,3.960017,0.40000665,0.20774013,-0.06551101,-0.34853622,0.911633,0.21248953,-0.2135684,-0.00020691087,0.12957923,0.0597204,-0.22682023,0.3005805,-0.0140887145,0.01479305,0.06317626,0.022599708,-0.25945413,0.43848476,0.02536864,-0.7246936,-0.4104564,0.43479443,0.29640633,0.039163057,-15.470548,16.2091,0.38000017,0.45,-11.414136,2.7698307,8.0,8.0,0.0,4.087286949157715,0.9600169658660889,0.0,1273.315185546875,0.0,0,0,0,0,0,0,nan,nan,nan,nan,nan
368,14.71999967098236,7.388051,3.9517815,0.4000064,0.20878382,-0.06533899,-0.35324255,0.9095932,0.19842751,-0.21161863,-0.00020835672,0.06017605,0.07437714,-0.24290301,0.28898787,-0.018349715,0.017555535,0.0017792098,-0.017112853,-0.26050293,0.4402355,0.028642772,-0.73444104,-0.3827847,0.4358395,0.5043031,-0.04264041,-15.640189,16.313711,0.36000016,0.45,-12.4112015,1.9533451,8.0,8.0,0.0,4.094210147857666,0.9517815113067627,0.0,1273.2042236328125,0.0,0,0,0,0,0,0,nan,nan,nan,nan,nan
369,14.759999670088291,7.3959594,3.94388,0.4000067,0.20939106,-0.065185644,-0.3579814,0.9076097,0.19577612,-0.19626515,-0.000106208805,0.070644885,0.038385294,-0.24554186,0.27683118,-0.0069230567,0.012828182,0.033683743,-0.035622884,-0.25363818,0.4411441,0.031595226,-0.74429244,-0.35525537,0.43788868,0.69514036,0.046114575,-15.489238,16.386862,0.34000015,0.45,-12.630584,-5.613709,8.0,8.0,0.0,4.1008501052856445,0.9438800811767578,0.0,1273.69287109375,0.0,0,0,0,0,0,0,nan,nan,nan,nan,nan
370,14.799999669194221,7.403553,3.9361658,0.40000683,0.20999154,-0.0648164,-0.36269197,0.9056251,0.18586752,-0.19294967,-7.033763e-05,0.055018377,0.06282637,-0.24548675,0.26741728,-0.008158992,0.014114402,0.0056826584,-0.02951356,-0.257573,0.4418637,0.034932885,-0.7540073,-0.32898223,0.43897027,0.6899927,-0.0011640317,-15.298457,16.357567,0.32000014,0.45,-12.276696,0.55885816,8.0,8.0,0.0,4.107370853424072,0.9361658096313477,0.0,1273.70458984375,0.0,0,0,0,0,0,0,nan,nan,nan,nan,nan
371,14.839999668300152,7.4108987,3.92877,0.40000623,0.21044075,-0.06431353,-0.3673953,0.9036587,0.18526731,-0.18655714,-0.00035536237,0.07297267,0.06669145,-0.23089468,0.26266176,-0.0018215268,0.011626989,0.015441978,-0.009467826,-0.25050575,0.44217438,0.03840436,-0.7636718,-0.3051011,0.44058582,0.18369699,0.04076547,-15.410742,16.586323,0.30000013,0.45,-12.028903,0.47797632,8.0,8.0,0.0,4.113630294799805,0.9287700653076172,0.0,1272.2894287109375,0.0,0,0,0,0,0,0,nan,nan,nan,nan,nan
372,14.879999667406082,7.4177413,3.9217534,0.4000066,0.21037355,-0.06507574,-0.3720739,0.9017035,0.16855316,-0.17364845,-0.000105466315,0.017213453,0.009191035,-0.2552869,0.24173352,-0.0017595058,0.011208661,0.015900038,-0.09230777,-0.23830678,0.44243807,0.039201003,-0.7738836,-0.2786277,0.4415324,0.65843135,0.018943325,-15.921914,16.76247,0.28000012,0.45,-13.367682,-1.786624,8.0,8.0,0.0,4.119602203369141,0.9217534065246582,0.0,1273.01318359375,0.0,0,0,0,0,0,0,nan,nan,nan,nan,nan
373,14.919999666512012,7.424209,3.9150376,0.4000066,0.21019186,-0.06587167,-0.3767271,0.89975387,0.15849139,-0.16646506,-9.864528e-05,0.0050401716,0.014062811,-0.25593978,0.22958991,-0.0014905692,0.010731142,0.0038232096,-0.097399384,-0.23709422,0.4425144,0.039843902,-0.7840816,-0.2534839,0.4420466,0.64031315,0.0008973023,-15.589473,16.805695,0.2600001,0.45,-13.01958,0.23297596,8.0,8.0,0.0,4.125342845916748,0.9150376319885254,0.0,1273.151123046875,0.0,0,0,0,0,0,0,nan,nan,nan,nan,nan
374,14.959999665617943,7.43033,3.9086723,0.40000653,0.20987731,-0.06675155,-0.3813634,0.89780706,0.15060419,-0.15689734,-0.00011130856,0.003090402,0.005776526,-0.25594595,0.21729647,0.0014259405,0.0088783875,0.008324653,-0.10386446,-0.23383637,0.44240952,0.040229876,-0.7943069,-0.22942704,0.44269374,0.6041522,0.015650967,-15.822921,16.87595,0.24000011,0.45,-12.752528,-0.48868585,8.0,8.0,0.0,4.130797386169434,0.9086723327636719,0.0,1273.032470703125,0.0,0,0,0,0,0,0,nan,nan,nan,nan,nan
375,14.999999664723873,7.436063,3.902636,0.40000647,0.20942965,-0.067797154,-0.38597378,0.89586097,0.14061593,-0.14890532,-0.00011004935,-0.009086697,0.0033297965,-0.2572741,0.20464078,0.0017257924,0.008159712,0.0016573481,-0.11398747,-0.2308599,0.44219172,0.04020589,-0.8045772,-0.2063073,0.44304314,0.5818491,0.0044521606,-15.666135,16.815826,0.22000012,0.45,-12.616545,0.71129143,8.0,8.0,0.0,4.135990619659424,0.9026360511779785,0.0,1272.96875,0.0,0,0,0,0,0,0,nan,nan,nan,nan,nan
376,15.039999663829803,7.4414287,3.8969507,0.40000647,0.20883928,-0.06901786,-0.39056334,0.89391434,0.13169408,-0.139914,-0.00011187676,-0.016997304,-0.004078096,-0.25853288,0.19199957,0.003086816,0.006856367,0.0015972145,-0.124325626,-0.22736138,0.4418564,0.0397483,-0.8149079,-0.18411838,0.4434048,0.5570418,0.008168456,-15.809343,16.88487,0.20000012,0.45,-12.502626,0.518999,8.0,8.0,0.0,4.140895366668701,0.8969507217407227,0.0,1272.998291015625,0.0,0,0,0,0,0,0,nan,nan,nan,nan,nan
377,15.079999662935734,7.446421,3.891602,0.40000647,0.20812328,-0.07041591,-0.3951284,0.89196396,0.122349344,-0.13157704,-0.000111292946,-0.026425812,-0.009052454,-0.25979048,0.17954308,0.0035136105,0.0059294216,-0.0011880547,-0.13419935,-0.22415493,0.4414448,0.03886371,-0.825292,-0.16284502,0.44363606,0.53408206,0.0044027595,-15.792811,16.890993,0.18000013,0.45,-12.402327,1.0144238,8.0,8.0,0.0,4.1455254554748535,0.8916020393371582,0.0,1273.039306640625,0.0,0,0,0,0,0,0,nan,nan,nan,nan,nan
378,15.119999662041664,7.4510536,3.8865852,0.40000647,0.20730013,-0.07196484,-0.39966926,0.8900068,0.1134911,-0.12331518,-0.00011081478,-0.033427093,-0.01405931,-0.26069182,0.16746597,0.0039865603,0.004973842,-0.0021687374,-0.14233619,-0.22140214,0.44097698,0.037613455,-0.8357178,-0.14252174,0.44382328,0.5098504,0.0039445935,-15.815649,16.985046,0.16000013,0.45,-12.281706,1.1121881,8.0,8.0,0.0,4.1498823165893555,0.8865852355957031,0.0,1273.099609375,0.0,0,0,0,0,0,0,nan,nan,nan,nan,nan
379,15.159999661147594,7.4553375,3.8818839,0.40000653,0.20639792,-0.07362763,-0.40418494,0.8880391,0.10484549,-0.11556078,-0.00010922481,-0.03887171,-0.017249499,-0.26113287,0.15592614,0.004073791,0.00418086,-0.0033946298,-0.14814466,-0.2192405,0.44048122,0.036085255,-0.84616625,-0.123188324,0.44394293,0.48489982,0.0018946081,-15.738489,17.034462,0.14000013,0.45,-12.127557,1.3264284,8.0,8.0,0.0,4.1539788246154785,0.8818838596343994,0.0,1273.1778564453125,0.0,0,0,0,0,0,0,nan,nan,nan,nan,nan
380,15.199999660253525,7.45929,3.8774807,0.40000656,0.20544805,-0.07535799,-0.40867463,0.88605714,0.09664638,-0.10823688,-0.00010728644,-0.04177893,-0.019146897,-0.2610227,0.14500594,0.004010253,0.0035117622,-0.0039196387,-0.1512067,-0.21762863,0.4399818,0.034386616,-0.85661423,-0.10489884,0.44402334,0.4585023,0.0006588254,-15.626506,17.119532,0.12000014,0.45,-11.925041,1.4357917,8.0,8.0,0.0,4.157828330993652,0.8774807453155518,0.0,1273.24951171875,0.0,0,0,0,0,0,0,nan,nan,nan,nan,nan
381,15.239999659359455,7.4629273,3.8733556,0.40000653,0.20448358,-0.077108525,-0.41313803,0.88405746,0.08885054,-0.10143898,-0.00010525424,-0.04230087,-0.019524828,-0.26035398,0.13476436,0.0037284223,0.002991395,-0.0040079206,-0.15150349,-0.21671158,0.43950316,0.032628946,-0.867039,-0.08770213,0.44406787,0.43089664,-0.0006275624,-15.455092,17.190882,0.10000014,0.45,-11.684516,1.5556227,8.0,8.0,0.0,4.161446571350098,0.8733556270599365,0.0,1273.310791015625,0.0,0,0,0,0,0,0,nan,nan,nan,nan,nan
382,15.279999658465385,7.466267,3.8694885,0.4000066,0.2035362,-0.07883436,-0.41757503,0.8820369,0.08145667,-0.09516166,-0.00010311977,-0.040560767,-0.018580044,-0.2591784,0.12519467,0.0032546995,0.0026325136,-0.0036082827,-0.14926364,-0.21651623,0.43906638,0.030918563,-0.8774195,-0.071639165,0.4440853,0.40230063,-0.0018739528,-15.382862,17.23955,0.08000015,0.45,-11.40388,1.630171,8.0,8.0,0.0,4.164852142333984,0.8694884777069092,0.0,1273.3612060546875,0.0,0,0,0,0,0,0,nan,nan,nan,nan,nan
383,15.319999657571316,7.4693246,3.8658593,0.4000066,0.20263399,-0.08049747,-0.42198548,0.8799931,0.07443713,-0.089361295,-0.00010133584,-0.03687858,-0.016619971,-0.25759736,0.11625024,0.002613919,0.00242587,-0.0028377846,-0.14488433,-0.21674275,0.4386895,0.029346969,-0.88773745,-0.056738336,0.44408306,0.37329957,-0.00300101,-15.372439,17.290901,0.060000148,0.45,-11.0917635,1.6724358,8.0,8.0,0.0,4.16806173324585,0.8658592700958252,0.0,1273.3875732421875,0.0,0,0,0,0,0,0,nan,nan,nan,nan,nan
384,15.359999656677246,7.4721136,3.8624518,0.40000662,0.20180213,-0.08206994,-0.42636937,0.87792337,0.06776019,-0.08396473,-9.969296e-05,-0.031586003,-0.014070705,-0.25572148,0.10785427,0.0018432997,0.002360316,-0.0015490353,-0.13890478,-0.21740076,0.43839198,0.027985917,-0.89797956,-0.043017782,0.4440753,0.3440789,-0.003835694,-15.442218,17.367582,0.040000148,0.45,-10.762863,1.6763407,8.0,8.0,0.0,4.171087265014648,0.8624517917633057,0.0,1273.3990478515625,0.0,0,0,0,0,0,0,nan,nan,nan,nan,nan
385,15.399999655783176,7.474647,3.8592513,0.4000066,0.20105782,-0.08353386,-0.43072727,0.8758264,0.06135468,-0.078894965,-9.830982e-05,-0.02525886,-0.011216924,-0.25368422,0.09991061,0.0009461795,0.0024145115,0.00011506304,-0.1319516,-0.21839905,0.43818587,0.026883084,-0.9081383,-0.030474503,0.44406465,0.315074,-0.0045675966,-15.496023,17.441885,0.020000149,0.45,-10.431626,1.6682684,8.0,8.0,0.0,4.173942565917969,0.8592512607574463,0.0,1273.404541015625,0.0,0,0,0,0,0,0,nan,nan,nan,nan,nan
386,15.439999654889107,7.476933,3.8562477,0.4000066,0.20041257,-0.08488308,-0.43505982,0.87370056,0.055153817,-0.07405629,-9.782634e-05,-0.01842538,-0.008417998,-0.25161606,0.092301585,-6.1626546e-05,0.0025784457,0.002073016,-0.124642305,-0.21953866,0.4380823,0.026061073,-0.9182119,-0.019091856,0.44405735,0.2865782,-0.005316851,-15.590432,17.515934,1.4901161e-07,0.45,-10.108662,1.594101,8.0,8.0,0.0,4.176635265350342,0.8562476634979248,0.0,1273.395751953125,0.0,0,0,0,0,0,0,nan,nan,nan,nan,nan
387,15.479999653995037,7.4789796,3.8534362,0.40000656,0.19987138,-0.08612153,-0.4393673,0.8715451,0.049136817,-0.06931341,-0.00010252914,-0.011551712,-0.0060203844,-0.24964988,0.08490943,-0.0011175855,0.002804448,0.0042737424,-0.11753629,-0.2206085,0.43808925,0.025519071,-0.9282024,-0.0088410815,0.44406462,0.2591076,-0.005660008,-15.679622,17.576437,-0.01999985,0.45,-9.812619,1.5276641,8.0,8.0,0.0,4.179168701171875,0.8534362316131592,0.0,1273.350830078125,0.0,0,0,0,0,0,0,nan,nan,nan,nan,nan
388,15.519999653100967,7.4807916,3.850815,0.40000647,0.19943333,-0.087261856,-0.44365013,0.8693596,0.043251507,-0.06457369,-0.00010166992,-0.0050186473,-0.004319442,-0.24787018,0.07762836,-0.0022027462,0.0030828416,0.0067751333,-0.1111173,-0.22157574,0.43821207,0.025236052,-0.9381163,0.00031558247,0.4440929,0.23248444,-0.005722952,-15.833182,17.635714,-0.03999985,0.45,-9.545537,1.4196022,8.0,8.0,0.0,4.181544780731201,0.8508150577545166,0.0,1273.3343505859375,0.0,0,0,0,0,0,0,nan,nan,nan,nan,nan
389,15.559999652206898,7.482373,3.848387,0.40000653,0.1990924,-0.08832395,-0.4479087,0.86714405,0.037453815,-0.05974548,-0.00010138081,0.000771224,-0.0034481958,-0.24636269,0.07035502,-0.003302374,0.0033942368,0.0094551705,-0.10577895,-0.22233592,0.43845406,0.025173908,-0.9479638,0.008425893,0.44414443,0.20714967,-0.0056317328,-16.069456,17.675497,-0.05999985,0.45,-9.321322,1.2913115,8.0,8.0,0.0,4.183757781982422,0.8483870029449463,0.0,1273.3553466796875,0.0,0,0,0,0,0,0,nan,nan,nan,nan,nan
390,15.599999651312828,7.483727,3.8461573,0.40000656,0.19883779,-0.089331284,-0.45214367,0.86489856,0.03172132,-0.054756798,-0.00010116883,0.0054963813,-0.0033434306,-0.2451601,0.06301856,-0.0043985127,0.0037147328,0.0120859705,-0.10173217,-0.22280326,0.43881384,0.025284182,-0.95775706,0.015539055,0.44422168,0.18290132,-0.005484675,-16.122908,17.54929,-0.07999985,0.45,-9.139378,1.1623235,8.0,8.0,0.0,4.185803413391113,0.8461573123931885,0.0,1273.30078125,0.0,0,0,0,0,0,0,nan,nan,nan,nan,nan
391,15.639999650418758,7.4848557,3.8441346,0.4000066,0.19865578,-0.09030924,-0.45635533,0.8626238,0.026087385,-0.04952177,-0.00010096524,0.009156569,-0.0042015333,-0.24428633,0.05556582,-0.005426255,0.0040032584,0.014873592,-0.0990946,-0.22299057,0.43928787,0.02551223,-0.96750885,0.021702882,0.44433203,0.15971145,-0.0048349323,-16.168402,17.58268,-0.099999845,0.45,-9.002878,1.0072765,8.0,8.0,0.0,4.187671661376953,0.8441345691680908,0.0,1273.28466796875,0.0,0,0,0,0,0,0,nan,nan,nan,nan,nan
392,15.679999649524689,7.485761,3.8423288,0.40000653,0.19853145,-0.09128326,-0.46054444,0.86032045,0.02051132,-0.044033557,-9.4937466e-05,0.0115465205,-0.0057614893,-0.24372934,0.047960486,-0.00641325,0.004281471,0.01751708,-0.09788232,-0.22289236,0.43987137,0.025802257,-0.9772329,0.026962698,0.44447237,0.1374805,-0.0043130405,-16.247684,17.520662,-0.11999984,0.45,-8.898932,0.8373547,8.0,8.0,0.0,4.189352035522461,0.8423287868499756,0.0,1273.306396484375,0.0,0,0,0,0,0,0,nan,nan,nan,nan,nan
393,15.719999648630619,7.4864483,3.8407516,0.40000647,0.19844858,-0.0922757,-0.46471146,0.8579898,0.0150649445,-0.038241576,-9.483494e-05,0.012831313,-0.007972516,-0.2434567,0.040200356,-0.007291546,0.004491863,0.020055002,-0.097914726,-0.2224569,0.44055566,0.026102392,-0.986941,0.03135838,0.44464847,0.11611302,-0.0033344282,-16.249025,17.540607,-0.13999984,0.45,-8.841795,0.68781847,8.0,8.0,0.0,4.19083309173584,0.8407516479492188,0.0,1273.3270263671875,0.0,0,0,0,0,0,0,nan,nan,nan,nan,nan
394,15.75999964773655,7.4869204,3.8394136,0.4000067,0.19839232,-0.09330479,-0.46885625,0.8556334,0.009737027,-0.032174386,-9.455462e-05,0.013087375,-0.010615013,-0.24341024,0.0322946,-0.0080844,0.0046575055,0.022422034,-0.099026345,-0.22183424,0.44133148,0.026368618,-0.99664205,0.034921862,0.44485742,0.095256805,-0.0024170848,-16.323135,17.484705,-0.15999983,0.45,-8.803552,0.49753892,8.0,8.0,0.0,4.192102909088135,0.8394136428833008,0.0,1273.3173828125,0.0,0,0,0,0,0,0,nan,nan,nan,nan,nan
395,15.79999964684248,7.487184,3.8383262,0.40000653,0.19834885,-0.09438398,-0.47297975,0.85325235,0.004577811,-0.025838085,-9.45405e-05,0.012502421,-0.013468677,-0.24353014,0.024272576,-0.00876126,0.004758158,0.0245226,-0.10093008,-0.22101417,0.4421876,0.026566412,-1.006345,0.037675794,0.44509888,0.0748079,-0.0013995492,-16.325474,17.49976,-0.17999983,0.45,-8.7928295,0.31391788,8.0,8.0,0.0,4.193150043487549,0.8383262157440186,0.0,1273.27880859375,0.0,0,0,0,0,0,0,nan,nan,nan,nan,nan
396,15.83999964594841,7.487246,3.8374982,0.40000653,0.19830643,-0.09552055,-0.47708237,0.8508482,-0.0003697066,-0.019258527,-9.4497154e-05,0.011334975,-0.016370593,-0.24374826,0.016172385,-0.0093036415,0.0047886083,0.026382105,-0.1033296,-0.22008988,0.4431111,0.026673187,-1.0160545,0.03963664,0.44537213,0.0546253,-0.00022874074,-16.405987,17.454674,-0.19999982,0.45,-8.798072,0.12530637,8.0,8.0,0.0,4.19396448135376,0.8374981880187988,0.0,1273.310546875,0.0,0,0,0,0,0,0,nan,nan,nan,nan,nan
397,15.87999964505434,7.487116,3.8369389,0.4000066,0.19825585,-0.09671593,-0.4811642,0.84842294,-0.0050956775,-0.012488592,-9.434786e-05,0.009730908,-0.018997615,-0.2439927,0.008037163,-0.009729749,0.0047619306,0.027799353,-0.1059304,-0.21909851,0.44408852,0.026678374,-1.0257723,0.04080868,0.44567373,0.034517296,0.00076556066,-16.357033,17.482878,-0.21999982,0.45,-8.806904,-0.0649637,8.0,8.0,0.0,4.194535255432129,0.8369388580322266,0.0,1273.314697265625,0.0,0,0,0,0,0,0,nan,nan,nan,nan,nan
398,15.91999964416027,7.486804,3.8366547,0.4000066,0.19818968,-0.097965986,-0.48522612,0.8459782,-0.009538418,-0.00555401,-9.419079e-05,0.007973659,-0.021256592,-0.24420296,-8.5960404e-05,-0.010003349,0.004665186,0.028833382,-0.10844549,-0.21807966,0.44510397,0.026582586,-1.0354991,0.041190576,0.44600475,0.014253836,0.0019115871,-16.33141,17.459166,-0.23999982,0.45,-8.816528,-0.24558544,8.0,8.0,0.0,4.194855690002441,0.8366546630859375,0.0,1273.2860107421875,0.0,0,0,0,0,0,0,nan,nan,nan,nan,nan
399,15.959999643266201,7.4863214,3.8366504,0.4000066,0.19810347,-0.0992623,-0.4892681,0.84351563,-0.013680219,0.0014972147,-9.3356255e-05,0.00629646,-0.023057515,-0.24432369,-0.008153267,-0.010131149,0.004503729,0.02953208,-0.110638775,-0.21710883,0.4461425,0.026395883,-1.0452309,0.040776324,0.44636393,-0.006303206,0.0031135557,-16.311802,17.42708,-0.2599998,0.45,-8.826486,-0.42930853,8.0,8.0,0.0,4.194919109344482,0.8366503715515137,0.0,1273.302001953125,0.0,0,0,0,0,0,0,nan,nan,nan,nan,nan
400,15.999999642372131,7.48568,3.8369293,0.4000066,0.19799492,-0.10059386,-0.49329084,0.8410368,-0.017532444,0.008613668,-9.3910865e-05,0.004788192,-0.024306197,-0.2443229,-0.01613291,-0.010143499,0.0042927857,0.02988145,-0.11240621,-0.2162838,0.44719023,0.026134858,-1.0549647,0.039554235,0.44674402,-0.027211439,0.004051178,-16.357927,17.4053,-0.27999982,0.45,-8.816767,-0.6411656,8.0,8.0,0.0,4.19472074508667,0.8369293212890625,0.0,1273.310302734375,0.0,0,0,0,0,0,0,nan,nan,nan,nan,nan
401,16.03999964147806,7.4848924,3.8374937,0.40000665,0.1978636,-0.10194771,-0.49729475,0.83854306,-0.021040758,0.015788518,-8.7866225e-05,0.0036198879,-0.024997644,-0.24418218,-0.023999201,-0.009993998,0.0040213047,0.02990862,-0.11358718,-0.21554124,0.44823423,0.025820829,-1.0646952,0.037513398,0.44714734,-0.048314534,0.0052547688,-16.38448,17.369616,-0.29999983,0.45,-8.810575,-0.7883123,8.0,8.0,0.0,4.1942572593688965,0.8374936580657959,0.0,1273.3623046875,0.0,0,0,0,0,0,0,nan,nan,nan,nan,nan
402,16.079999640583992,7.483971,3.8383443,0.40000656,0.19771045,-0.103309564,-0.5012799,0.8360359,-0.024253119,0.022967089,-8.773976e-05,0.0028311408,-0.025131889,-0.24388258,-0.03173311,-0.0097466,0.0037039944,0.02967331,-0.11417434,-0.21500787,0.44926217,0.025478289,-1.074416,0.03463777,0.4475666,-0.06983533,0.006160408,-16.448702,17.364292,-0.31999984,0.45,-8.782857,-0.98119366,8.0,8.0,0.0,4.193526268005371,0.8383443355560303,0.0,1273.37548828125,0.0,0,0,0,0,0,0,nan,nan,nan,nan,nan
403,16.119999639689922,7.4829288,3.8394814,0.4000066,0.19753528,-0.1046654,-0.50524706,0.8335168,-0.027166197,0.030144986,-8.756135e-05,0.0023286038,-0.0245708,-0.2434412,-0.039335303,-0.009394093,0.0033444888,0.028922152,-0.11415839,-0.21450129,0.45025945,0.025130145,-1.0841222,0.030919675,0.44799587,-0.09135008,0.00691727,-16.50655,17.3559,-0.33999985,0.45,-8.750674,-1.1013565,8.0,8.0,0.0,4.192526340484619,0.8394813537597656,0.0,1273.3858642578125,0.0,0,0,0,0,0,0,nan,nan,nan,nan,nan
404,16.159999638795853,7.481777,3.8409045,0.40000662,0.19733986,-0.10600241,-0.50919724,0.83098656,-0.029759599,0.03732374,-8.7466186e-05,0.0022818376,-0.023708034,-0.2428686,-0.046804328,-0.008915582,0.002933893,0.028143235,-0.11361431,-0.2141861,0.4512157,0.024799207,-1.0938094,0.02634666,0.44843754,-0.11318496,0.007913387,-16.578024,17.36362,-0.35999987,0.45,-8.7016115,-1.255218,8.0,8.0,0.0,4.191256523132324,0.8409044742584229,0.0,1273.388916015625,0.0,0,0,0,0,0,0,nan,nan,nan,nan,nan
405,16.199999637901783,7.480527,3.8426127,0.4000066,0.19712673,-0.1073108,-0.51312953,0.8284463,-0.03211288,0.04447302,-8.738382e-05,0.002522557,-0.022450421,-0.2421832,-0.05415188,-0.008385496,0.0024971496,0.02711271,-0.11262101,-0.21389705,0.45212466,0.024503075,-1.1034708,0.020911766,0.44888154,-0.13516165,0.00848934,-16.655825,17.371868,-0.37999988,0.45,-8.6500635,-1.4075422,8.0,8.0,0.0,4.18971586227417,0.8426127433776855,0.0,1273.3951416015625,0.0,0,0,0,0,0,0,nan,nan,nan,nan,nan
406,16.239999637007713,7.479188,3.8446062,0.40000656,0.19689576,-0.10858227,-0.5170448,0.82589746,-0.034240447,0.051606447,-8.741356e-05,0.0028534653,-0.020720161,-0.24142796,-0.06140478,-0.0078046443,0.0020447867,0.025707591,-0.111353986,-0.21372202,0.4529767,0.024254585,-1.113104,0.014610487,0.44932204,-0.15701735,0.008763804,-16.746304,17.391764,-0.3999999,0.45,-8.590841,-1.5060613,8.0,8.0,0.0,4.187904357910156,0.8446061611175537,0.0,1273.3970947265625,0.0,0,0,0,0,0,0,nan,nan,nan,nan,nan
407,16.279999636113644,7.47777,3.8468843,0.40000665,0.19664711,-0.109811544,-0.52094364,0.8233401,-0.03611581,0.05875238,-8.726309e-05,0.0034026948,-0.018958772,-0.24062933,-0.06857573,-0.007140652,0.001545079,0.024344066,-0.1098797,-0.21355462,0.45376548,0.024061946,-1.1227076,0.0074443603,0.44976255,-0.17881843,0.009327986,-16.877817,17.423857,-0.4199999,0.45,-8.536884,-1.6246668,8.0,8.0,0.0,4.185820579528809,0.8468842506408691,0.0,1273.399169921875,0.0,0,0,0,0,0,0,nan,nan,nan,nan,nan
408,16.319999635219574,7.47628,3.849447,0.40000653,0.19638051,-0.11099566,-0.5248263,0.8207753,-0.037817407,0.06589664,-8.7465436e-05,0.0039479206,-0.017011285,-0.23981465,-0.07569666,-0.0064571123,0.0010460503,0.022829534,-0.10835802,-0.21348925,0.4544866,0.023928616,-1.1322806,-0.0005838777,0.45019436,-0.20053393,0.0096101975,-17.037811,17.457226,-0.4399999,0.45,-8.484459,-1.6917264,8.0,8.0,0.0,4.183464050292969,0.8494470119476318,0.0,1273.396728515625,0.0,0,0,0,0,0,0,nan,nan,nan,nan,nan
409,16.359999634325504,7.4747252,3.8522956,0.40000665,0.19609539,-0.11213484,-0.52869284,0.81820303,-0.039340362,0.07306693,-8.743489e-05,0.0044688983,-0.015147295,-0.23902221,-0.08278229,-0.005744061,0.0005097594,0.021338576,-0.10689077,-0.213334,0.45513824,0.023852598,-1.1418228,-0.009468711,0.45061788,-0.2220208,0.009983718,-17.208326,17.496387,-0.45999992,0.45,-8.433502,-1.7531823,8.0,8.0,0.0,4.180832862854004,0.8522956371307373,0.0,1273.3929443359375,0.0,0,0,0,0,0,0,nan,nan,nan,nan,nan
410,16.399999633431435,7.473111,3.8554308,0.4000066,0.19578965,-0.113230765,-0.5325437,0.8156238,-0.04076382,0.080249995,-8.750345e-05,0.004781629,-0.013182281,-0.23827302,-0.08986811,-0.0050633354,1.7993152e-06,0.019677505,-0.10559874,-0.21320304,0.45571786,0.02382793,-1.1513361,-0.019201225,0.4510224,-0.24313962,0.009850507,-17.360416,17.549318,-0.47999993,0.45,-8.389124,-1.801308,8.0,8.0,0.0,4.177926540374756,0.8554308414459229,0.0,1273.3897705078125,0.0,0,0,0,0,0,0,nan,nan,nan,nan,nan
411,16.439999632537365,7.4714427,3.8588538,0.4000066,0.19546264,-0.11428746,-0.5363791,0.8130375,-0.04203684,0.087483205,-9.2758644e-05,0.004999468,-0.011468479,-0.23758386,-0.09695558,-0.00436879,-0.0005458277,0.01818724,-0.104506135,-0.21300273,0.45622793,0.023846427,-1.1608229,-0.02977432,0.45141438,-0.26405495,0.010025429,-17.521719,17.60946,-0.49999994,0.45,-8.353236,-1.8377588,8.0,8.0,0.0,4.174741268157959,0.858853816986084,0.0,1273.3502197265625,0.0,0,0,0,0,0,0,nan,nan,nan,nan,nan
412,16.479999631643295,7.469724,3.8625665,0.40000665,0.19511269,-0.11530972,-0.54019904,0.8104442,-0.043252707,0.09474394,-9.288094e-05,0.0049616164,-0.00982245,-0.23696998,-0.104075134,-0.0037335749,-0.00104931,0.016617272,-0.10367295,-0.21265657,0.45667046,0.023897463,-1.1702857,-0.041177202,0.45178312,-0.28458518,0.009708701,-17.68025,17.660355,-0.5199999,0.45,-8.320611,-1.8792067,8.0,8.0,0.0,4.171276569366455,0.8625664710998535,0.0,1273.34423828125,0.0,0,0,0,0,0,0,nan,nan,nan,nan,nan
413,16.519999630749226,7.467959,3.8665707,0.4000066,0.19473888,-0.11630297,-0.54400337,0.8078432,-0.044375658,0.10205003,-9.295052e-05,0.004747518,-0.0083239,-0.23642561,-0.1112266,-0.0031255963,-0.0015370455,0.015169058,-0.10311325,-0.21242988,0.45704925,0.02397038,-1.1797268,-0.053402774,0.4521326,-0.30506882,0.009450516,-17.931826,17.725945,-0.5399999,0.45,-8.3035345,-1.8875964,8.0,8.0,0.0,4.167530059814453,0.8665707111358643,0.0,1273.340087890625,0.0,0,0,0,0,0,0,nan,nan,nan,nan,nan
414,16.559999629855156,7.4661493,3.8708682,0.40000656,0.19434002,-0.11727273,-0.54779184,0.8052348,-0.04542371,0.10940483,-9.305948e-05,0.0043659983,-0.0071321093,-0.23596737,-0.11841146,-0.0025643036,-0.002027776,0.013922527,-0.10283336,-0.21210362,0.45736843,0.02405391,-1.1891485,-0.06644142,0.45245996,-0.3252425,0.009231097,-18.239895,17.787287,-0.5599999,0.45,-8.286553,-1.9106313,8.0,8.0,0.0,4.163499355316162,0.8708682060241699,0.0,1273.339599609375,0.0,0,0,0,0,0,0,nan,nan,nan,nan,nan
415,16.599999628961086,7.4642987,3.8754606,0.40000653,0.19391601,-0.11822498,-0.55156523,0.8026177,-0.046436317,0.11678794,-9.320872e-05,0.0037968727,-0.006015263,-0.23557954,-0.12564044,-0.0020807637,-0.0024586245,0.012689296,-0.1027833,-0.21178201,0.45763436,0.024138067,-1.198556,-0.08028606,0.452762,-0.3453437,0.008699913,-18.512543,17.844503,-0.57999986,0.45,-8.281441,-1.9092288,8.0,8.0,0.0,4.159182548522949,0.8754606246948242,0.0,1273.367919921875,0.0,0,0,0,0,0,0,nan,nan,nan,nan,nan
416,16.639999628067017,7.4624095,3.8803492,0.40000653,0.19346718,-0.11916478,-0.5553235,0.7999913,-0.047360674,0.124220416,-9.326994e-05,0.0031711196,-0.0052514896,-0.2352658,-0.13289994,-0.0016324432,-0.0028921943,0.011708479,-0.102897614,-0.21126711,0.4578535,0.024214532,-1.2079515,-0.09493226,0.45304403,-0.36518374,0.00852627,-18.75535,17.889002,-0.59999985,0.45,-8.281485,-1.9009336,8.0,8.0,0.0,4.154579162597656,0.8803491592407227,0.0,1273.364013671875,0.0,0,0,0,0,0,0,nan,nan,nan,nan,nan
417,16.679999627172947,7.4604826,3.8855352,0.4000066,0.1929954,-0.12009646,-0.5590656,0.7973552,-0.04826192,0.13166602,-9.3367744e-05,0.00246585,-0.004600365,-0.23500557,-0.14019081,-0.0012784023,-0.0032620654,0.010869976,-0.10318154,-0.21091804,0.45803404,0.024277493,-1.2173352,-0.11037574,0.4533016,-0.38510087,0.008026602,-18.96608,17.91726,-0.6199998,0.45,-8.2813425,-1.8925118,8.0,8.0,0.0,4.149686336517334,0.8855352401733398,0.0,1273.36181640625,0.0,0,0,0,0,0,0,nan,nan,nan,nan,nan
418,16.719999626278877,7.4585214,3.8910196,0.40000653,0.19250162,-0.121023625,-0.5627929,0.79470783,-0.049116023,0.13913053,-9.3416835e-05,0.0017033842,-0.004038261,-0.23480496,-0.14749894,-0.0010032658,-0.0036072582,0.010115765,-0.10358345,-0.2106245,0.45818204,0.024322642,-1.2267122,-0.12661536,0.45353678,-0.40482593,0.007491512,-19.156185,17.930536,-0.6399998,0.45,-8.283682,-1.8665701,8.0,8.0,0.0,4.144504547119141,0.8910195827484131,0.0,1273.327880859375,0.0,0,0,0,0,0,0,nan,nan,nan,nan,nan
419,16.759999625384808,7.456528,3.896803,0.40000653,0.19198903,-0.12194881,-0.5665044,0.7920488,-0.049885344,0.146611,-9.41496e-05,0.0010775188,-0.0038133995,-0.2346254,-0.15481487,-0.0007721428,-0.003924703,0.009656638,-0.103936076,-0.21012989,0.45830604,0.024348862,-1.2360815,-0.14364937,0.453756,-0.42476135,0.0073124412,-19.267632,17.77414,-0.6599998,0.45,-8.29261,-1.858493,8.0,8.0,0.0,4.139032363891602,0.8968029022216797,0.0,1273.355712890625,0.0,0,0,0,0,0,0,nan,nan,nan,nan,nan
420,16.799999624490738,7.454504,3.9028852,0.40000662,0.19146077,-0.12287449,-0.57020056,0.78937685,-0.05064825,0.15407838,-9.421576e-05,0.00045522832,-0.003604222,-0.23448819,-0.16213197,-0.0006622826,-0.0041896664,0.00928219,-0.10435217,-0.20985508,0.45841452,0.024355927,-1.2454456,-0.16147925,0.45395258,-0.4445715,0.006652047,-19.447456,17.587156,-0.67999977,0.45,-8.292701,-1.8589548,8.0,8.0,0.0,4.133269309997559,0.9028851985931396,0.0,1273.3558349609375,0.0,0,0,0,0,0,0,nan,nan,nan,nan,nan
421,16.83999962359667,7.4524517,3.9092658,0.40000653,0.19092014,-0.12380168,-0.5738812,0.7866911,-0.05133704,0.16154207,-9.427722e-05,-4.120943e-05,-0.0035087878,-0.2343732,-0.16944091,-0.0006103772,-0.0044183545,0.009013668,-0.104675286,-0.20949087,0.4585144,0.024346,-1.2548048,-0.18010618,0.4541338,-0.46453977,0.0061803246,-19.609217,17.495579,-0.69999975,0.45,-8.296143,-1.8489835,8.0,8.0,0.0,4.127216339111328,0.9092657566070557,0.0,1273.3248291015625,0.0,0,0,0,0,0,0,nan,nan,nan,nan,nan
422,16.8799996227026,7.4503746,3.9159448,0.4000066,0.19037206,-0.12473203,-0.5775459,0.7839905,-0.05193484,0.1690043,-9.424194e-05,-0.00033845162,-0.0038008033,-0.23426966,-0.1767434,-0.000597836,-0.0046040528,0.00922215,-0.104965374,-0.20928548,0.45861614,0.02432215,-1.264159,-0.19953358,0.45430592,-0.48452327,0.006057445,-19.932186,17.529581,-0.71999973,0.45,-8.294224,-1.8762918,8.0,8.0,0.0,4.120872974395752,0.9159448146820068,0.0,1273.3594970703125,0.0,0,0,0,0,0,0,nan,nan,nan,nan,nan
423,16.91999962180853,7.4482746,3.9229217,0.40000653,0.18981916,-0.12566523,-0.5811954,0.78127384,-0.052508336,0.17643444,-9.4281015e-05,-0.0005554058,-0.0039335997,-0.23419611,-0.18401483,-0.0006999094,-0.0047617517,0.00928491,-0.10514295,-0.20909855,0.4587238,0.024288509,-1.27351,-0.21976273,0.45445937,-0.50460106,0.0054992028,-20.107038,17.483091,-0.7399997,0.45,-8.294526,-1.8496873,8.0,8.0,0.0,4.114239692687988,0.9229216575622559,0.0,1273.3287353515625,0.0,0,0,0,0,0,0,nan,nan,nan,nan,nan
424,16.95999962091446,7.446155,3.9301956,0.40000653,0.18926567,-0.12660135,-0.5848296,0.7785402,-0.052976925,0.18385543,-9.4303854e-05,-0.00057521136,-0.0042836685,-0.23413655,-0.1912691,-0.000830207,-0.004879441,0.009630505,-0.105221234,-0.20902012,0.45884463,0.024250232,-1.2828578,-0.24079692,0.4546074,-0.52471876,0.0053016394,-19.652695,17.479876,-0.7599997,0.45,-8.295041,-1.8733324,8.0,8.0,0.0,4.107316493988037,0.9301955699920654,0.0,1273.3636474609375,0.0,0,0,0,0,0,0,nan,nan,nan,nan,nan
425,16.99999962002039,7.444019,3.9377654,0.4000066,0.1887159,-0.12754093,-0.5884483,0.7757888,-0.05337954,0.1912528,-9.432564e-05,-0.00046005484,-0.0047500925,-0.23409607,-0.19850072,-0.0010273485,-0.004949324,0.01010805,-0.10520454,-0.20893995,0.45898646,0.02421182,-1.2922021,-0.26263914,0.45474958,-0.5450226,0.004997886,-19.687132,17.36746,-0.7799997,0.45,-8.284844,-1.9172528,8.0,8.0,0.0,4.1001057624816895,0.93776535987854,0.0,1273.332763671875,0.0,0,0,0,0,0,0,nan,nan,nan,nan,nan
426,17.03999961912632,7.44187,3.9456313,0.40000662,0.1881724,-0.12848425,-0.59205234,0.7730181,-0.053663664,0.19864485,-9.423622e-05,-0.00020442503,-0.0054317787,-0.23408483,-0.20570302,-0.0012483643,-0.005027663,0.010869965,-0.10515115,-0.20903605,0.45915374,0.02417688,-1.3015455,-0.2852908,0.45488873,-0.5652993,0.005077108,-19.411127,17.412462,-0.79999965,0.45,-8.279149,-1.9319253,8.0,8.0,0.0,4.092605113983154,0.9456312656402588,0.0,1273.335693359375,0.0,0,0,0,0,0,0,nan,nan,nan,nan,nan
427,17.07999961823225,7.4397125,3.9537926,0.4000066,0.1876389,-0.12943241,-0.5956413,0.7702274,-0.05389142,0.20601228,-9.429412e-05,0.00010949866,-0.006083357,-0.23411688,-0.21287729,-0.0015494376,-0.0050787665,0.011566997,-0.10501902,-0.20903984,0.45935392,0.024148531,-1.3108877,-0.30875522,0.45502567,-0.5856648,0.00480326,-19.448391,17.355017,-0.81999964,0.45,-8.268106,-1.9798858,8.0,8.0,0.0,4.084815502166748,0.9537925720214844,0.0,1273.33740234375,0.0,0,0,0,0,0,0,nan,nan,nan,nan,nan
428,17.11999961733818,7.4375496,3.962248,0.4000066,0.18711604,-0.13038534,-0.5992165,0.76741564,-0.0540034,0.21337707,-9.435779e-05,0.00048764865,-0.006848695,-0.23420447,-0.2200379,-0.001868546,-0.005104903,0.012406714,-0.104885794,-0.20915909,0.4595879,0.024128886,-1.3202322,-0.33302966,0.45516178,-0.60593545,0.004724104,-19.443583,17.378656,-0.8399996,0.45,-8.259314,-2.0413747,8.0,8.0,0.0,4.076737880706787,0.9622480869293213,0.0,1273.3380126953125,0.0,0,0,0,0,0,0,nan,nan,nan,nan,nan
429,17.15999961644411,7.435385,3.970998,0.40000653,0.18660577,-0.13134375,-0.602778,0.76458204,-0.053988777,0.22073932,-9.4374314e-05,0.00090757065,-0.0076789754,-0.23434897,-0.2271763,-0.0022011762,-0.005134158,0.013308112,-0.10474038,-0.20930505,0.4598595,0.024119899,-1.3295795,-0.35811812,0.4553037,-0.6263925,0.0048532174,-19.94972,17.175266,-0.8599996,0.45,-8.247608,-2.080852,8.0,8.0,0.0,4.068371772766113,0.9709980487823486,0.0,1273.3385009765625,0.0,0,0,0,0,0,0,nan,nan,nan,nan,nan
430,17.19999961555004,7.4332256,3.980043,0.4000066,0.18610887,-0.1323092,-0.606327,0.7617252,-0.05387218,0.2281013,-9.450202e-05,0.0013136864,-0.0085470155,-0.23457383,-0.2343102,-0.002563092,-0.0051297992,0.014295947,-0.104680896,-0.20968765,0.46017188,0.024121508,-1.338934,-0.38401723,0.4554533,-0.64661944,0.0048768194,-20.782122,17.22816,-0.8799996,0.45,-8.240219,-2.1618123,8.0,8.0,0.0,4.059715270996094,0.9800429344177246,0.0,1273.3388671875,0.0,0,0,0,0,0,0,nan,nan,nan,nan,nan
431,17.23999961465597,7.4310756,3.9893827,0.40000653,0.1856252,-0.13328215,-0.6098645,0.7588442,-0.053628746,0.23546562,-9.462371e-05,0.001701776,-0.009423952,-0.23487908,-0.24142493,-0.0029415349,-0.0051435493,0.0152287,-0.104625,-0.20994239,0.4605253,0.024133999,-1.3482984,-0.4107283,0.4556116,-0.6669836,0.004960908,-21.41585,17.30687,-0.89999956,0.45,-8.227927,-2.2384992,8.0,8.0,0.0,4.0507683753967285,0.9893827438354492,0.0,1273.3387451171875,0.0,0,0,0,0,0,0,nan,nan,nan,nan,nan
432,17.279999613761902,7.4289393,3.9990177,0.40000647,0.18515523,-0.13426481,-0.61339045,0.7559382,-0.05324078,0.24284491,-9.4757954e-05,0.0020571353,-0.010518104,-0.23526113,-0.24853697,-0.0033143833,-0.005163748,0.01637797,-0.10467249,-0.21026681,0.46092314,0.024155447,-1.3576747,-0.4382501,0.4557826,-0.6872255,0.0052212714,-21.711784,17.216246,-0.91999954,0.45,-8.217125,-2.3671312,8.0,8.0,0.0,4.041530609130859,0.9990177154541016,0.0,1273.33837890625,0.0,0,0,0,0,0,0,nan,nan,nan,nan,nan
433,17.319999612867832,7.4268217,4.0089474,0.40000653,0.18469724,-0.13525784,-0.6169066,0.7530062,-0.052739482,0.25022632,-9.491418e-05,0.0023267143,-0.011406755,-0.23576766,-0.25564477,-0.0037106154,-0.0051667877,0.01731003,-0.10480514,-0.21069194,0.46136346,0.02418426,-1.3670676,-0.46657923,0.455961,-0.70746547,0.0052588014,-21.921352,17.091469,-0.9399995,0.45,-8.209269,-2.4358392,8.0,8.0,0.0,4.032001495361328,1.0089473724365234,0.0,1273.336669921875,0.0,0,0,0,0,0,0,nan,nan,nan,nan,nan
434,17.359999611973763,7.4247313,4.019173,0.40000656,0.18425034,-0.1362622,-0.6204143,0.750047,-0.052058477,0.2576254,-9.502886e-05,0.002574381,-0.012434772,-0.23635046,-0.26274332,-0.004076517,-0.0052109733,0.01842926,-0.10504691,-0.21134518,0.4618461,0.024219347,-1.3764818,-0.49571496,0.45615664,-0.7277221,0.0056637744,-22.08491,16.934172,-0.9599995,0.45,-8.209732,-2.552193,8.0,8.0,0.0,4.0221781730651855,1.0191731452941895,0.0,1273.3372802734375,0.0,0,0,0,0,0,0,nan,nan,nan,nan,nan
435,17.399999611079693,7.422671,4.029695,0.4000066,0.18381341,-0.13727923,-0.62391436,0.7470594,-0.051258907,0.26503235,-9.5178104e-05,0.0027148419,-0.013396505,-0.23706073,-0.26986814,-0.0044457978,-0.005163815,0.019423153,-0.1053899,-0.21193442,0.46237087,0.024258548,-1.3859204,-0.5256585,0.45636424,-0.7477562,0.005769821,-22.216896,16.747797,-0.9799995,0.45,-8.199239,-2.691193,8.0,8.0,0.0,4.012060642242432,1.0296950340270996,0.0,1273.3365478515625,0.0,0,0,0,0,0,0,nan,nan,nan,nan,nan
436,17.439999610185623,7.4206486,4.0405135,0.4000066,0.18338512,-0.13830984,-0.6274081,0.7440425,-0.050265618,0.27245525,-9.524512e-05,0.0028127634,-0.014450315,-0.23786137,-0.27696124,-0.004792507,-0.005241733,0.020509824,-0.10582225,-0.21260507,0.46293703,0.02430021,-1.3953878,-0.55640745,0.4565894,-0.7679815,0.0062580514,-22.368135,16.543543,-0.99999946,0.45,-8.19312,-2.8088124,8.0,8.0,0.0,4.001647472381592,1.040513515472412,0.0,1273.336181640625,0.0,0,0,0,0,0,0,nan,nan,nan,nan,nan
437,17.479999609291553,7.41867,4.05163,0.4000066,0.18296364,-0.13935511,-0.63089687,0.740995,-0.049148295,0.2798802,-9.544734e-05,0.0028159246,-0.015345324,-0.23879942,-0.2840669,-0.0051496876,-0.005266361,0.021397237,-0.1063456,-0.21327087,0.46354312,0.024341917,-1.4048887,-0.587961,0.45682773,-0.78812695,0.006391618,-22.501785,16.329235,-1.0199995,0.45,-8.188802,-2.9455824,8.0,8.0,0.0,3.990935802459717,1.0366727113723755,0.0,1273.336181640625,0.0,0,0,0,0,0,0,nan,nan,nan,nan,nan
438,17.519999608397484,7.416743,4.063043,0.4000066,0.18254694,-0.14041522,-0.63438195,0.73791575,-0.047847494,0.28731513,-9.566969e-05,0.0027623826,-0.016242912,-0.23985572,-0.29116988,-0.0054764478,-0.005314965,0.022310697,-0.10698714,-0.21411769,0.46418628,0.024382176,-1.4144274,-0.620318,0.45708334,-0.8082209,0.0067101987,-22.664038,16.145838,-1.0399995,0.45,-8.186081,-3.0934997,8.0,8.0,0.0,3.979926824569702,1.0254573822021484,0.0,1273.33544921875,0.0,0,0,0,0,0,0,nan,nan,nan,nan,nan
439,17.559999607503414,7.4148736,4.074754,0.4000066,0.18213396,-0.14149113,-0.63786525,0.734803,-0.04636998,0.29475385,-9.660641e-05,0.0026643348,-0.017128427,-0.24102092,-0.29826874,-0.005781805,-0.00538262,0.023186725,-0.10769078,-0.21496488,0.46486637,0.02442005,-1.4240098,-0.6534778,0.45735878,-0.8282997,0.0071130474,-22.827555,15.975278,-1.0599995,0.45,-8.184483,-3.236249,8.0,8.0,0.0,3.9686179161071777,1.0140018463134766,0.0,1273.33056640625,0.0,0,0,0,0,0,0,nan,nan,nan,nan,nan
440,17.599999606609344,7.413068,4.086763,0.4000066,0.18172279,-0.14258257,-0.64134777,0.7316556,-0.0447295,0.30219007,-9.6763346e-05,0.002530367,-0.017996054,-0.24229737,-0.3053778,-0.006067275,-0.005404629,0.024074256,-0.10848993,-0.21600257,0.46558014,0.024454782,-1.4336393,-0.68744034,0.45764908,-0.8484125,0.0074363104,-23.011335,15.800105,-1.0799994,0.45,-8.1817045,-3.4018912,8.0,8.0,0.0,3.957008123397827,1.002310872077942,0.0,1273.3302001953125,0.0,0,0,0,0,0,0,nan,nan,nan,nan,nan
441,17.639999605715275,7.411334,4.099068,0.40000656,0.18131194,-0.14368936,-0.6448316,0.72847205,-0.042920265,0.30961794,-9.700638e-05,0.0023669857,-0.018728908,-0.24369934,-0.31246078,-0.006356271,-0.0054976717,0.024844088,-0.109362036,-0.21720402,0.46632537,0.024486411,-1.4433222,-0.7222067,0.45795476,-0.86857677,0.0077413013,-23.212214,15.61238,-1.0999994,0.45,-8.180062,-3.5336347,8.0,8.0,0.0,3.9450979232788086,0.9903907775878906,0.0,1273.330078125,0.0,0,0,0,0,0,0,nan,nan,nan,nan,nan
442,17.679999604821205,7.4096775,4.111671,0.4000066,0.18090045,-0.14481205,-0.6483172,0.72525114,-0.04092591,0.31704023,-9.788049e-05,0.0021678046,-0.019515945,-0.24518771,-0.3195552,-0.006608977,-0.005547993,0.025662072,-0.11030088,-0.21844497,0.4671014,0.024514,-1.4530607,-0.75777704,0.45827982,-0.8887274,0.008159805,-23.404345,15.413718,-1.1199994,0.45,-8.176395,-3.7058163,8.0,8.0,0.0,3.932884693145752,0.9782454371452332,0.0,1273.324951171875,0.0,0,0,0,0,0,0,nan,nan,nan,nan,nan
443,17.719999603927135,7.408106,4.12457,0.4000066,0.18048748,-0.14595062,-0.65180594,0.72199136,-0.0387774,0.32444638,-9.807672e-05,0.0019710804,-0.02021827,-0.24677545,-0.32664245,-0.0068668406,-0.005591139,0.026378226,-0.11125068,-0.21970093,0.46790734,0.024537925,-1.4628596,-0.79414845,0.4586203,-0.90875936,0.008400439,-23.593855,15.199954,-1.1399994,0.45,-8.181775,-3.8742418,8.0,8.0,0.0,3.9203693866729736,0.9658821225166321,0.0,1273.33203125,0.0,0,0,0,0,0,0,nan,nan,nan,nan,nan
444,17.759999603033066,7.406626,4.1377645,0.4000066,0.1800728,-0.14710511,-0.6552986,0.7186916,-0.036479566,0.33183104,-9.841555e-05,0.0017572561,-0.020851618,-0.24844535,-0.33370084,-0.0071524642,-0.005694993,0.02700856,-0.11222655,-0.22095488,0.4687432,0.024558956,-1.472722,-0.8313267,0.45897552,-0.9289763,0.008429441,-23.781591,14.978279,-1.1599994,0.45,-8.173141,-4.079134,8.0,8.0,0.0,3.9075512886047363,0.9533074498176575,0.0,1273.3341064453125,0.0,0,0,0,0,0,0,nan,nan,nan,nan,nan
445,17.799999602138996,7.4052453,4.1512547,0.4000066,0.17965594,-0.1482761,-0.65879494,0.715351,-0.03395392,0.33920646,-9.860675e-05,0.0015265867,-0.021660995,-0.25014818,-0.34077406,-0.007366607,-0.0057621673,0.027865943,-0.11328193,-0.22240208,0.46960926,0.024576396,-1.4826488,-0.86930835,0.45935166,-0.94906163,0.008970795,-23.97024,14.737767,-1.1799994,0.45,-8.174259,-4.2569427,8.0,8.0,0.0,3.8944284915924072,0.9405277371406555,0.0,1273.3343505859375,0.0,0,0,0,0,0,0,nan,nan,nan,nan,nan
446,17.839999601244926,7.4039693,4.165038,0.40000647,0.17923513,-0.14946252,-0.6622963,0.71196854,-0.031309806,0.34655192,-9.8799625e-05,0.0012603248,-0.022262739,-0.25194338,-0.34781832,-0.007639909,-0.0058751553,0.02846634,-0.11434819,-0.22373727,0.47050175,0.024590781,-1.4926441,-0.9080981,0.4597364,-0.96925694,0.009051647,-24.158506,14.495123,-1.1999993,0.45,-8.160789,-4.416584,8.0,8.0,0.0,3.8810031414031982,0.9275519251823425,0.0,1273.33447265625,0.0,0,0,0,0,0,0,nan,nan,nan,nan,nan
447,17.879999600350857,7.4028063,4.1791153,0.4000066,0.17881037,-0.15066594,-0.6658021,0.7085436,-0.028478535,0.35387585,-9.905063e-05,0.0009628509,-0.022941144,-0.25374374,-0.35487318,-0.007883014,-0.0059368536,0.029187389,-0.11548174,-0.22521934,0.4714232,0.024600364,-1.5027086,-0.94769335,0.46013948,-0.9894843,0.009283106,-24.331846,14.237199,-1.2199993,0.45,-8.156504,-4.6244893,8.0,8.0,0.0,3.8672730922698975,0.9143875241279602,0.0,1273.336669921875,0.0,0,0,0,0,0,0,nan,nan,nan,nan,nan
448,17.919999599456787,7.401762,4.193484,0.40000653,0.17838076,-0.15188602,-0.66931254,0.70507556,-0.025490947,0.3611713,-9.928139e-05,0.00066178467,-0.023548512,-0.25556418,-0.36192074,-0.008138377,-0.0059916824,0.02985049,-0.11662851,-0.22675821,0.47237217,0.024605194,-1.5128436,-0.988094,0.4605558,-1.0096308,0.009414938,-24.493433,13.970344,-1.2399993,0.45,-8.1595745,-4.807378,8.0,8.0,0.0,3.8532395362854004,0.9010444283485413,0.0,1273.340576171875,0.0,0,0,0,0,0,0,nan,nan,nan,nan,nan
449,17.959999598562717,7.4008436,4.208144,0.40000647,0.17794637,-0.15312313,-0.6728262,0.7015648,-0.02230423,0.36844277,-0.00010025132,0.00030330964,-0.024263343,-0.25733364,-0.36896566,-0.008368487,-0.0060603693,0.030573398,-0.11776401,-0.2280469,0.47334975,0.024604851,-1.5230472,-1.0293005,0.46099088,-1.0297657,0.00982134,-24.634167,13.690234,-1.2599993,0.45,-8.149073,-4.992916,8.0,8.0,0.0,3.8389008045196533,0.8875309824943542,0.0,1273.3348388671875,0.0,0,0,0,0,0,0,nan,nan,nan,nan,nan
450,17.999999597668648,7.4000573,4.223094,0.40000653,0.17750713,-0.15437801,-0.6763417,0.69801176,-0.01898301,0.37568098,-0.00010039557,-8.620118e-05,-0.024963617,-0.2590312,-0.37602025,-0.008617187,-0.0060531273,0.03130053,-0.118904546,-0.22932638,0.47435743,0.0245981,-1.5333176,-1.071314,0.46143883,-1.0500122,0.0099038705,-24.756247,13.409345,-1.2799993,0.45,-8.144408,-5.2126637,8.0,8.0,0.0,3.8242580890655518,0.8738585710525513,0.0,1273.340087890625,0.0,0,0,0,0,0,0,nan,nan,nan,nan,nan
451,18.039999596774578,7.3994102,4.238333,0.40000656,0.17706245,-0.15565069,-0.6798574,0.6944174,-0.01548601,0.382886,-0.000100577985,-0.0004980713,-0.025630677,-0.26062083,-0.38304117,-0.008885931,-0.0061570257,0.032020032,-0.12003243,-0.23059751,0.47539458,0.024583803,-1.5436512,-1.114132,0.4619,-1.0702838,0.010072619,-24.874144,13.1405115,-1.2999992,0.45,-8.147228,-5.397062,8.0,8.0,0.0,3.8093104362487793,0.8600376844406128,0.0,1273.3421630859375,0.0,0,0,0,0,0,0,nan,nan,nan,nan,nan
452,18.07999959588051,7.3989096,4.2538586,0.40000647,0.17661166,-0.15694086,-0.6833708,0.6907837,-0.011830279,0.39006034,-0.00010102732,-0.0009950862,-0.026245669,-0.26207897,-0.39009377,-0.009136684,-0.006137505,0.03264655,-0.121136054,-0.23156184,0.47646058,0.024560612,-1.5540428,-1.1577564,0.46237466,-1.0904199,0.010158006,-24.97759,12.8944435,-1.3199992,0.45,-8.135897,-5.5993967,8.0,8.0,0.0,3.7940592765808105,0.8460826873779297,0.0,1273.3426513671875,0.0,0,0,0,0,0,0,nan,nan,nan,nan,nan
453,18.11999959498644,7.398561,4.26967,0.4000065,0.17615408,-0.15824813,-0.6868789,0.68711317,-0.007978722,0.39719805,-0.00010099377,-0.0015325639,-0.026906325,-0.26332036,-0.39711332,-0.009388108,-0.0062471405,0.03338338,-0.122230366,-0.23256853,0.47755423,0.02452676,-1.5644847,-1.2021858,0.4628643,-1.1106802,0.010438057,-25.090078,12.687463,-1.3399992,0.45,-8.132784,-5.802064,8.0,8.0,0.0,3.778503656387329,0.8320052623748779,0.0,1273.345703125,0.0,0,0,0,0,0,0,nan,nan,nan,nan,nan
454,18.15999959409237,7.398372,4.2857656,0.40000653,0.17568931,-0.1595726,-0.6903784,0.6834086,-0.0039746454,0.40430155,-0.00010101688,-0.0021500087,-0.027484257,-0.26432413,-0.4041537,-0.009633759,-0.00628148,0.033978604,-0.12323052,-0.23310404,0.47867575,0.024480077,-1.5749693,-1.2474208,0.46336725,-1.1307296,0.010524183,-25.233955,12.664766,-1.3599992,0.45,-8.125303,-6.0092797,8.0,8.0,0.0,3.7626442909240723,0.8178209662437439,0.0,1273.3526611328125,0.0,0,0,0,0,0,0,nan,nan,nan,nan,nan
455,18.1999995931983,7.398351,4.3021445,0.4000066,0.17521736,-0.16091323,-0.69386446,0.67967474,0.00023067372,0.4113618,-0.000101874255,-0.0028007424,-0.028098274,-0.26497218,-0.411193,-0.009840328,-0.006327614,0.034576327,-0.124062136,-0.2331837,0.47982416,0.024419306,-1.5854832,-1.2934617,0.46388477,-1.1509073,0.010767002,-25.400944,12.812776,-1.3799992,0.45,-8.123283,-6.2301435,8.0,8.0,0.0,3.7464804649353027,0.8035458326339722,0.0,1273.3165283203125,0.0,0,0,0,0,0,0,nan,nan,nan,nan,nan
456,18.23999959230423,7.398503,4.318804,0.40000653,0.17473769,-0.16226785,-0.69733244,0.67591655,0.0045915,0.41837662,-0.000102006656,-0.0034618746,-0.028560728,-0.26526818,-0.4182321,-0.010042414,-0.0063643754,0.035108645,-0.12482008,-0.23329814,0.4809962,0.024343869,-1.5960133,-1.340309,0.46441016,-1.1710612,0.010758939,-25.576784,13.053996,-1.3999991,0.45,-8.125357,-6.4466395,8.0,8.0,0.0,3.7300140857696533,0.789197564125061,0.0,1273.3226318359375,0.0,0,0,0,0,0,0,nan,nan,nan,nan,nan
457,18.27999959141016,7.398836,4.3357425,0.4000066,0.17424935,-0.16363381,-0.700777,0.67214036,0.009141426,0.42534572,-0.00010217252,-0.004187865,-0.02885584,-0.26512918,-0.4252615,-0.010216387,-0.0064639226,0.03540053,-0.12537038,-0.23271558,0.48218712,0.024252467,-1.6065433,-1.3879614,0.46494555,-1.1911573,0.010767162,-25.70648,13.34498,-1.4199991,0.45,-8.1130905,-6.654334,8.0,8.0,0.0,3.7132439613342285,0.7747957110404968,0.0,1273.322998046875,0.0,0,0,0,0,0,0,nan,nan,nan,nan,nan
458,18.31999959051609,7.3993583,4.352958,0.40000653,0.17375149,-0.16500787,-0.70419216,0.6683532,0.013905801,0.4322567,-0.00010214652,-0.0049040406,-0.029069198,-0.26445812,-0.43232015,-0.010287896,-0.006453745,0.03561956,-0.12567899,-0.23172523,0.48339143,0.024144134,-1.6170547,-1.4364212,0.46549088,-1.2115314,0.010884842,-25.728195,13.791979,-1.4399991,0.45,-8.115677,-6.8863096,8.0,8.0,0.0,3.696171522140503,0.7603617906570435,0.0,1273.3289794921875,0.0,0,0,0,0,0,0,nan,nan,nan,nan,nan
459,18.35999958962202,7.400078,4.370448,0.40000653,0.1732429,-0.1663863,-0.7075715,0.6645637,0.018872308,0.43911624,-9.721136e-05,-0.005665102,-0.029041586,-0.2632446,-0.43935543,-0.010316279,-0.0065845847,0.03560949,-0.12579948,-0.23029533,0.4846025,0.02401717,-1.6275268,-1.485684,0.46604604,-1.2314571,0.011003752,-24.826942,14.734996,-1.4599991,0.45,-8.111705,-7.0713577,8.0,8.0,0.0,3.678797721862793,0.7459208369255066,0.0,1273.36279296875,0.0,0,0,0,0,0,0,nan,nan,nan,nan,nan
460,18.39999958872795,7.401003,4.3882113,0.40000653,0.1727224,-0.16776323,-0.710908,0.66078144,0.024010994,0.44591105,-9.744382e-05,-0.0063973586,-0.028689303,-0.2613934,-0.4463749,-0.010303829,-0.006781578,0.035307042,-0.12565632,-0.2284793,0.48581025,0.023872064,-1.6379352,-1.5357556,0.46660596,-1.2516031,0.01078632,-24.400759,14.286101,-1.4799991,0.45,-8.100577,-7.2965994,8.0,8.0,0.0,3.6611223220825195,0.7314976453781128,0.0,1273.3671875,0.0,0,0,0,0,0,0,nan,nan,nan,nan,nan
461,18.43999958783388,7.402142,4.4062433,0.4000066,0.17218845,-0.16913271,-0.71419454,0.657017,0.029414361,0.45263076,-9.8547745e-05,-0.007104771,-0.02815062,-0.2588526,-0.45342824,-0.010105977,-0.006887093,0.034743637,-0.12512062,-0.22579606,0.48700395,0.023708194,-1.648255,-1.5866342,0.46717474,-1.2718661,0.010950878,-23.265703,14.098937,-1.499999,0.45,-8.093764,-7.4906273,8.0,8.0,0.0,3.6431472301483154,0.7171228528022766,0.0,1273.35888671875,0.0,0,0,0,0,0,0,nan,nan,nan,nan,nan
462,18.47999958693981,7.403502,4.424542,0.40000653,0.17164002,-0.17048784,-0.7174235,0.65328187,0.03502908,0.4592727,-9.859768e-05,-0.0077287056,-0.027299691,-0.25558937,-0.46045047,-0.009817215,-0.007145852,0.033870846,-0.12421735,-0.22258027,0.4881722,0.023526112,-1.658458,-1.6383176,0.467747,-1.2919712,0.010967389,-22.7273,13.730963,-1.519999,0.45,-8.09817,-7.6804347,8.0,8.0,0.0,3.6248738765716553,0.7028270363807678,0.0,1273.36083984375,0.0,0,0,0,0,0,0,nan,nan,nan,nan,nan
463,18.519999586045742,7.405095,4.443104,0.4000066,0.17107582,-0.17181943,-0.7205873,0.64958835,0.040857233,0.46582618,-9.848247e-05,-0.00823776,-0.026065866,-0.25155556,-0.46746945,-0.009387219,-0.0074276403,0.032593705,-0.122887254,-0.21871851,0.48929918,0.023328438,-1.6685145,-1.6908075,0.46831575,-1.3121872,0.010834264,-21.68263,13.874423,-1.539999,0.45,-8.093009,-7.859738,8.0,8.0,0.0,3.6063029766082764,0.6886475682258606,0.0,1273.3658447265625,0.0,0,0,0,0,0,0,nan,nan,nan,nan,nan
464,18.559999585151672,7.4069266,4.461925,0.40000653,0.17049386,-0.1731173,-0.7236788,0.6459498,0.04693053,0.47228405,-0.000103705344,-0.008606154,-0.024409344,-0.24677384,-0.47445217,-0.008807942,-0.007905111,0.03089899,-0.12115754,-0.21436536,0.4903667,0.023117485,-1.6783937,-1.744103,0.46887785,-1.332194,0.010845268,-21.691444,13.802704,-1.559999,0.45,-8.0875435,-7.977669,8.0,8.0,0.0,3.587437868118286,0.6746213436126709,0.0,1273.31982421875,0.0,0,0,0,0,0,0,nan,nan,nan,nan,nan
465,18.599999584257603,7.4090066,4.481002,0.40000653,0.16989371,-0.1743715,-0.7266912,0.64237887,0.053183038,0.47863972,-0.00010499451,-0.008765505,-0.022247048,-0.24117869,-0.48144326,-0.008061968,-0.008324057,0.02863254,-0.11889162,-0.20923045,0.49135885,0.022897396,-1.6880667,-1.7982072,0.4694298,-1.3523575,0.010373551,-21.813076,14.124717,-1.579999,0.45,-8.082157,-8.147171,8.0,8.0,0.0,3.56827974319458,0.6607915759086609,0.0,1273.3177490234375,0.0,0,0,0,0,0,0,nan,nan,nan,nan,nan
466,18.639999583363533,7.411344,4.5003295,0.40000662,0.16927302,-0.17556903,-0.72961795,0.6388895,0.059686955,0.48487812,-0.00010477088,-0.008697192,-0.01966047,-0.23484698,-0.4883984,-0.007110106,-0.00890854,0.025914036,-0.116148844,-0.20356664,0.49225187,0.022672793,-1.6975013,-1.8531194,0.4699638,-1.3726715,0.010107459,-22.90771,14.262954,-1.599999,0.45,-8.075214,-8.255999,8.0,8.0,0.0,3.5488321781158447,0.6472051739692688,0.0,1273.3126220703125,0.0,0,0,0,0,0,0,nan,nan,nan,nan,nan
467,18.679999582469463,7.4139466,4.5199037,0.40000656,0.16863088,-0.17669898,-0.7324537,0.63549393,0.06640016,0.49100456,-0.00010512443,-0.008403079,-0.016586287,-0.22782458,-0.49535447,-0.005940387,-0.009512119,0.022669062,-0.11295667,-0.19736426,0.4930272,0.02244825,-1.70667,-1.9088379,0.47047806,-1.3924983,0.009730315,-23.151941,13.984378,-1.6199989,0.45,-8.066389,-8.335693,8.0,8.0,0.0,3.529097557067871,0.6339119076728821,0.0,1273.302978515625,0.0,0,0,0,0,0,0,nan,nan,nan,nan,nan
468,18.719999581575394,7.416822,4.5397196,0.4000066,0.16796605,-0.17774709,-0.735194,0.6322049,0.07329164,0.4970034,-0.00010521465,-0.007735996,-0.012930348,-0.22013457,-0.50225234,-0.0046050977,-0.010317892,0.01880252,-0.10923902,-0.19079347,0.49366012,0.02223195,-1.7155455,-1.9653643,0.47096333,-1.4127747,0.009167553,-22.311064,14.067828,-1.6399989,0.45,-8.061884,-8.350456,8.0,8.0,0.0,3.5090792179107666,0.620965838432312,0.0,1273.2943115234375,0.0,0,0,0,0,0,0,nan,nan,nan,nan,nan
469,18.759999580681324,7.419977,4.5597725,0.4000066,0.16727741,-0.17870072,-0.7378354,0.62903357,0.08037274,0.5028771,-0.000105563275,-0.0067664445,-0.008857741,-0.2118909,-0.5091321,-0.003043022,-0.011196271,0.01445527,-0.10506506,-0.18379225,0.49412864,0.022030676,-1.7241035,-2.0226996,0.47141618,-1.432766,0.008601325,-22.583834,14.024714,-1.6599989,0.45,-8.056751,-8.362004,8.0,8.0,0.0,3.4887807369232178,0.6084250807762146,0.0,1273.282470703125,0.0,0,0,0,0,0,0,nan,nan,nan,nan,nan
470,18.799999579787254,7.4234195,4.5800567,0.40000668,0.16656564,-0.17954817,-0.7403754,0.6259892,0.08758939,0.508626,-0.0001112606,-0.005446217,-0.0044231466,-0.20320404,-0.51597714,-0.001299616,-0.012181617,0.009681601,-0.10045274,-0.17651755,0.49441406,0.021853503,-1.7323228,-2.0808449,0.47182676,-1.4528059,0.0077703334,-22.665983,14.179484,-1.6799989,0.45,-8.048031,-8.362494,8.0,8.0,0.0,3.4682066440582275,0.5963526368141174,0.0,1273.2421875,0.0,0,0,0,0,0,0,nan,nan,nan,nan,nan
471,18.839999578893185,7.4271507,4.600568,0.40000653,0.16583003,-0.18027748,-0.7428137,0.6230795,0.094913356,0.5142559,-0.00011109302,-0.003746435,0.00046677445,-0.19417481,-0.52277046,0.0005978085,-0.013344981,0.004387282,-0.09545008,-0.16908444,0.49449545,0.021708956,-1.7401893,-2.1397982,0.47218364,-1.4729096,0.0067991354,-23.311974,14.406641,-1.6999989,0.45,-8.046362,-8.253211,8.0,8.0,0.0,3.4473607540130615,0.5848109126091003,0.0,1273.2344970703125,0.0,0,0,0,0,0,0,nan,nan,nan,nan,nan
472,18.879999577999115,7.4311757,4.621301,0.4000066,0.16507047,-0.18087861,-0.7451509,0.6203101,0.10231733,0.51977736,-0.000111021385,-0.0017455259,0.0056627523,-0.18496749,-0.5295671,0.0026870556,-0.014461912,-0.0012796931,-0.090173215,-0.16155297,0.49435532,0.021604847,-1.7476925,-2.1995573,0.47248143,-1.492932,0.0057376055,-23.709703,14.460502,-1.7199988,0.45,-8.034409,-8.117773,8.0,8.0,0.0,3.4262466430664062,0.5738686919212341,0.0,1273.2310791015625,0.0,0,0,0,0,0,0,nan,nan,nan,nan,nan
473,18.919999577105045,7.435496,4.6422524,0.40000662,0.16428737,-0.18134378,-0.7473893,0.61768377,0.10974299,0.5252074,-0.00011002903,0.0005594143,0.011100012,-0.17570144,-0.5363136,0.0048602372,-0.015770085,-0.007227391,-0.08470251,-0.15416363,0.49398038,0.021548701,-1.7548286,-2.2601204,0.47271228,-1.5126349,0.004455477,-24.030846,14.079266,-1.7399988,0.45,-8.034359,-7.9359455,8.0,8.0,0.0,3.4048690795898438,0.5635955333709717,0.0,1273.2332763671875,0.0,0,0,0,0,0,0,nan,nan,nan,nan,nan
474,18.959999576210976,7.4401097,4.6634192,0.40000653,0.16348232,-0.18166709,-0.74953145,0.6152017,0.11712976,0.5305634,-0.00010990266,0.0031308988,0.016694456,-0.16652165,-0.54302824,0.0070850607,-0.017177917,-0.013398644,-0.07909303,-0.14688373,0.49336195,0.021548135,-1.7615966,-2.3214881,0.4728675,-1.5323977,0.002863747,-23.251148,13.53133,-1.7599988,0.45,-8.026236,-7.720134,8.0,8.0,0.0,3.383230447769165,0.5540606379508972,0.0,1273.234375,0.0,0,0,0,0,0,0,nan,nan,nan,nan,nan
475,18.999999575316906,7.445016,4.6847987,0.40000665,0.1626558,-0.1818456,-0.7515824,0.6128614,0.12445365,0.53586453,-0.00011391548,0.005891442,0.022316614,-0.15757972,-0.5497281,0.009346124,-0.0186463,-0.019632045,-0.07348373,-0.13990545,0.49249431,0.021607844,-1.7680057,-2.383654,0.47294173,-1.5521182,0.0012552813,-23.62476,13.785708,-1.7799988,0.45,-8.024604,-7.4232793,8.0,8.0,0.0,3.3613340854644775,0.5453356504440308,0.0,1273.2064208984375,0.0,0,0,0,0,0,0,nan,nan,nan,nan,nan
476,19.039999574422836,7.450209,4.7063894,0.40000653,0.16180977,-0.18187998,-0.7535473,0.61065835,0.13164495,0.5411405,-0.000113328926,0.00876997,0.027814029,-0.14901145,-0.556435,0.011594772,-0.020082712,-0.025764614,-0.067971006,-0.1333202,0.4913796,0.021731298,-1.7740688,-2.4466133,0.4729309,-1.5716697,-0.0005001975,-21.606781,14.602639,-1.7999988,0.45,-8.034138,-7.089646,8.0,8.0,0.0,3.3391826152801514,0.5374899506568909,0.0,1273.2110595703125,0.0,0,0,0,0,0,0,nan,nan,nan,nan,nan
477,19.079999573528767,7.4556828,4.7281914,0.4000066,0.1609462,-0.18177421,-0.7554322,0.6085857,0.13864744,0.54642653,-0.00010701603,0.011625614,0.0330353,-0.14096314,-0.56316197,0.013769235,-0.021475084,-0.0316275,-0.06270349,-0.12715764,0.49002546,0.021919262,-1.7798041,-2.5103579,0.47282815,-1.5909166,-0.0023851981,-21.374535,14.435156,-1.8199987,0.45,-8.037488,-6.714894,8.0,8.0,0.0,3.316777467727661,0.5305908918380737,0.0,1273.2545166015625,0.0,0,0,0,0,0,0,nan,nan,nan,nan,nan
478,19.119999572634697,7.4614267,4.750206,0.40000656,0.16006814,-0.18153596,-0.7572436,0.6066341,0.14536937,0.5517577,-0.000111572015,0.0144528365,0.03799581,-0.13347888,-0.56990975,0.01576135,-0.02282554,-0.03724222,-0.05769645,-0.12141284,0.4884467,0.022171153,-1.7852347,-2.5748816,0.47262785,-1.6102666,-0.004694827,-21.039307,14.287618,-1.8399987,0.45,-8.06034,-6.3028526,8.0,8.0,0.0,3.294119358062744,0.5247015357017517,0.0,1273.26611328125,0.0,0,0,0,0,0,0,nan,nan,nan,nan,nan
479,19.159999571740627,7.467432,4.7724347,0.40000662,0.15917821,-0.18117692,-0.7589884,0.6047924,0.15181822,0.55716,-0.00010497511,0.01701495,0.04234821,-0.12669681,-0.57669514,0.017570116,-0.024129733,-0.042183578,-0.053181387,-0.116280004,0.4866643,0.022481875,-1.7903888,-2.640181,0.4723334,-1.6294525,-0.0068564606,-20.948067,14.365037,-1.8599987,0.45,-8.075898,-5.8759346,8.0,8.0,0.0,3.2712087631225586,0.5198833346366882,0.0,1273.3170166015625,0.0,0,0,0,0,0,0,nan,nan,nan,nan,nan
480,19.199999570846558,7.473683,4.7948833,0.40000668,0.15827824,-0.18071145,-0.7606728,0.60304916,0.15790021,0.56268144,-0.000103610524,0.01927047,0.04617848,-0.12066115,-0.58353406,0.019084338,-0.025364928,-0.04653554,-0.049210735,-0.11172042,0.48470262,0.022842128,-1.7952949,-2.706243,0.47193718,-1.6485293,-0.0092741605,-20.449377,14.433477,-1.8799987,0.45,-8.110708,-5.3984084,8.0,8.0,0.0,3.2480430603027344,0.5161863565444946,0.0,1273.3262939453125,0.0,0,0,0,0,0,0,nan,nan,nan,nan,nan
481,19.239999569952488,7.4801664,4.817557,0.40000662,0.15737274,-0.1801595,-0.76230294,0.60139054,0.16362885,0.56833947,-0.000102789076,0.021040298,0.04911092,-0.115408964,-0.59049845,0.020369135,-0.02624023,-0.04991194,-0.045843825,-0.10760841,0.48259854,0.023241064,-1.7999854,-2.773056,0.4714527,-1.6673379,-0.011401596,-20.667347,14.897295,-1.8999987,0.45,-8.146782,-4.925327,8.0,8.0,0.0,3.2246193885803223,0.5136587619781494,0.0,1273.338134765625,0.0,0,0,0,0,0,0,nan,nan,nan,nan,nan
482,19.27999956905842,7.486866,4.840461,0.4000066,0.15646538,-0.17954138,-0.7638836,0.59980446,0.1689258,0.57417566,-0.00010155178,0.022311809,0.051314514,-0.11089694,-0.5975213,0.021242816,-0.027109094,-0.052452795,-0.043118738,-0.10398367,0.48038888,0.023665432,-1.8044889,-2.8406148,0.4708786,-1.6859474,-0.013663631,-19.414028,14.230248,-1.9199986,0.45,-8.197488,-4.401522,8.0,8.0,0.0,3.2009365558624268,0.5123389959335327,0.0,1273.345703125,0.0,0,0,0,0,0,0,nan,nan,nan,nan,nan
483,19.31999956816435,7.493765,4.863604,0.40000665,0.15556075,-0.17887981,-0.76541907,0.598278,0.17378625,0.58020484,-9.519467e-05,0.02300853,0.052593186,-0.107089005,-0.6046296,0.021710955,-0.027858272,-0.053923775,-0.041060038,-0.10091639,0.4781155,0.024100939,-1.808835,-2.9089084,0.4702234,-1.7045972,-0.01587095,-19.126429,13.276899,-1.9399986,0.45,-8.2559,-3.9182224,8.0,8.0,0.0,3.176988124847412,0.5122573375701904,0.0,1273.381103515625,0.0,0,0,0,0,0,0,nan,nan,nan,nan,nan
484,19.35999956727028,7.5008454,4.886994,0.4000066,0.15466276,-0.17819828,-0.76691216,0.59680015,0.17820989,0.5864482,-9.465716e-05,0.023034547,0.052973602,-0.10393109,-0.61189073,0.021815062,-0.028222889,-0.05437804,-0.039660785,-0.09806263,0.47582078,0.024530442,-1.8130488,-2.9779303,0.4694938,-1.722961,-0.017931078,-17.097893,12.877882,-1.9599986,0.45,-8.311468,-3.426985,8.0,8.0,0.0,3.152770519256592,0.5134360194206238,0.0,1273.3785400390625,0.0,0,0,0,0,0,0,nan,nan,nan,nan,nan
485,19.39999956637621,7.508091,4.91064,0.40000662,0.15377699,-0.17752174,-0.76836485,0.59536046,0.18221651,0.59290403,-9.432761e-05,0.022378013,0.052241065,-0.10130901,-0.619229,0.021480951,-0.02856028,-0.053568687,-0.03886015,-0.095509306,0.47355193,0.024937414,-1.8171537,-3.0476744,0.46870375,-1.741236,-0.019640394,-16.771376,11.698814,-1.9799986,0.45,-8.377019,-2.98821,8.0,8.0,0.0,3.1282777786254883,0.5158892273902893,0.0,1273.372314453125,0.0,0,0,0,0,0,0,nan,nan,nan,nan,nan
486,19.43999956548214,7.5154853,4.93455,0.40000665,0.15290862,-0.17687269,-0.7697773,0.59395105,0.185793,0.59958124,-9.405027e-05,0.021126801,0.050697193,-0.09909883,-0.6267165,0.020772107,-0.028495446,-0.051812463,-0.03858055,-0.09314814,0.47135174,0.025306437,-1.8211653,-3.1181347,0.46785876,-1.7593653,-0.021305569,-18.038816,10.842451,-1.9999986,0.45,-8.448091,-2.5385454,8.0,8.0,0.0,3.1035044193267822,0.5196236968040466,0.0,1273.36279296875,0.0,0,0,0,0,0,0,nan,nan,nan,nan,nan
487,19.47999956458807,7.5230136,4.958733,0.4000066,0.1520644,-0.17627251,-0.7711485,0.59256583,0.18900682,0.60645163,-9.3260904e-05,0.01931928,0.04818705,-0.097158365,-0.63428426,0.019687396,-0.02832003,-0.048993196,-0.038652856,-0.09076721,0.46926332,0.025625143,-1.825095,-3.189315,0.4669787,-1.7777634,-0.022495512,-17.340052,10.367014,-2.0199986,0.45,-8.521072,-2.1471536,8.0,8.0,0.0,3.078444480895996,0.5246390700340271,0.0,1273.3526611328125,0.0,0,0,0,0,0,0,nan,nan,nan,nan,nan
488,19.519999563694,7.530661,4.9831963,0.40000653,0.15124966,-0.17573938,-0.77247673,0.59120125,0.19187863,0.6135094,-9.393309e-05,0.017011657,0.044919126,-0.09536601,-0.641943,0.01826197,-0.027962178,-0.045297567,-0.03904926,-0.088419124,0.4673231,0.0258819,-1.8289489,-3.2612145,0.46607354,-1.7959558,-0.02343347,-18.900965,10.633806,-2.0399985,0.45,-8.592128,-1.7906854,8.0,8.0,0.0,3.0530941486358643,0.5309271216392517,0.0,1273.3409423828125,0.0,0,0,0,0,0,0,nan,nan,nan,nan,nan
489,19.55999956279993,7.5384164,5.007946,0.4000066,0.15047124,-0.17528884,-0.7737589,0.58985543,0.19446097,0.62072027,-9.406426e-05,0.014347595,0.040984288,-0.09358007,-0.6496727,0.016555142,-0.027424641,-0.040845733,-0.039605223,-0.08606694,0.46556494,0.026069717,-1.8327272,-3.3338394,0.46516085,-1.8143946,-0.024066713,-19.596258,10.191326,-2.0599985,0.45,-8.657178,-1.4952574,8.0,8.0,0.0,3.027448892593384,0.5384163856506348,0.0,1273.33056640625,0.0,0,0,0,0,0,0,nan,nan,nan,nan,nan
490,19.59999956190586,7.5462704,5.032988,0.4000065,0.14973433,-0.17493068,-0.77499187,0.58852893,0.19680846,0.62805074,-9.415896e-05,0.011456637,0.036557797,-0.09167533,-0.6574525,0.014626803,-0.026729532,-0.035872158,-0.040156394,-0.08349031,0.46401155,0.026185242,-1.8364254,-3.4071996,0.46425185,-1.8330138,-0.024407158,-20.310505,11.550682,-2.0799985,0.45,-8.7198925,-1.2524779,8.0,8.0,0.0,3.00150465965271,0.5462703704833984,0.0,1273.323486328125,0.0,0,0,0,0,0,0,nan,nan,nan,nan,nan
491,19.63999956101179,7.5542154,5.0583243,0.40000653,0.14904517,-0.17467235,-0.7761714,0.5872247,0.19901027,0.635455,-9.3756265e-05,0.008407696,0.031592708,-0.089529246,-0.6652596,0.012572886,-0.025920838,-0.030324126,-0.040606707,-0.08076207,0.46268335,0.026228365,-1.8400339,-3.4813044,0.46336418,-1.8518711,-0.024140917,-22.094934,10.810741,-2.0999985,0.45,-8.772568,-1.0769761,8.0,8.0,0.0,2.9752612113952637,0.5542154312133789,0.0,1273.322021484375,0.0,0,0,0,0,0,0,nan,nan,nan,nan,nan
492,19.67999956011772,7.5622463,5.0839586,0.40000644,0.14840874,-0.17451634,-0.777294,0.58594614,0.20107876,0.6429059,-9.463334e-05,0.0054053804,0.026528204,-0.08708783,-0.6730894,0.010441033,-0.024907142,-0.024709905,-0.040829048,-0.07773068,0.46159077,0.0262031,-1.8435416,-3.5561647,0.46250746,-1.8709679,-0.023782482,-20.171717,11.6159315,-2.1199985,0.45,-8.811187,-0.9299636,8.0,8.0,0.0,2.948715925216675,0.5622463226318359,0.0,1273.316162109375,0.0,0,0,0,0,0,0,nan,nan,nan,nan,nan
493,19.719999559223652,7.57036,5.1098905,0.40000647,0.14782944,-0.17446119,-0.7783553,0.5846988,0.20309867,0.65035444,-9.469257e-05,0.00254263,0.021384194,-0.08426117,-0.68085104,0.008251216,-0.024077788,-0.019053584,-0.040735662,-0.07447433,0.4607373,0.026116136,-1.8469326,-3.6317973,0.46169826,-1.8903799,-0.023053523,-22.165195,10.973798,-2.1399984,0.45,-8.839826,-0.85723734,8.0,8.0,0.0,2.921869993209839,0.5703601837158203,0.0,1273.3519287109375,0.0,0,0,0,0,0,0,nan,nan,nan,nan,nan
494,19.759999558329582,7.578557,5.136118,0.40000647,0.14731118,-0.17450185,-0.7793512,0.5834896,0.20509824,0.657768,-8.910271e-05,-7.6969794e-05,0.016285429,-0.08099214,-0.6885951,0.0061380565,-0.02306375,-0.013524724,-0.04022225,-0.07087574,0.4601197,0.025977181,-1.8501885,-3.708215,0.46094394,-1.9102659,-0.022225522,-19.91268,10.607343,-2.1599984,0.45,-8.856111,-0.8801005,8.0,8.0,0.0,2.8947253227233887,0.578557014465332,0.0,1273.3948974609375,0.0,0,0,0,0,0,0,nan,nan,nan,nan,nan
495,19.799999557435513,7.586837,5.1626396,0.40000656,0.14685537,-0.17462902,-0.7802792,0.58232516,0.2071523,0.6651087,-9.411892e-05,-0.0023658401,0.01143262,-0.0772776,-0.696263,0.004128808,-0.022154123,-0.008324895,-0.03928505,-0.06703852,0.45972487,0.025797501,-1.8532934,-3.7854323,0.46025124,-1.9304138,-0.021033702,-21.371267,10.582344,-2.1799984,0.45,-8.861994,-0.8950541,8.0,8.0,0.0,2.867284059524536,0.5868368148803711,0.0,1273.37060546875,0.0,0,0,0,0,0,0,nan,nan,nan,nan,nan
496,19.839999556541443,7.5952034,5.189452,0.40000653,0.14646353,-0.17483218,-0.7811354,0.5812139,0.20926835,0.67235756,-9.412158e-05,-0.0042919954,0.006924379,-0.07305117,-0.7038405,0.0022569168,-0.021349356,-0.0035605188,-0.037895452,-0.062907696,0.45953757,0.025588697,-1.8562261,-3.8634615,0.45962745,-1.950845,-0.019818129,-18.458746,9.788957,-2.1999984,0.45,-8.850937,-0.99618244,8.0,8.0,0.0,2.8395490646362305,0.5952033996582031,0.0,1273.3419189453125,0.0,0,0,0,0,0,0,nan,nan,nan,nan,nan
497,19.879999555647373,7.6036615,5.216551,0.40000653,0.1461354,-0.17509846,-0.7819174,0.58016384,0.2115223,0.6794838,-9.405766e-05,-0.0058338507,0.0027775192,-0.06831032,-0.7113492,0.0006405171,-0.020553172,0.00072149653,-0.036012538,-0.058362883,0.45953643,0.025362752,-1.8589684,-3.9423127,0.4590794,-1.9714553,-0.01817691,-20.196554,9.574274,-2.2199984,0.45,-8.835349,-1.0943915,8.0,8.0,0.0,2.8115251064300537,0.6036615371704102,0.0,1273.352294921875,0.0,0,0,0,0,0,0,nan,nan,nan,nan,nan
498,19.919999554753304,7.612213,5.24393,0.4000065,0.14586951,-0.17541282,-0.78262264,0.57918406,0.21385613,0.6864932,-9.4007955e-05,-0.0068852785,-0.0006784599,-0.063076004,-0.7187582,-0.0007826127,-0.019870311,0.004203287,-0.033679165,-0.053586964,0.459695,0.025131576,-1.8614998,-4.0219975,0.45860237,-1.9923313,-0.016894402,-16.685036,8.961176,-2.2399983,0.45,-8.809384,-1.2278016,8.0,8.0,0.0,2.783217668533325,0.612213134765625,0.0,1273.3626708984375,0.0,0,0,0,0,0,0,nan,nan,nan,nan,nan
499,19.959999553859234,7.6208663,5.2715855,0.40000647,0.14566308,-0.17576027,-0.7832487,0.5782837,0.21634954,0.6933654,-9.386678e-05,-0.007543583,-0.0035742205,-0.05724124,-0.7260829,-0.0019109361,-0.019296214,0.0070258835,-0.030889742,-0.048410784,0.45998523,0.024904814,-1.8638009,-4.1025186,0.45820245,-2.013333,-0.015380603,-18.513168,9.010542,-2.2599983,0.45,-8.784038,-1.387252,8.0,8.0,0.0,2.7546303272247314,0.6208662986755371,0.0,1273.3720703125,0.0,0,0,0,0,0,0,nan,nan,nan,nan,nan
500,19.999999552965164,7.6296253,5.2995114,0.40000653,0.14551274,-0.1761255,-0.7837916,0.5774742,0.21897632,0.70011467,-8.8570334e-05,-0.007846121,-0.0058516157,-0.050795063,-0.73331904,-0.002763439,-0.018893242,0.009127464,-0.027669918,-0.042715106,0.46037766,0.024689993,-1.8658463,-4.183881,0.45787364,-2.0343664,-0.014062395,-13.136437,8.594884,-2.2799983,0.45,-8.75403,-1.599779,8.0,8.0,0.0,2.725768804550171,0.6296253204345703,0.0,1273.4150390625,0.0,0,0,0,0,0,0,nan,nan,nan,nan,nan
501,20.039999552071095,7.638496,5.3277035,0.40000656,0.14541288,-0.17649195,-0.7842486,0.5767667,0.22174564,0.7067461,-8.838461e-05,-0.007803414,-0.00732266,-0.043710116,-0.7404665,-0.0033299513,-0.018737525,0.010349685,-0.024092954,-0.036553815,0.46083832,0.024492776,-1.8676137,-4.2660875,0.457607,-2.0553339,-0.012854583,-15.201869,8.289744,-2.2999983,0.45,-8.717865,-1.7601249,8.0,8.0,0.0,2.6966376304626465,0.638495922088623,0.0,1273.42138671875,0.0,0,0,0,0,0,0,nan,nan,nan,nan,nan
502,20.079999551177025,7.6474833,5.3561563,0.40000653,0.14535564,-0.17684214,-0.78461605,0.5761738,0.22465995,0.71326864,-8.7527624e-05,-0.0074468465,-0.007900305,-0.035945967,-0.74758595,-0.0035255589,-0.018566847,0.0106126275,-0.020187663,-0.02984048,0.46132854,0.024315532,-1.8690777,-4.3491335,0.45739543,-2.076385,-0.011748561,-10.709215,10.009571,-2.3199983,0.45,-8.68008,-1.893986,8.0,8.0,0.0,2.6672415733337402,0.6474833488464355,0.0,1273.428955078125,0.0,0,0,0,0,0,0,nan,nan,nan,nan,nan
503,20.119999550282955,7.6565943,5.3848677,0.40000656,0.1453332,-0.17716123,-0.7848894,0.5757088,0.22772636,0.7197009,-8.801714e-05,-0.006886272,-0.0076609002,-0.027433258,-0.7546165,-0.0034240372,-0.018834785,0.010009643,-0.015985139,-0.022417,0.4618144,0.024156773,-1.8702111,-4.43301,0.4572365,-2.096985,-0.010783558,-11.586169,9.366319,-2.3399982,0.45,-8.650899,-2.0602236,8.0,8.0,0.0,2.6375832557678223,0.6565942764282227,0.0,1273.4281005859375,0.0,0,0,0,0,0,0,nan,nan,nan,nan,nan
504,20.159999549388885,7.665833,5.413833,0.40000662,0.14533702,-0.17743117,-0.7850644,0.57538617,0.2309265,0.72604877,-8.779185e-05,-0.0060171844,-0.006517771,-0.01816671,-0.7616528,-0.0029011033,-0.019038692,0.0084416885,-0.011436097,-0.014390915,0.46225572,0.02401726,-1.8709857,-4.5177135,0.45711404,-2.117599,-0.01006528,-7.269103,9.595567,-2.3599982,0.45,-8.636162,-2.1822612,8.0,8.0,0.0,2.6076669692993164,0.6658329963684082,0.0,1273.4263916015625,0.0,0,0,0,0,0,0,nan,nan,nan,nan,nan
505,20.199999548494816,7.675204,5.44305,0.4000066,0.14535767,-0.17763354,-0.7851364,0.5752202,0.23422949,0.7323372,-8.692669e-05,-0.004864708,-0.004315941,-0.00814362,-0.7686274,-0.0020622276,-0.019616008,0.0057549803,-0.006587796,-0.005659105,0.46261066,0.023896659,-1.8713722,-4.6032367,0.45701328,-2.1380312,-0.009792797,-8.902314,9.281551,-2.3799982,0.45,-8.622652,-2.269951,8.0,8.0,0.0,2.57749605178833,0.675203800201416,0.0,1273.4310302734375,0.0,0,0,0,0,0,0,nan,nan,nan,nan,nan
506,20.239999547600746,7.684715,5.472528,0.40000653,0.14530143,-0.17781156,-0.78509605,0.5752345,0.23775226,0.7389738,-8.6251144e-05,-0.009834942,0.0009913956,0.0017958871,-0.7760161,-0.0007797703,-0.020167112,0.0019220579,-0.007846115,0.0059728,0.46283573,0.023586657,-1.8713696,-4.689377,0.45692363,-2.1524858,-0.009796152,-2.372787,10.106068,-2.372787,0.45,-7.7813864,-2.29281,8.0,8.0,0.0,2.547060966491699,0.6847147941589355,0.0,1273.3521728515625,0.0,0,0,0,0,0,0,nan,nan,nan,nan,nan
507,20.279999546706676,7.6943684,5.5022655,0.4000065,0.1451562,-0.17794241,-0.7849404,0.5754429,0.24132635,0.74536663,-8.613112e-05,-0.012365029,0.006879705,0.012605407,-0.7832044,0.0009975992,-0.020681247,-0.0032068305,-0.0067916657,0.01740078,0.46287858,0.023088599,-1.8709519,-4.776114,0.4568266,-2.167735,-0.010106135,-3.2688284,8.287149,-2.392787,0.45,-7.9774275,-2.271397,8.0,8.0,0.0,2.516364097595215,0.6943683624267578,0.0,1273.3848876953125,0.0,0,0,0,0,0,0,nan,nan,nan,nan,nan
508,20.319999545812607,7.70417,5.5322666,0.4000065,0.14482376,-0.17806529,-0.78466296,0.57586694,0.2450729,0.7520428,-8.4857085e-05,-0.021673413,0.016363157,0.022974804,-0.7906777,0.003242489,-0.021297246,-0.009752568,-0.012688756,0.031770602,0.46268323,0.022193689,-1.8701253,-4.8632345,0.45670518,-2.1761777,-0.010835705,0.16021553,11.582435,-2.372787,0.45,-6.886456,-2.171228,8.0,8.0,0.0,2.4854021072387695,0.7041702270507812,0.0,1273.349365234375,0.0,0,0,0,0,0,0,nan,nan,nan,nan,nan
509,20.359999544918537,7.7141232,5.562535,0.40000668,0.14420305,-0.17821729,-0.7842607,0.57652324,0.24890475,0.7586787,-8.38926e-05,-0.034737017,0.028536163,0.03293486,-0.79815966,0.006115515,-0.021537393,-0.017749557,-0.02270168,0.04768405,0.4621861,0.020694228,-1.8689079,-4.950495,0.45654088,-2.179181,-0.011680939,-0.15220293,11.148735,-2.352787,0.45,-6.032423,-1.9541245,8.0,8.0,0.0,2.454172372817993,0.7141232490539551,0.0,1273.347412109375,0.0,0,0,0,0,0,0,nan,nan,nan,nan,nan
510,20.399999544024467,7.724224,5.593057,0.40000665,0.14324462,-0.1783995,-0.7837369,0.57741743,0.2525567,0.76492876,-8.289489e-05,-0.048514966,0.042539705,0.042590223,-0.8052098,0.009482216,-0.021408468,-0.027292673,-0.03393951,0.06388476,0.4613269,0.01851128,-1.8673122,-5.037754,0.45631143,-2.1791937,-0.013336483,0.5073985,10.951283,-2.332787,0.45,-5.3193474,-1.6705259,8.0,8.0,0.0,2.422689914703369,0.7242240905761719,0.0,1273.4052734375,0.0,0,0,0,0,0,0,nan,nan,nan,nan,nan
511,20.439999543130398,7.734461,5.6238084,0.40000665,0.141945,-0.17858379,-0.7831005,0.5785439,0.25587282,0.7704248,-8.09794e-05,-0.060520265,0.057182744,0.051924594,-0.81143034,0.013306174,-0.020856813,-0.037958678,-0.043975644,0.07907722,0.46005288,0.01567793,-1.8653501,-5.124945,0.45600381,-2.1779256,-0.015220552,0.45858136,11.256524,-2.312787,0.45,-4.673488,-1.2901201,8.0,8.0,0.0,2.3909823894500732,0.7344608306884766,0.0,1273.52001953125,0.0,0,0,0,0,0,0,nan,nan,nan,nan,nan
512,20.479999542236328,7.744812,5.6547503,0.40000695,0.14034328,-0.17872322,-0.78236496,0.57988507,0.2586142,0.7748742,-7.855833e-05,-0.06882921,0.07129044,0.060841925,-0.8164622,0.017403878,-0.019900754,-0.049185388,-0.05087228,0.09227852,0.45833227,0.012321784,-1.8630341,-5.212069,0.4556057,-2.1770542,-0.017425034,1.2527429,10.767727,-2.292787,0.45,-4.047723,-0.8561757,8.0,8.0,0.0,2.3590922355651855,0.74481201171875,0.0,1273.6431884765625,0.0,0,0,0,0,0,0,nan,nan,nan,nan,nan
513,20.51999954134226,7.75525,5.685835,0.4000069,0.13850766,-0.17876239,-0.78154624,0.5814163,0.26055777,0.77809346,-7.622828e-05,-0.07236076,0.08402686,0.0692603,-0.82006705,0.02155679,-0.018549219,-0.060469378,-0.05350662,0.10287724,0.4561553,0.008629653,-1.8603785,-5.299163,0.45510483,-2.177328,-0.01999255,1.6876177,10.530392,-2.272787,0.45,-3.3894134,-0.31797898,8.0,8.0,0.0,2.3270716667175293,0.7552499771118164,0.0,1273.7430419921875,0.0,0,0,0,0,0,0,nan,nan,nan,nan,nan
514,20.55999954044819,7.7657366,5.7170105,0.40000704,0.13652632,-0.17864773,-0.7806623,0.58310527,0.26153588,0.7799928,-7.22341e-05,-0.07079692,0.09447917,0.07701313,-0.8220852,0.025502915,-0.017026559,-0.07098398,-0.05145523,0.110392876,0.45354027,0.004821066,-1.8574048,-5.3862824,0.4544917,-2.178992,-0.022837175,1.4521211,10.825122,-2.252787,0.45,-2.6830637,0.23065126,8.0,8.0,0.0,2.2949771881103516,0.7657365798950195,0.0,1273.807373046875,0.0,0,0,0,0,0,0,nan,nan,nan,nan,nan
515,20.59999953955412,7.77623,5.748225,0.400007,0.13449274,-0.17833437,-0.77973044,0.58491796,0.2613844,0.78060955,-6.48443e-05,-0.064394996,0.102433704,0.084021166,-0.8225617,0.029042892,-0.015111357,-0.08044647,-0.044882137,0.11498442,0.45052716,0.0011142197,-1.8541379,-5.4734826,0.4537552,-2.1821573,-0.026135845,2.205379,8.080216,-2.2327871,0.45,-1.9268048,0.90055335,8.0,8.0,0.0,2.2628660202026367,0.7762298583984375,0.0,1273.8359375,0.0,0,0,0,0,0,0,nan,nan,nan,nan,nan
516,20.63999953866005,7.786684,5.7794313,0.4000071,0.13249776,-0.17779362,-0.7787661,0.58681935,0.26010573,0.7800378,-6.860696e-05,-0.05410654,0.10735957,0.090126835,-0.8215385,0.031957325,-0.013272822,-0.08803723,-0.034558434,0.11677465,0.44718042,-0.002295958,-1.8506086,-5.5608015,0.45290044,-2.1862369,-0.029130757,1.2214452,9.857408,-2.2127872,0.45,-1.1292815,1.6121018,8.0,8.0,0.0,2.2307910919189453,0.7866840362548828,0.0,1273.750732421875,0.0,0,0,0,0,0,0,nan,nan,nan,nan,nan
517,20.67999953776598,7.7970514,5.810588,0.40000707,0.13061927,-0.17701578,-0.77778244,0.58877707,0.25757906,0.77850527,-6.887236e-05,-0.041106455,0.10950525,0.095292956,-0.81921434,0.033990204,-0.01152797,-0.09364949,-0.021575678,0.11628225,0.4435811,-0.005258942,-1.8468533,-5.648253,0.45191884,-2.190326,-0.032704342,2.4409258,4.5931635,-2.1927872,0.45,-0.3155613,2.3281593,8.0,8.0,0.0,2.198798179626465,0.7970514297485352,0.0,1273.660888671875,0.0,0,0,0,0,0,0,nan,nan,nan,nan,nan
518,20.71999953687191,7.8072863,5.8416595,0.4000069,0.12892044,-0.1760131,-0.7767886,0.5907608,0.2539329,0.77621365,-7.043784e-05,-0.026829332,0.108655915,0.09943271,-0.81588966,0.035194837,-0.009643465,-0.09668078,-0.007152565,0.114080355,0.43982905,-0.0076755146,-1.8429123,-5.735819,0.45082572,-2.1938617,-0.035780042,1.4438037,5.798947,-2.1727872,0.45,0.48429847,3.045663,8.0,8.0,0.0,2.166926860809326,0.807286262512207,0.0,1273.5462646484375,0.0,0,0,0,0,0,0,nan,nan,nan,nan,nan
519,20.75999953597784,7.817343,5.872626,0.4000069,0.12744215,-0.17481574,-0.7757903,0.5927456,0.24919613,0.77344936,-7.373759e-05,-0.012712432,0.10533273,0.10254739,-0.8117911,0.03537109,-0.00805527,-0.097226724,0.0073063,0.11075916,0.4360268,-0.009505907,-1.8388283,-5.823456,0.44962552,-2.1957102,-0.038678557,3.2884798,6.2977595,-2.1527872,0.45,1.2567544,3.807428,8.0,8.0,0.0,2.1352012157440186,0.8173432350158691,0.0,1273.4356689453125,0.0,0,0,0,0,0,0,nan,nan,nan,nan,nan
520,20.79999953508377,7.8271823,5.903476,0.4000067,0.12620537,-0.17347106,-0.7747884,0.59471244,0.2435208,0.77044916,-7.779214e-05,-7.709919e-05,0.09965002,0.104725994,-0.8072496,0.034630436,-0.006494999,-0.09505412,0.020648187,0.106980905,0.43228072,-0.010766088,-1.8346405,-5.9110923,0.44833714,-2.1954486,-0.040829107,1.2752231,5.2950783,-2.1327872,0.45,1.9693959,4.5381317,8.0,8.0,0.0,2.1036343574523926,0.8271822929382324,0.0,1273.3345947265625,0.0,0,0,0,0,0,0,nan,nan,nan,nan,nan
521,20.8399995341897,7.8367677,5.9342065,0.40000665,0.1252121,-0.17203937,-0.77377975,0.5966482,0.23700592,0.76745266,-8.732264e-05,0.00998958,0.09207808,0.106118195,-0.80251634,0.03296957,-0.005041465,-0.09033676,0.031843524,0.10333027,0.42869467,-0.011521043,-1.8303843,-5.9986396,0.4469752,-2.192698,-0.042446006,2.8535295,6.865915,-2.1127872,0.45,2.6166153,5.227648,8.0,8.0,0.0,2.072232484817505,0.8367676734924316,0.0,1273.22119140625,0.0,0,0,0,0,0,0,nan,nan,nan,nan,nan
522,20.87999953329563,7.8460693,5.964823,0.40000653,0.12444712,-0.17058711,-0.77275807,0.5985465,0.22979125,0.76464903,-9.169722e-05,0.016780794,0.08317994,0.10695296,-0.797831,0.030501435,-0.003578931,-0.08344633,0.040203366,0.10030294,0.42536026,-0.011873867,-1.8260882,-6.0859914,0.44555545,-2.1868343,-0.04351103,2.9591885,8.343135,-2.0927873,0.45,3.16692,5.882453,8.0,8.0,0.0,2.040990114212036,0.8460693359375,0.0,1273.1619873046875,0.0,0,0,0,0,0,0,nan,nan,nan,nan,nan
523,20.91999953240156,7.8550634,5.995334,0.4000065,0.12388428,-0.16918126,-0.77171296,0.6004078,0.22202525,0.7621545,-9.548511e-05,0.019978484,0.073426604,0.10753873,-0.793363,0.02737663,-0.0019986928,-0.074792445,0.045463346,0.098422304,0.4223556,-0.011949555,-1.8217667,-6.1730437,0.4441026,-2.1781335,-0.043980815,2.7909613,6.203477,-2.0727873,0.45,3.628379,6.4601073,8.0,8.0,0.0,2.0098984241485596,0.8550634384155273,0.0,1273.119873046875,0.0,0,0,0,0,0,0,nan,nan,nan,nan,nan
524,20.959999531507492,7.8637314,6.0257564,0.40000644,0.12349025,-0.16788451,-0.77063155,0.60223913,0.21390185,0.76001287,-9.8280994e-05,0.01951065,0.06297315,0.108170345,-0.789187,0.02377327,-0.0004145205,-0.06453453,0.047627572,0.09800266,0.41974133,-0.011882555,-1.8174225,-6.2596946,0.44264668,-2.1669238,-0.0433423,3.360562,5.8703084,-2.0527873,0.45,4.0054903,6.955279,8.0,8.0,0.0,1.9789408445358276,0.8637313842773438,0.0,1273.1004638671875,0.0,0,0,0,0,0,0,nan,nan,nan,nan,nan
525,20.999999530613422,7.8720636,6.056102,0.4000066,0.123227924,-0.16674924,-0.7694997,0.60405266,0.20551246,0.7582312,-9.528169e-05,0.015772648,0.052510865,0.1091742,-0.7853385,0.019829392,0.0012458116,-0.053473283,0.047020286,0.099304624,0.4175559,-0.011803215,-1.8130459,6.220514,0.44120657,-2.1533575,-0.0421357,3.8718145,7.3124895,-2.0327873,0.45,4.3043375,7.414402,8.0,8.0,0.0,1.948103666305542,0.8720636367797852,0.0,1273.1396484375,0.0,0,0,0,0,0,0,nan,nan,nan,nan,nan
526,21.039999529719353,7.879857,6.086432,0.4000065,0.12321534,-0.16601114,-0.76824635,0.6058513,0.19131854,0.75822425,-9.791984e-05,0.0050676344,0.028355459,0.11248437,-0.78190523,0.01042491,0.005433038,-0.027413376,0.0440135,0.10386147,0.4163266,-0.011836925,-1.8085713,6.1350327,0.4377445,-2.1393294,-0.10133943,9.277039,-3.4076884,-2.0127873,0.41,4.3905296,2.3591928,8.0,8.0,0.0,1.917335867881775,0.879857063293457,0.0,1272.7421875,0.0,0,0,0,0,0,0,nan,nan,nan,nan,nan
527,21.079999528825283,7.8870883,6.1167617,0.40000692,0.12343008,-0.16572115,-0.7668367,0.60767007,0.17760338,0.7582655,-0.000110050714,-0.008199326,0.005534978,0.11771168,-0.77873915,0.0016079657,0.009553939,-0.0020637773,0.039123777,0.11142725,0.4161054,-0.012106432,-1.8039232,6.0501637,0.43170625,-2.1235135,-0.16453867,9.976204,-2.8308167,-1.9927874,0.37,4.5713415,1.5593281,8.0,8.0,0.0,1.8866201639175415,0.8870882987976074,0.0,1273.5872802734375,0.0,0,0,0,0,0,0,nan,nan,nan,nan,nan
528,21.119999527931213,7.8942356,6.146971,0.4000071,0.123472825,-0.16541055,-0.7653963,0.6095592,0.17784859,0.75473803,-5.866579e-05,-0.011836183,0.019989297,0.119259655,-0.77534914,0.0060966816,0.0079930425,-0.015288468,0.033557307,0.11581834,0.41563338,-0.012644077,-1.7991788,5.965713,0.4274473,-2.1011095,-0.100464046,2.6085577,3.5652857,-1.9727874,0.41,5.016787,11.557444,8.0,8.0,0.0,1.8560446500778198,0.8942356109619141,0.0,1273.8719482421875,0.0,0,0,0,0,0,0,nan,nan,nan,nan,nan
529,21.159999527037144,7.9014893,6.177007,0.40000656,0.12321314,-0.16486828,-0.76398224,0.6115292,0.18077168,0.7501472,-8.776734e-05,-0.01100957,0.040218912,0.12014219,-0.77149093,0.0132299755,0.005373478,-0.035167437,0.030580722,0.11833399,0.41440544,-0.013378617,-1.7943751,5.8819013,0.42652434,-2.0854232,-0.015456994,2.6683502,3.7317543,-1.9527874,0.45,5.1447687,12.095313,8.0,8.0,0.0,1.8256524801254272,0.9014892578125,0.0,1273.68017578125,0.0,0,0,0,0,0,0,nan,nan,nan,nan,nan
530,21.199999526143074,7.9084496,6.2069597,0.4000066,0.12297917,-0.1644724,-0.76245487,0.61358565,0.17146236,0.7484393,-8.43173e-05,-0.01830159,0.030053252,0.12746742,-0.7677282,0.009061862,0.007885411,-0.023547277,0.029028023,0.12685865,0.41344145,-0.014304157,-1.7893311,5.7989993,0.42470288,-2.0744996,-0.058386426,7.0905967,-6.179099,-1.9327874,0.41,4.9448895,0.7657881,8.0,8.0,0.0,1.795375943183899,0.908449649810791,0.0,1273.2269287109375,0.0,0,0,0,0,0,0,nan,nan,nan,nan,nan
531,21.239999525249004,7.914978,6.2368493,0.40000683,0.12287709,-0.16434202,-0.76075286,0.6157499,0.16058521,0.74688834,-0.000101716854,-0.02718618,0.01619352,0.13711628,-0.76386607,0.0037382673,0.0111171305,-0.00795312,0.027614621,0.13771267,0.41306478,-0.015429572,-1.783938,5.716783,0.42037264,-2.05837,-0.123361625,8.054229,-6.1487427,-1.9127874,0.37,5.0451508,-1.2962933,8.0,8.0,0.0,1.7651994228363037,0.91497802734375,0.0,1273.521240234375,0.0,0,0,0,0,0,0,nan,nan,nan,nan,nan
532,21.279999524354935,7.92149,6.2665544,0.4000069,0.12259855,-0.1640222,-0.7590219,0.6180227,0.16234039,0.7416441,-7.076462e-05,-0.024462823,0.034692045,0.14093654,-0.75908434,0.010565355,0.009138092,-0.026561748,0.02816223,0.14202693,0.41215596,-0.016629688,-1.7783468,5.6349325,0.41760978,-2.040753,-0.06415753,4.6707673,1.3590422,-1.8927875,0.41,5.491022,8.925699,8.0,8.0,0.0,1.735222578048706,0.9214901924133301,0.0,1273.5040283203125,0.0,0,0,0,0,0,0,nan,nan,nan,nan,nan
533,21.319999523460865,7.927774,6.2961097,0.40000677,0.1223359,-0.16369918,-0.7571678,0.62042993,0.15514132,0.7380896,-8.6413864e-05,-0.025896728,0.031634513,0.15108585,-0.7540951,0.00922196,0.010639444,-0.023117352,0.031527422,0.15164387,0.4112561,-0.01787108,-1.7723922,5.5539026,0.4138011,-2.0289173,-0.10732856,4.8405924,-1.7970072,-1.8727875,0.37,5.394658,-0.6736574,8.0,8.0,0.0,1.7054204940795898,0.9277739524841309,0.0,1273.557861328125,0.0,0,0,0,0,0,0,nan,nan,nan,nan,nan
534,21.359999522566795,7.933751,6.3255115,0.40000716,0.122163214,-0.16341512,-0.75515425,0.6229876,0.1474975,0.7341177,-9.4707706e-05,-0.026656572,0.02753862,0.16271472,-0.7486475,0.0077835135,0.012095183,-0.018742468,0.03623138,0.1621811,0.41052687,-0.019108221,-1.765994,5.4735065,0.4076994,-2.0139747,-0.16692741,7.2549567,-7.151126,-1.8527875,0.33,5.537301,-2.8755474,8.0,8.0,0.0,1.6757985353469849,0.933751106262207,0.0,1274.0172119140625,0.0,0,0,0,0,0,0,nan,nan,nan,nan,nan
535,21.399999521672726,7.939482,6.3547206,0.40000784,0.12204901,-0.16307113,-0.7529955,0.62570727,0.14184184,0.7289857,-8.752448e-05,-0.02405685,0.029049667,0.17432898,-0.74250317,0.0085760895,0.012604564,-0.020489607,0.042962547,0.17186385,0.40977105,-0.020266267,-1.7591351,5.3936944,0.39929444,-1.9997561,-0.22337015,6.1312547,-3.8101022,-1.8327875,0.29000002,5.728957,-3.8303757,8.0,8.0,0.0,1.6463919878005981,0.9394822120666504,0.0,1274.6126708984375,0.0,0,0,0,0,0,0,nan,nan,nan,nan,nan
536,21.439999520778656,7.9450765,6.3836875,0.4000088,0.1219263,-0.16252482,-0.75072527,0.62859464,0.13900135,0.72254556,-6.6297056e-05,-0.017617187,0.038595557,0.18528333,-0.7355935,0.012272757,0.011616394,-0.03083932,0.05162021,0.18027018,0.4086787,-0.021259747,-1.7518299,5.3144727,0.38885158,-1.9861168,-0.27331364,3.5764134,-0.8849389,-1.8127875,0.25000003,5.912243,-5.0961304,8.0,8.0,0.0,1.6172454357147217,0.9450764656066895,0.0,1275.045166015625,0.0,0,0,0,0,0,0,nan,nan,nan,nan,nan
537,21.479999519884586,7.950658,6.4123597,0.40000945,0.121710755,-0.1616226,-0.7483818,0.6316559,0.13932177,0.714872,-3.5957357e-05,-0.0077940575,0.056910202,0.19547512,-0.7280122,0.019152757,0.009157389,-0.05039862,0.061757535,0.18749972,0.40690106,-0.022009287,-1.7440987,5.2358637,0.37665674,-1.97312,-0.31681767,4.8945055,-2.2496605,-1.7927876,0.21000004,6.0873055,-6.8826027,8.0,8.0,0.0,1.5884069204330444,0.950657844543457,0.0,1275.1531982421875,0.0,0,0,0,0,0,0,nan,nan,nan,nan,nan
538,21.519999518990517,7.9563594,6.440697,0.4000099,0.121307164,-0.16022016,-0.74599946,0.6349006,0.14287306,0.70616823,5.9441154e-06,0.004486086,0.08403686,0.20520094,-0.7198749,0.029197128,0.005162418,-0.07900751,0.07277249,0.19408357,0.40409133,-0.022459488,-1.7359592,5.157922,0.36295396,-1.9605405,-0.3551861,6.5095077,-4.546242,-1.7727876,0.17000005,6.22982,-9.127033,8.0,8.0,0.0,1.5599133968353271,0.9563593864440918,0.0,1275.0806884765625,0.0,0,0,0,0,0,0,nan,nan,nan,nan,nan
539,21.559999518096447,7.9623084,6.468665,0.40000984,0.12060995,-0.15818784,-0.74360293,0.638345,0.14967534,0.69670826,3.7255028e-05,0.018002804,0.11944184,0.21486473,-0.71135044,0.04236035,-0.00037911534,-0.11590375,0.08391415,0.2006989,0.39991352,-0.022586925,-1.7274132,5.080723,0.34792164,-1.9464189,-0.38920057,4.826972,-1.2807763,-1.7527876,0.13000005,6.320255,-11.651207,8.0,8.0,0.0,1.5317987203598022,0.962308406829834,0.0,1274.6845703125,0.0,0,0,0,0,0,0,nan,nan,nan,nan,nan
540,21.599999517202377,7.96863,6.496244,0.40000957,0.119510554,-0.15541536,-0.7412043,0.64201194,0.15964805,0.6868326,2.585645e-05,0.031546988,0.1624628,0.22485271,-0.70267206,0.058567334,-0.007259205,-0.1602594,0.09447342,0.20818207,0.39405933,-0.022395426,-1.7184447,5.004361,0.3316834,-1.9250329,-0.41970202,3.6537528,-0.14889096,-1.7327876,0.090000056,6.3527613,-14.220085,8.0,8.0,0.0,1.504083275794983,0.9686298370361328,0.0,1273.897705078125,0.0,0,0,0,0,0,0,nan,nan,nan,nan,nan
541,21.639999516308308,7.9754343,6.5234213,0.40000898,0.11790739,-0.15179826,-0.7388031,0.64592963,0.17255665,0.67688835,-6.938678e-05,0.04468012,0.21235591,0.235541,-0.69404536,0.077629395,-0.015228733,-0.21129298,0.10440022,0.21695185,0.3862399,-0.02188306,-1.7090145,4.9289126,0.31428707,-1.8885992,-0.4482965,6.180567,-3.8358781,-1.7127876,0.050000057,6.2760115,-16.782219,8.0,8.0,0.0,1.476783037185669,0.9754343032836914,0.0,1272.7431640625,0.0,0,0,0,0,0,0,nan,nan,nan,nan,nan
542,21.679999515414238,7.982823,6.550194,0.40000784,0.11572082,-0.14722282,-0.7363859,0.6501306,0.1879859,0.66715246,-0.0002616616,0.05804969,0.26870075,0.24752973,-0.68556494,0.09922409,-0.024037927,-0.2686653,0.114616744,0.22702459,0.3761839,-0.020999307,-1.6990534,4.854408,0.29570204,-1.831239,-0.47766003,6.9846115,-4.305433,-1.6927876,0.0100000575,6.076904,-19.429626,8.0,8.0,0.0,1.4499080181121826,0.9828228950500488,0.0,1271.5130615234375,0.0,0,0,0,0,0,0,nan,nan,nan,nan,nan
543,21.71999951452017,7.9912286,6.5765285,0.40000516,0.11261321,-0.14128034,-0.7339949,0.65468276,0.21161433,0.6566514,-0.00020982903,0.07761683,0.3710578,0.26087117,-0.6768273,0.12901758,-0.03499484,-0.3724099,0.12654018,0.23895729,0.362827,-0.019673826,-1.688508,4.780839,0.2801955,-1.8129767,-0.4086278,3.7304301,0.21439375,-1.6727877,0.050000057,6.8031597,-8.286518,8.0,8.0,0.0,1.423498511314392,0.9912285804748535,0.0,1263.7520751953125,0.0,0,0,0,0,0,0,nan,nan,nan,nan,nan
544,21.7599995136261,8.000436,6.6024985,0.40000492,0.10860856,-0.13410296,-0.7315187,0.6596218,0.23530169,0.6494979,-0.0007566647,0.08231433,0.4222423,0.2754078,-0.67072767,0.15903041,-0.045325138,-0.4235669,0.1309169,0.25371403,0.34642133,-0.018017044,-1.6772208,4.7083497,0.26473886,-1.6236206,-0.3966767,2.7571402,-0.34099078,-1.6527877,0.0100000575,5.6145144,-25.18169,8.0,8.0,0.0,1.3975015878677368,0.9995641708374023,0.0,1270.4071044921875,0.0,0,0,0,0,0,0,nan,nan,nan,nan,nan
545,21.79999951273203,8.01029,6.6281013,0.40000492,0.10418781,-0.12567288,-0.7288783,0.6648966,0.25071496,0.64147,-0.00081254594,0.1074283,0.4829822,0.29687282,-0.6621673,0.18215778,-0.0520268,-0.48638108,0.15616052,0.26843333,0.32761526,-0.015239053,-1.6650614,4.6365113,0.24698892,-1.5411792,-0.4635563,5.0808043,-3.1362476,-1.6327877,-0.029999942,5.6248827,-27.511093,8.0,8.0,0.0,1.3719372749328613,0.9897098541259766,0.0,1273.8221435546875,0.0,0,0,0,0,0,0,nan,nan,nan,nan,nan
546,21.83999951183796,8.020823,6.653372,0.40000495,0.09926299,-0.11593784,-0.7260097,0.6705334,0.2672292,0.6347503,-0.000815401,0.12812813,0.55109656,0.32072333,-0.654295,0.20688903,-0.05846122,-0.556016,0.17779297,0.28696606,0.30624628,-0.011348834,-1.651954,4.565363,0.22714624,-1.4371824,-0.52094716,5.4948993,-2.6461458,-1.6127877,-0.06999994,6.2986465,-26.260818,8.0,8.0,0.0,1.3467891216278076,0.9791774749755859,0.0,1273.9935302734375,0.0,0,0,0,0,0,0,nan,nan,nan,nan,nan
547,21.87999951094389,8.032545,6.6783504,0.40000296,0.09348251,-0.10470433,-0.7228702,0.6765771,0.29465258,0.63003355,-0.0008346526,0.1403087,0.6610377,0.34830862,-0.6483457,0.2427913,-0.06675871,-0.66666067,0.18992172,0.3121523,0.28158382,-0.0065297205,-1.6378567,4.4954243,0.21086474,-1.3092716,-0.4376372,3.5092459,1.5210544,-1.5927877,-0.029999942,8.537787,-6.424576,8.0,8.0,0.0,1.3220502138137817,0.9674549102783203,0.0,1264.38671875,0.0,0,0,0,0,0,0,nan,nan,nan,nan,nan
548,21.91999951004982,8.045371,6.703135,0.40000793,0.08651632,-0.09172342,-0.719413,0.68304217,0.32495874,0.62806123,-0.00065617776,0.14788152,0.7501974,0.37308344,-0.6440922,0.28258848,-0.07313784,-0.7565433,0.19873238,0.33449277,0.2528483,-0.0008199961,-1.6227562,4.425956,0.1983199,-1.1426443,-0.3259231,2.2138934,1.9275455,-1.5727878,0.0100000575,9.150965,-6.933193,8.0,8.0,0.0,1.2976584434509277,0.9546289443969727,0.0,1271.9013671875,0.0,0,0,0,0,0,0,nan,nan,nan,nan,nan
549,21.95999950915575,8.058616,6.7278304,0.4000188,0.07881988,-0.07735677,-0.715527,0.68980026,0.33742064,0.6268977,0.00017204368,0.16326942,0.79023105,0.39815325,-0.63860434,0.3061961,-0.072675034,-0.7979769,0.21778622,0.35402954,0.22124629,0.0060741007,-1.6067306,4.3567767,0.18289103,-1.074119,-0.39398468,5.326779,-2.3144777,-1.5527878,-0.029999942,8.450051,-26.18346,8.0,8.0,0.0,1.2735192775726318,0.9413843154907227,0.0,1285.2728271484375,0.0,0,0,0,0,0,0,nan,nan,nan,nan,nan
550,21.99999950826168,8.072257,6.7525415,0.4000178,0.0707468,-0.062359955,-0.7111275,0.6967092,0.34457606,0.6288875,0.00036333286,0.16135637,0.8321872,0.42501026,-0.6353276,0.32500014,-0.07047108,-0.8408743,0.22022586,0.37885994,0.1884019,0.0137269115,-1.5899817,4.288739,0.16470854,-0.9996089,-0.47620213,7.563368,-4.8151736,-1.5327878,-0.06999994,9.313998,-19.76384,8.0,8.0,0.0,1.249549388885498,0.9277429580688477,0.0,1282.4642333984375,0.0,0,0,0,0,0,0,nan,nan,nan,nan,nan
551,22.03999950736761,8.086682,6.7774067,0.40001404,0.061785486,-0.04677779,-0.70623577,0.7037224,0.36266625,0.63618004,8.368878e-05,0.1335581,0.90743744,0.44827092,-0.63672996,0.35511202,-0.06872015,-0.91707754,0.19587849,0.4033325,0.15367122,0.021434719,-1.5727111,4.221506,0.14971629,-0.85586953,-0.3852097,2.2805042,2.0400813,-1.5127878,-0.029999942,11.571013,9.887619,8.0,8.0,0.0,1.225662350654602,0.9133176803588867,0.0,1279.352783203125,0.0,0,0,0,0,0,0,nan,nan,nan,nan,nan
552,22.07999950647354,8.101548,6.8025703,0.40002078,0.051492203,-0.030442467,-0.7008837,0.71076274,0.37534577,0.6456814,0.00024153758,0.10320056,0.9617644,0.46209702,-0.63945764,0.3807082,-0.06280106,-0.97297937,0.167792,0.41745365,0.11618035,0.028909378,-1.5551186,4.1538954,0.13724566,-0.8075824,-0.29917064,2.4442933,1.8597068,-1.4927878,0.0100000575,12.081427,14.276516,8.0,8.0,0.0,1.2017278671264648,0.8984518051147461,0.0,1285.1304931640625,0.0,0,0,0,0,0,0,nan,nan,nan,nan,nan
553,22.11999950557947,8.116091,6.8281612,0.40002894,0.04019917,-0.0141554,-0.6950651,0.71768236,0.3660243,0.6559774,0.0009419952,0.06571209,0.9633483,0.4710239,-0.64301693,0.38485977,-0.051894467,-0.97674704,0.13134395,0.42744067,0.077504866,0.035571422,-1.5374007,4.0869055,0.121463954,-0.8587296,-0.38761306,7.665966,-3.453981,-1.4727879,-0.029999942,10.993526,0.012310028,8.0,8.0,0.0,1.1775751113891602,0.8839092254638672,0.0,1279.2225341796875,0.0,0,0,0,0,0,0,nan,nan,nan,nan,nan
554,22.159999504685402,8.13017,6.8543057,0.40002412,0.028227443,0.0010122277,-0.68887866,0.7243261,0.3482139,0.670034,0.00090062903,-0.0024227428,0.9614109,0.4777497,-0.650935,0.38058567,-0.040462937,-0.97878826,0.06384788,0.43651238,0.039539643,0.040367898,-1.5198424,4.0215445,0.10299524,-0.8390511,-0.4867562,8.581394,-3.6943254,-1.4527879,-0.06999994,10.896808,9.199295,8.0,8.0,0.0,1.1530652046203613,0.8698301315307617,0.0,1273.5128173828125,0.0,0,0,0,0,0,0,nan,nan,nan,nan,nan
555,22.199999503791332,8.143507,6.881061,0.4000204,0.015405942,0.014833132,-0.68242615,0.73064154,0.32567373,0.68471277,0.0008763964,-0.08063849,0.94866735,0.47746316,-0.66033804,0.37155703,-0.02818438,-0.97148305,-0.0147549175,0.43660688,0.0022694792,0.04271523,-1.5025321,3.9571235,0.08196063,-0.8674836,-0.56683177,6.636585,-2.4911625,-1.4327879,-0.10999994,10.5296135,17.130909,8.0,8.0,0.0,1.1281039714813232,0.8564929962158203,0.0,1271.6424560546875,0.0,0,0,0,0,0,0,nan,nan,nan,nan,nan
556,22.239999502897263,8.156412,6.9085207,0.4000185,0.0015360826,0.02705378,-0.67592025,0.7364764,0.30854002,0.70114183,0.000535693,-0.1749254,0.96380967,0.47017825,-0.67185587,0.3676691,-0.015041287,-0.9940334,-0.10716228,0.42539385,-0.034346767,0.041937776,-1.4858197,3.89401,0.06445625,-0.92391527,-0.50840294,3.4267457,0.21355097,-1.4127879,-0.06999994,11.174154,40.562378,8.0,8.0,0.0,1.102629542350769,0.8435878753662109,0.0,1284.6533203125,0.0,0,0,0,0,0,0,nan,nan,nan,nan,nan
557,22.279999502003193,8.168532,6.936674,0.40002263,-0.013664384,0.03775636,-0.6694621,0.74176025,0.28679717,0.7157496,0.00048739323,-0.26505312,0.94525564,0.44954196,-0.68270504,0.3584187,0.00012654439,-0.9834378,-0.1971864,0.39968842,-0.0709342,0.03772571,-1.4697628,3.8317237,0.05028999,-1.0560555,-0.42968306,4.223472,1.0342396,-1.3927879,-0.029999942,10.092454,41.989254,8.0,8.0,0.0,1.076598882675171,0.8314676284790039,0.0,1287.11083984375,0.0,0,0,0,0,0,0,nan,nan,nan,nan,nan
558,22.319999501109123,8.179108,6.9653883,0.40002397,-0.029515576,0.046292953,-0.6631456,0.7464741,0.24752076,0.7256641,0.0007327096,-0.3427342,0.852922,0.42128462,-0.6916834,0.33046252,0.014949564,-0.8992039,-0.28154787,0.3669055,-0.1057073,0.029971218,-1.454291,3.7711258,0.03410186,-1.1995153,-0.47694674,6.1890283,-6.61918,-1.372788,-0.06999994,7.5815363,28.557293,8.0,8.0,0.0,1.0500004291534424,0.820892333984375,0.0,1268.4222412109375,0.0,0,0,0,0,0,0,nan,nan,nan,nan,nan
559,22.359999500215054,8.18786,6.994484,0.40001893,-0.04516659,0.052097604,-0.65715915,0.7505916,0.19820815,0.72965515,0.00010619106,-0.4090461,0.7564924,0.3918809,-0.69731474,0.29105014,0.026901416,-0.81076133,-0.35500044,0.33140048,-0.13672596,0.018845884,-1.4395412,3.712522,0.015236535,-1.381069,-0.5670757,7.6038227,-6.00463,-1.352788,-0.10999994,6.14392,33.22315,8.0,8.0,0.0,1.0229142904281616,0.8121404647827148,0.0,1260.8675537109375,0.0,0,0,0,0,0,0,nan,nan,nan,nan,nan
560,22.399999499320984,8.194612,7.023736,0.40001518,-0.060429577,0.05530026,-0.6515988,0.7541281,0.14830564,0.72948176,-0.0006480042,-0.4650162,0.6451902,0.35776535,-0.70032793,0.24957174,0.03732698,-0.70737106,-0.41966838,0.28968483,-0.16394565,0.004655296,-1.4255631,3.6556413,-0.006114313,-1.4676366,-0.6227422,5.1463623,-3.1872358,-1.332788,-0.14999995,4.975944,38.125473,8.0,8.0,0.0,0.995472252368927,0.8053884506225586,0.0,1260.71044921875,0.0,0,0,0,0,0,0,nan,nan,nan,nan,nan
561,22.439999498426914,8.199325,7.052852,0.40001324,-0.074732095,0.056232195,-0.6465423,0.7571235,0.09920874,0.7235428,-0.0009849932,-0.489707,0.5165193,0.3212937,-0.698822,0.20703354,0.046310715,-0.58353776,-0.4561155,0.24751532,-0.18697564,-0.011485747,-1.4124836,3.6002173,-0.029489605,-1.4575907,-0.65518075,3.8610275,-1.5305976,-1.312788,-0.18999994,3.7695913,38.31234,8.0,8.0,0.0,0.9678943157196045,0.8006753921508789,0.0,1259.9520263671875,0.0,0,0,0,0,0,0,nan,nan,nan,nan,nan
562,22.479999497532845,8.202391,7.0815406,0.4000116,-0.08763665,0.055846266,-0.6419731,0.75965226,0.062010188,0.71128047,-0.0010705452,-0.46731856,0.41308483,0.28660616,-0.6902317,0.17417072,0.05488394,-0.4782204,-0.44369116,0.21361601,-0.206391,-0.027676785,-1.4004046,3.545452,-0.050693538,-1.4345636,-0.5636204,4.169983,0.27870417,-1.292788,-0.14999995,2.4652977,47.015217,8.0,8.0,0.0,0.9404943585395813,0.7976093292236328,0.0,1263.1588134765625,0.0,0,0,0,0,0,0,nan,nan,nan,nan,nan
563,22.519999496638775,8.204032,7.1094995,0.40000933,-0.09863927,0.05500226,-0.6378357,0.7618469,0.030342607,0.6923944,-0.0008466249,-0.40187755,0.31949213,0.25503284,-0.67499167,0.1448867,0.06102824,-0.37569818,-0.38912407,0.18991426,-0.2224868,-0.042037066,-1.3893623,3.490318,-0.06796618,-1.4158108,-0.42882386,5.049083,0.47383475,-1.272788,-0.10999995,3.2390928,51.456524,8.0,8.0,0.0,0.9135755300521851,0.7959680557250977,0.0,1264.998046875,0.0,0,0,0,0,0,0,nan,nan,nan,nan,nan
564,22.559999495744705,8.203955,7.1364026,0.40000775,-0.10696942,0.053978667,-0.63418996,0.763837,-0.0125442,0.6649592,-0.0006526283,-0.30275977,0.21781427,0.22308978,-0.6543324,0.1029965,0.05975518,-0.25911626,-0.30394238,0.17138508,-0.23434804,-0.05324122,-1.3795853,3.4337626,-0.08532793,-1.4311631,-0.43555003,9.370068,-3.859565,-1.2527881,-0.14999995,5.175081,42.87036,8.0,8.0,0.0,0.8873544931411743,0.7960453033447266,0.0,1260.263916015625,0.0,0,0,0,0,0,0,nan,nan,nan,nan,nan
565,22.599999494850636,8.202148,7.162049,0.40000823,-0.11234587,0.05303973,-0.63104105,0.7657365,-0.055307698,0.6330671,-0.0004690763,-0.18851006,0.12853086,0.19491158,-0.63033396,0.060217496,0.05373979,-0.1512612,-0.20359415,0.16034627,-0.24178351,-0.060597867,-1.3711611,3.3757348,-0.10392905,-1.4456038,-0.46899107,10.375514,-5.4380713,-1.2327881,-0.18999994,7.241375,41.08261,8.0,8.0,0.0,0.8619896769523621,0.7978515625,0.0,1262.0244140625,0.0,0,0,0,0,0,0,nan,nan,nan,nan,nan
566,22.639999493956566,8.198791,7.1863394,0.40001073,-0.11479828,0.052446306,-0.6283187,0.7676499,-0.095151626,0.5988735,-0.00064675725,-0.07119278,0.06364282,0.17214966,-0.60445905,0.019750247,0.044072025,-0.065777116,-0.09779127,0.15768318,-0.24509569,-0.063782245,-1.3639777,3.3160846,-0.1234403,-1.4551785,-0.5122612,4.296542,-3.1079612,-1.2127881,-0.22999993,9.42111,38.657967,8.0,8.0,0.0,0.837592601776123,0.8012094497680664,0.0,1263.53271484375,0.0,0,0,0,0,0,0,nan,nan,nan,nan,nan
567,22.679999493062496,8.194149,7.209272,0.4000123,-0.1145482,0.052358523,-0.6259136,0.7696553,-0.12665477,0.5660453,-0.0010712687,0.04198578,-0.00096721074,0.15573902,-0.5789511,-0.012575812,0.033292092,0.019587683,0.002093549,0.1601271,-0.24478465,-0.06283988,-1.3577906,3.255067,-0.14305691,-1.4056175,-0.51856554,4.9225364,-4.971007,-1.1927881,-0.26999992,11.408214,33.306614,8.0,8.0,0.0,0.8142142295837402,0.8058509826660156,0.0,1265.2327880859375,0.0,0,0,0,0,0,0,nan,nan,nan,nan,nan
568,22.719999492168427,8.189046,7.231021,0.40001917,-0.1120392,0.05314274,-0.6236117,0.77183634,-0.14082186,0.5412196,-0.0012795591,0.12748131,0.02438913,0.15448326,-0.5580206,-0.026900075,0.025272671,0.012759009,0.08904958,0.18063445,-0.24198678,-0.057734977,-1.3521278,3.193031,-0.15651295,-1.0677238,-0.3989988,3.5376058,-0.23377095,-1.1727881,-0.22999993,11.196234,53.568935,8.0,8.0,0.0,0.7918757200241089,0.8109540939331055,0.0,1281.9752197265625,0.0,0,0,0,0,0,0,nan,nan,nan,nan,nan
569,22.759999491274357,8.183105,7.251528,0.40000898,-0.10760343,0.055475377,-0.6213781,0.7741015,-0.15426414,0.5139987,-0.0015217141,0.25513387,-0.080104336,0.14200585,-0.5348779,-0.04102816,0.01481637,0.14135593,0.19255903,0.18605652,-0.23804612,-0.047855962,-1.3470569,3.1302042,-0.17003544,-1.0080101,-0.32473284,2.5755067,-2.2072167,-1.1527882,-0.26999992,16.81649,15.662411,8.0,8.0,0.0,0.7705441117286682,0.81689453125,0.0,1266.1014404296875,0.0,0,0,0,0,0,0,nan,nan,nan,nan,nan
570,22.799999490380287,8.176344,7.270964,0.40002352,-0.10095938,0.05829842,-0.6192381,0.7765003,-0.18919463,0.48105115,-0.0002599546,0.32780585,0.0023901062,0.12648621,-0.51109844,-0.07733781,-0.00033401325,0.076212294,0.28293112,0.19389111,-0.23118131,-0.03450516,-1.3423898,3.0655265,-0.18520601,-1.3614894,-0.54320574,7.5709014,-4.442279,-1.1327882,-0.3099999,18.690231,20.82735,8.0,8.0,0.0,0.7500603199005127,0.8236560821533203,0.0,1282.899658203125,0.0,0,0,0,0,0,0,nan,nan,nan,nan,nan
571,22.839999489486217,8.169269,7.289869,0.40002155,-0.09437314,0.06114922,-0.61696535,0.77891475,-0.18866429,0.47598094,1.8117436e-05,0.31828597,-0.056462437,0.13996752,-0.5065983,-0.07401355,-0.005876988,0.13149402,0.25862092,0.19984923,-0.22439966,-0.02119144,-1.3374022,3.0034692,-0.19863883,-0.94891834,-0.41171584,4.685209,-1.35402,-1.1127882,-0.3499999,17.847443,11.6738205,8.0,8.0,0.0,0.730026125907898,0.8307313919067383,0.0,1281.7056884765625,0.0,0,0,0,0,0,0,nan,nan,nan,nan,nan
572,22.879999488592148,8.161823,7.308308,0.40002185,-0.08730747,0.06399152,-0.6146048,0.7813728,-0.19805993,0.46017647,-4.8272894e-05,0.34013635,-0.060562532,0.1368801,-0.49393448,-0.08250094,-0.014507096,0.14022858,0.2795646,0.2006673,-0.21679841,-0.007316781,-1.3322005,2.9397876,-0.21337922,-1.4140313,-0.47283137,4.958066,-3.9125268,-1.0927882,-0.3899999,19.071974,-1.9650002,8.0,8.0,0.0,0.7103692293167114,0.8381767272949219,0.0,1283.915283203125,0.0,0,0,0,0,0,0,nan,nan,nan,nan,nan
573,22.919999487698078,8.154138,7.326811,0.40002024,-0.08163325,0.06564335,-0.6120892,0.7838199,-0.18817979,0.47354567,0.00014856026,0.2499986,-0.17047614,0.16671076,-0.5050162,-0.06617352,-0.01550141,0.22543791,0.16199914,0.2057187,-0.20986883,0.0029714673,-1.3262908,2.881139,-0.22983903,-0.7956352,-0.3481649,5.2883134,-1.4081267,-1.0727882,-0.4299999,17.061317,-8.707882,8.0,8.0,0.0,0.6906099319458008,0.8458623886108398,0.0,1281.587890625,0.0,0,0,0,0,0,0,nan,nan,nan,nan,nan
574,22.95999948680401,8.1466675,7.345447,0.40002805,-0.0763719,0.06668918,-0.6094358,0.7863255,-0.18782298,0.4786519,0.00065887166,0.18537362,-0.10904825,0.17299846,-0.51027334,-0.060718127,-0.017977517,0.14960757,0.11416914,0.20188034,-0.20279302,0.011791539,-1.3198731,2.8230987,-0.24630672,-0.66413736,-0.4133443,4.175577,-2.4985125,-1.0527883,-0.45,16.27556,3.9574966,8.0,8.0,0.0,0.6707838177680969,0.85333251953125,0.0,1283.7724609375,0.0,0,0,0,0,0,0,nan,nan,nan,nan,nan
575,22.99999948590994,8.139866,7.364486,0.40002206,-0.07286192,0.06792592,-0.60674775,0.7886281,-0.1585426,0.4850426,0.0007967189,0.15561935,-0.09999153,0.17119573,-0.50934875,-0.027548535,-0.014475562,0.1330801,0.08829351,0.19498445,-0.19868901,0.018720074,-1.3134335,2.76547,-0.2605506,-1.2130971,-0.261808,5.6697817,-2.396019,-1.0327883,-0.45,15.913248,-3.5429802,8.0,8.0,0.0,0.650722861289978,0.8601341247558594,0.0,1273.281982421875,0.0,0,0,0,0,0,0,nan,nan,nan,nan,nan
576,23.03999948501587,8.133815,7.384277,0.4000157,-0.0719609,0.06784487,-0.604032,0.7907997,-0.14306067,0.5005832,8.962334e-05,0.010341475,-0.026357818,0.17376207,-0.5204671,-0.0051721637,-0.011763491,0.024592854,-0.031085575,0.17148525,-0.19708835,0.02037143,-1.3065944,2.710915,-0.27316782,-1.3570467,-0.2733161,4.6511326,-2.3784714,-1.0127883,-0.45,13.067606,-3.0238495,8.0,8.0,0.0,0.6300963163375854,0.866185188293457,0.0,1265.373291015625,0.0,0,0,0,0,0,0,nan,nan,nan,nan,nan
577,23.0799994841218,8.128737,7.404968,0.40000933,-0.074185885,0.06645317,-0.6013695,0.79273903,-0.12189999,0.52187836,0.00020908137,-0.15246294,0.036416385,0.17545022,-0.5353938,0.023599645,-0.0038543753,-0.07875012,-0.16884957,0.14369522,-0.1988801,0.016134478,-1.2995709,2.6608229,-0.28306806,-1.2539927,-0.2457679,4.990389,-2.5801198,-0.9927883,-0.45,9.905504,-11.783985,8.0,8.0,0.0,0.608799397945404,0.8712625503540039,0.0,1266.7991943359375,0.0,0,0,0,0,0,0,nan,nan,nan,nan,nan
578,23.11999948322773,8.124687,7.4264536,0.40000725,-0.079086125,0.06422034,-0.59877956,0.794408,-0.095414095,0.5418564,-0.00031878994,-0.27574685,0.07411317,0.17740491,-0.5472057,0.05678888,0.00732553,-0.14830774,-0.27541947,0.12303361,-0.20397794,0.007324061,-1.2925344,2.6141367,-0.2906757,-1.1061001,-0.18234977,4.889597,-2.5730095,-0.97278833,-0.45,7.70119,-18.50039,8.0,8.0,0.0,0.5869432091712952,0.8753128051757812,0.0,1266.374267578125,0.0,0,0,0,0,0,0,nan,nan,nan,nan,nan
579,23.15999948233366,8.121584,7.4484944,0.40000808,-0.08595088,0.06178887,-0.5962405,0.79579633,-0.07074908,0.55520236,-0.00051064044,-0.3497745,0.11806312,0.1747959,-0.552677,0.085967526,0.020332221,-0.2109799,-0.3326264,0.10807625,-0.21206866,-0.0041521015,-1.2855841,2.5694754,-0.29751262,-1.01164,-0.1537772,5.1870747,-3.241679,-0.95278835,-0.45,6.103119,-21.226717,8.0,8.0,0.0,0.5647486448287964,0.8784160614013672,0.0,1269.1033935546875,0.0,0,0,0,0,0,0,nan,nan,nan,nan,nan
580,23.19999948143959,8.119403,7.470833,0.40000927,-0.094122425,0.05978394,-0.59373367,0.79689837,-0.047887657,0.5615664,-0.00055016467,-0.38211763,0.17497425,0.16686398,-0.551516,0.111034356,0.033927564,-0.2747703,-0.3456631,0.09744138,-0.22287409,-0.016484605,-1.2788137,2.5256944,-0.30415738,-0.9584255,-0.14994566,3.6548028,-2.1147952,-0.9327884,-0.45,5.7183466,-21.371851,8.0,8.0,0.0,0.542471170425415,0.8805971145629883,0.0,1270.791015625,0.0,0,0,0,0,0,0,nan,nan,nan,nan,nan
581,23.23999948054552,8.118128,7.4932203,0.40000975,-0.10306296,0.058746945,-0.5912417,0.7977218,-0.026257496,0.56195647,-0.0006060429,-0.38105324,0.23928796,0.15564992,-0.544631,0.13282733,0.047110874,-0.3362535,-0.3243255,0.09182826,-0.23618074,-0.028146518,-1.272303,2.4819288,-0.3107346,-0.90035385,-0.154594,3.510199,-3.939406,-0.9127884,-0.45,6.379531,-20.620747,8.0,8.0,0.0,0.5203650593757629,0.8818721771240234,0.0,1271.3599853515625,0.0,0,0,0,0,0,0,nan,nan,nan,nan,nan
582,23.27999947965145,8.117719,7.515421,0.40000957,-0.11227885,0.05912624,-0.58874094,0.79829925,-0.006336196,0.55730784,-0.00070388644,-0.3521031,0.30582055,0.14342593,-0.5331814,0.15121415,0.0590097,-0.39165246,-0.2758892,0.09257025,-0.25171202,-0.03781445,-1.2661133,2.437595,-0.31732404,-0.79961044,-0.16355355,4.3509693,-3.146303,-0.8927884,-0.45,7.906694,-19.541119,8.0,8.0,0.0,0.49867281317710876,0.8822813034057617,0.0,1271.453369140625,0.0,0,0,0,0,0,0,nan,nan,nan,nan,nan
583,23.31999947875738,8.118108,7.537225,0.40000919,-0.12130083,0.06130031,-0.58619875,0.7986861,0.012166288,0.5489273,-0.00076637743,-0.29765517,0.3669449,0.13316303,-0.5184869,0.16693377,0.06909543,-0.4339982,-0.20570847,0.10155285,-0.26912898,-0.044307876,-1.260305,2.392305,-0.3240357,-0.6293943,-0.16689037,3.6730523,-4.225358,-0.8727884,-0.45,10.251299,-17.937233,8.0,8.0,0.0,0.4776090085506439,0.881892204284668,0.0,1271.7989501953125,0.0,0,0,0,0,0,0,nan,nan,nan,nan,nan
584,23.35999947786331,8.119185,7.5584507,0.4000097,-0.12966192,0.06558068,-0.58357376,0.79895467,0.031872626,0.53750765,-0.00056464307,-0.2114758,0.40801257,0.12796886,-0.50050086,0.18266712,0.07785431,-0.44707242,-0.11352297,0.12169862,-0.2880031,-0.04655942,-1.2549529,2.3455122,-0.33108974,-0.47650683,-0.1403366,3.5350778,-3.956214,-0.85278845,-0.45,13.357619,-15.364956,8.0,8.0,0.0,0.4573521018028259,0.8808145523071289,0.0,1273.425048828125,0.0,0,0,0,0,0,0,nan,nan,nan,nan,nan
585,23.399999476969242,8.120828,7.578978,0.40001112,-0.13696323,0.07198091,-0.58081955,0.79919237,0.05402829,0.5174472,-8.4007595e-05,-0.08557545,0.43350753,0.11762748,-0.47357523,0.19802926,0.08474425,-0.43276733,0.011406038,0.14721718,-0.30766037,-0.044062916,-1.2500861,2.295342,-0.33881986,-0.94184285,-0.09328456,2.6896362,-4.9777527,-0.83278847,-0.45,16.84139,-9.724936,8.0,8.0,0.0,0.4380168914794922,0.8791723251342773,0.0,1275.274658203125,0.0,0,0,0,0,0,0,nan,nan,nan,nan,nan
586,23.439999476075172,8.122822,7.598957,0.40000927,-0.14394446,0.07913021,-0.5779274,0.7993862,0.05839972,0.4983753,-0.0002105289,-0.054431293,0.4873546,0.10266416,-0.45318434,0.19750164,0.08604032,-0.47469163,0.05953028,0.14880541,-0.32768634,-0.039878268,-1.245351,2.243453,-0.34766895,-1.3422331,-0.16362911,2.8522282,-4.8613753,-0.8127885,-0.45,18.498835,-0.009454727,8.0,8.0,0.0,0.4194289445877075,0.8771781921386719,0.0,1273.449462890625,0.0,0,0,0,0,0,0,nan,nan,nan,nan,nan
587,23.479999475181103,8.125107,7.618611,0.4000092,-0.15154122,0.08604844,-0.57491153,0.79944205,0.066366166,0.49303618,-0.00018736409,-0.08778509,0.4855721,0.113432646,-0.4445607,0.20380974,0.09119626,-0.48331812,0.025179584,0.14873256,-0.34847715,-0.03667233,-1.2404583,2.1932366,-0.3561065,-1.1259466,-0.1350624,2.5950668,-4.355185,-0.7927885,-0.45,16.91923,3.6728764,8.0,8.0,0.0,0.4013843536376953,0.8748931884765625,0.0,1274.848876953125,0.0,0,0,0,0,0,0,nan,nan,nan,nan,nan
588,23.519999474287033,8.127498,7.637858,0.40000987,-0.15929972,0.092885576,-0.5717511,0.79943514,0.06700915,0.48122978,-0.00012064865,-0.09613461,0.49174696,0.116151124,-0.4321221,0.20149614,0.09349994,-0.4917999,0.0183278,0.14948253,-0.36946753,-0.03365395,-1.235412,2.1439674,-0.3649512,-1.2039843,-0.16094375,2.931004,-4.791086,-0.7727885,-0.45,17.175922,4.1483574,8.0,8.0,0.0,0.38393041491508484,0.872502326965332,0.0,1275.5220947265625,0.0,0,0,0,0,0,0,nan,nan,nan,nan,nan
589,23.559999473392963,8.129886,7.6567445,0.40000927,-0.16732398,0.09923079,-0.56844413,0.79939175,0.06580264,0.47345665,-0.00022401405,-0.12369082,0.47870514,0.12917265,-0.4240338,0.19867305,0.09599629,-0.48820707,-0.014891127,0.15024902,-0.39035738,-0.031585373,-1.2300234,2.0964537,-0.3738296,-1.055216,-0.16159625,3.1030178,-4.745357,-0.75278854,-0.45,16.459856,7.6834526,8.0,8.0,0.0,0.36700767278671265,0.8701143264770508,0.0,1275.19580078125,0.0,0,0,0,0,0,0,nan,nan,nan,nan,nan
590,23.599999472498894,8.132169,7.675217,0.40000802,-0.17535299,0.10523483,-0.5649668,0.79936814,0.061868757,0.46381342,-0.00040230487,-0.13600005,0.46880123,0.14114648,-0.4150605,0.19296363,0.09716739,-0.48268837,-0.033472903,0.15519147,-0.41089508,-0.029898956,-1.2242749,2.0501745,-0.38260123,-0.95526505,-0.15982419,2.9348404,-5.2161627,-0.73278856,-0.45,15.822558,14.110279,8.0,8.0,0.0,0.3506458103656769,0.8678312301635742,0.0,1274.9281005859375,0.0,0,0,0,0,0,0,nan,nan,nan,nan,nan
591,23.639999471604824,8.134253,7.693233,0.40000775,-0.18320368,0.110946015,-0.56131136,0.79941034,0.055795312,0.4509397,-0.00036006415,-0.13481739,0.4567851,0.14869393,-0.4037706,0.18447004,0.09695834,-0.47083443,-0.03930515,0.16034028,-0.4308326,-0.028289605,-1.2181535,2.0044558,-0.3911283,-1.0387719,-0.16032672,3.0003417,-5.474115,-0.7127886,-0.45,16.022413,17.87816,8.0,8.0,0.0,0.3348577618598938,0.8657474517822266,0.0,1275.8468017578125,0.0,0,0,0,0,0,0,nan,nan,nan,nan,nan
592,23.679999470710754,8.135991,7.710798,0.4000076,-0.19094718,0.11600708,-0.5575107,0.7995394,0.04641339,0.44091138,-0.0005671518,-0.14762312,0.42205733,0.16666739,-0.39631516,0.17424317,0.0955652,-0.4422815,-0.068599015,0.16547972,-0.44987535,-0.02740914,-1.2115376,1.9603447,-0.39972147,-0.8826946,-0.16232383,2.4277976,-6.3386865,-0.6927886,-0.45,15.26282,16.968895,8.0,8.0,0.0,0.31958019733428955,0.864008903503418,0.0,1273.4127197265625,0.0,0,0,0,0,0,0,nan,nan,nan,nan,nan
593,23.719999469816685,8.13734,7.727845,0.40000644,-0.19827335,0.1206062,-0.5535591,0.7998213,0.035135314,0.4264196,-0.0005197175,-0.14383198,0.40238163,0.17467962,-0.38542625,0.16122842,0.09231998,-0.42239,-0.07507839,0.17048451,-0.46771866,-0.026588354,-1.2044791,1.9167193,-0.4080906,-0.9680629,-0.16438119,2.6945827,-7.2044973,-0.6727886,-0.45,15.691205,25.233599,8.0,8.0,0.0,0.3048448860645294,0.8626604080200195,0.0,1276.0103759765625,0.0,0,0,0,0,0,0,nan,nan,nan,nan,nan
594,23.759999468922615,8.1382,7.7443905,0.40000594,-0.20531861,0.12446255,-0.5495009,0.8002513,0.022203833,0.41605952,-0.0009207572,-0.15232234,0.35688567,0.19604944,-0.37909257,0.14854053,0.08844189,-0.38256282,-0.10613669,0.1771434,-0.48426765,-0.026445968,-1.196902,1.8748168,-0.41621226,-0.7298292,-0.15633404,2.6146288,-7.664447,-0.65278864,-0.45,14.710997,23.512257,8.0,8.0,0.0,0.2905777096748352,0.8618001937866211,0.0,1272.291259765625,0.0,0,0,0,0,0,0,nan,nan,nan,nan,nan
595,23.799999468028545,8.138518,7.7603216,0.4000066,-0.21169814,0.12798455,-0.54532623,0.80088896,0.007828689,0.39633802,-2.5613499e-05,-0.13036107,0.33802086,0.19303462,-0.36474508,0.13150445,0.082499,-0.35713518,-0.09252533,0.1800218,-0.4993335,-0.02588916,-1.1889834,1.8326052,-0.4242213,-1.0637398,-0.1653251,2.9702852,-8.187435,-0.63278866,-0.45,16.262297,30.651861,8.0,8.0,0.0,0.27682676911354065,0.8614816665649414,0.0,1280.3026123046875,0.0,0,0,0,0,0,0,nan,nan,nan,nan,nan
596,23.839999467134476,8.13824,7.7757616,0.4000054,-0.21782869,0.13028462,-0.5411661,0.8016955,-0.009626804,0.38998526,-0.0012150977,-0.15873443,0.26646,0.22879402,-0.36420843,0.117335394,0.07590512,-0.3005617,-0.1557915,0.18420993,-0.5126093,-0.026869044,-1.1804945,1.7938851,-0.43181333,-0.432508,-0.15907244,3.4067192,-8.189476,-0.6127887,-0.45,14.170381,22.397635,8.0,8.0,0.0,0.2634257376194,0.861760139465332,0.0,1265.6322021484375,0.0,0,0,0,0,0,0,nan,nan,nan,nan,nan
597,23.879999466240406,8.137268,7.7904034,0.40000582,-0.22287989,0.13281935,-0.53691137,0.8027513,-0.029271087,0.3620709,-0.000677891,-0.105941445,0.272912,0.20710495,-0.34492433,0.094186775,0.06409159,-0.28710508,-0.10026237,0.1900712,-0.5243254,-0.026094642,-1.1720073,1.7525607,-0.44013947,-1.0537338,-0.21037036,2.9459455,-7.378889,-0.5927887,-0.45,16.652046,30.583487,8.0,8.0,0.0,0.2505459487438202,0.86273193359375,0.0,1272.774169921875,0.0,0,0,0,0,0,0,nan,nan,nan,nan,nan
598,23.919999465346336,8.135767,7.80459,0.40000507,-0.22765733,0.13398235,-0.5327486,0.8039898,-0.04265702,0.3590385,-0.0012531688,-0.13401942,0.1845669,0.24810691,-0.346433,0.08472304,0.059527166,-0.21579507,-0.17219326,0.19325769,-0.5340383,-0.027130684,-1.1629847,1.7156945,-0.44655848,-0.2796265,-0.14238894,3.4581606,-7.6043224,-0.5727887,-0.45,13.9519005,23.771746,8.0,8.0,0.0,0.23794464766979218,0.8642330169677734,0.0,1266.6177978515625,0.0,0,0,0,0,0,0,nan,nan,nan,nan,nan
599,23.959999464452267,8.133599,7.817945,0.4000113,-0.23099464,0.13551138,-0.5285373,0.8055597,-0.07502259,0.3257707,0.000120577824,-0.08528713,0.22800283,0.22355291,-0.32813942,0.049740568,0.040001206,-0.23718092,-0.10620398,0.20416653,-0.541682,-0.025856426,-1.1541398,1.676755,-0.45343754,-0.79304415,-0.29181477,3.4373927,-7.2226567,-0.55278873,-0.45,16.018738,27.559315,8.0,8.0,0.0,0.22581583261489868,0.8664007186889648,0.0,1268.75634765625,0.0,0,0,0,0,0,0,nan,nan,nan,nan,nan
600,23.999999463558197,8.130925,7.8308,0.4000098,-0.23413897,0.13624781,-0.52437186,0.8072481,-0.08310549,0.32268625,0.00022972608,-0.10048924,0.15541716,0.25727397,-0.32808882,0.044678923,0.037371792,-0.1763833,-0.15978336,0.20932883,-0.5481112,-0.025582973,-1.1449666,1.6409072,-0.45729235,-0.15617871,-0.15580726,2.7175496,-7.5385017,-0.53278875,-0.45,17.265915,28.601112,8.0,8.0,0.0,0.21393929421901703,0.869074821472168,0.0,1280.973876953125,0.0,0,0,0,0,0,0,nan,nan,nan,nan,nan
601,24.039999462664127,8.127506,7.842807,0.40000296,-0.23595604,0.1373857,-0.52021,0.80921656,-0.08565678,0.30601814,-0.0014081232,0.00082147826,0.073328525,0.2436831,-0.31356215,0.04048004,0.03188721,-0.060531545,-0.101760596,0.22519836,-0.55266637,-0.02314591,-1.1361097,1.6027553,-0.46206412,-0.40437984,-0.069078244,3.4402835,-7.5804605,-0.5127888,-0.45,16.797863,16.394154,8.0,8.0,0.0,0.20240440964698792,0.8724937438964844,0.0,1261.13427734375,0.0,0,0,0,0,0,0,nan,nan,nan,nan,nan
602,24.079999461770058,8.123334,7.8541074,0.4000113,-0.23657893,0.13797455,-0.516242,0.8114725,-0.12551668,0.2724343,-0.00016767503,0.0016099312,0.11400106,0.22098975,-0.29987276,-0.00015564449,0.0068981647,-0.09779377,-0.07459844,0.21607342,-0.55450207,-0.020340266,-1.1274074,1.5647638,-0.46811646,-0.8865817,-0.27673295,3.208496,-8.405539,-0.49278876,-0.45,17.316654,29.98028,8.0,8.0,0.0,0.1910390406847,0.8766660690307617,0.0,1267.9776611328125,0.0,0,0,0,0,0,0,nan,nan,nan,nan,nan
603,24.119999460875988,8.118682,7.8650985,0.40000832,-0.23741491,0.13717204,-0.51250553,0.8137297,-0.1291456,0.27793026,-0.00014805063,-0.03752253,0.011838917,0.25795487,-0.30636388,0.0013666693,0.007926397,-0.02181109,-0.16053298,0.20466873,-0.55517566,-0.020112336,-1.1183888,1.5322278,-0.47030482,-0.045244813,-0.085554466,3.7924724,-7.822894,-0.47278875,-0.45,14.832747,29.021557,8.0,8.0,0.0,0.17967697978019714,0.8813180923461914,0.0,1278.77099609375,0.0,0,0,0,0,0,0,nan,nan,nan,nan,nan
604,24.15999945998192,8.1133585,7.8753443,0.40001073,-0.23690698,0.13666059,-0.5089101,0.81621647,-0.15329947,0.25208205,0.0004630531,0.017174639,0.010502241,0.23361729,-0.293921,-0.024448816,-0.008386262,0.002439648,-0.10579984,0.2092265,-0.553792,-0.018040443,-1.1099111,1.4973775,-0.47327742,-0.37981725,-0.18425503,3.7584097,-8.07635,-0.45278874,-0.45,16.82542,17.680729,8.0,8.0,0.0,0.1684909462928772,0.8866415023803711,0.0,1269.469482421875,0.0,0,0,0,0,0,0,nan,nan,nan,nan,nan
605,24.19999945908785,8.107418,7.885092,0.40000847,-0.23588169,0.1355798,-0.50554943,0.81877816,-0.16315265,0.2465469,-1.5383637e-05,0.027311986,-0.056376982,0.24086253,-0.29364473,-0.03153321,-0.013733424,0.06657052,-0.1264642,0.20368105,-0.5508659,-0.016480895,-1.1016364,1.4654465,-0.47551358,-0.0006748438,-0.1089924,3.7953598,-7.8514934,-0.43278873,-0.45,15.977449,17.32302,8.0,8.0,0.0,0.15729761123657227,0.8925819396972656,0.0,1271.7916259765625,0.0,0,0,0,0,0,0,nan,nan,nan,nan,nan
606,24.23999945819378,8.1009445,7.8942547,0.40001065,-0.23374435,0.134597,-0.5023871,0.82149523,-0.18037279,0.23008777,0.00024024985,0.06341149,-0.06852369,0.22837183,-0.28719348,-0.048850223,-0.024826687,0.09312463,-0.09669241,0.20704095,-0.5460647,-0.01371914,-1.093899,1.4325732,-0.477603,-0.030745745,-0.1374537,2.994666,-8.302016,-0.41278872,-0.45,17.584093,17.754719,8.0,8.0,0.0,0.14619119465351105,0.8990554809570312,0.0,1273.56103515625,0.0,0,0,0,0,0,0,nan,nan,nan,nan,nan
607,24.27999945729971,8.093975,7.9029536,0.40001088,-0.23095845,0.13355365,-0.49941352,0.82426184,-0.19211423,0.2190558,0.00029485222,0.085155115,-0.09130392,0.21835594,-0.28329238,-0.06004861,-0.032192,0.12275465,-0.08343748,0.20311297,-0.5400349,-0.010521382,-1.0865687,1.40044,-0.4789193,-0.009996057,-0.11500268,2.84446,-8.454942,-0.3927887,-0.45,17.917953,16.448421,8.0,8.0,0.0,0.13509000837802887,0.9060249328613281,0.0,1275.3333740234375,0.0,0,0,0,0,0,0,nan,nan,nan,nan,nan
608,24.31999945640564,8.0865555,7.9112725,0.40001088,-0.22766428,0.13230881,-0.49665496,0.8270412,-0.20319755,0.21019462,0.00032339522,0.09644339,-0.11644166,0.20955332,-0.2811836,-0.070137665,-0.03862814,0.14969188,-0.07996242,0.1948711,-0.53287596,-0.0072915754,-1.0796137,1.3688576,-0.47949085,0.018959045,-0.09634969,2.5013802,-8.867063,-0.3727887,-0.45,18.345427,13.946218,8.0,8.0,0.0,0.12395328283309937,0.9134445190429688,0.0,1275.6768798828125,0.0,0,0,0,0,0,0,nan,nan,nan,nan,nan
609,24.35999945551157,8.078718,7.9192953,0.4000105,-0.22400786,0.13074753,-0.49411723,0.82980347,-0.21304269,0.2039001,0.00029344665,0.09934158,-0.14428593,0.2024927,-0.28087083,-0.07850378,-0.043662556,0.17510423,-0.085153714,0.18381616,-0.5247296,-0.004382803,-1.0729766,1.3380413,-0.4794185,0.072448134,-0.07586812,2.606419,-9.344052,-0.3527887,-0.45,18.575459,11.509071,8.0,8.0,0.0,0.1127377524971962,0.9212818145751953,0.0,1275.630615234375,0.0,0,0,0,0,0,0,nan,nan,nan,nan,nan
610,24.3999994546175,8.070507,7.927094,0.4000102,-0.2200828,0.12883456,-0.49179372,0.83252877,-0.22182952,0.19929819,0.00025324363,0.09756352,-0.17051381,0.1959612,-0.28165764,-0.08560919,-0.04759936,0.1967897,-0.09378533,0.17159563,-0.5157317,-0.001953737,-1.0666249,1.307972,-0.4788126,0.1240325,-0.05858177,3.1496453,-9.650854,-0.33278868,-0.45,18.762583,9.109955,8.0,8.0,0.0,0.10142254084348679,0.9294929504394531,0.0,1275.4593505859375,0.0,0,0,0,0,0,0,nan,nan,nan,nan,nan
611,24.43999945372343,8.061972,7.9347324,0.40000975,-0.21598566,0.12656538,-0.48966846,0.83519834,-0.22935693,0.19616242,0.00020327327,0.09184585,-0.19325438,0.18991295,-0.28319356,-0.09136914,-0.050366074,0.21352817,-0.10450989,0.15921476,-0.5060566,-0.00010833144,-1.0605273,1.278651,-0.47773036,0.16919672,-0.043734014,3.1044316,-10.004549,-0.31278867,-0.45,18.906752,6.825314,8.0,8.0,0.0,0.0900019034743309,0.9380283355712891,0.0,1275.222900390625,0.0,0,0,0,0,0,0,nan,nan,nan,nan,nan
612,24.47999945282936,8.053178,7.942274,0.4000093,-0.21181172,0.123956546,-0.4877199,0.8377946,-0.2354167,0.19424914,0.00015221117,0.082958855,-0.21157789,0.1842229,-0.28513077,-0.0956892,-0.05195186,0.22475603,-0.11615434,0.14689127,-0.4958982,0.0010906758,-1.0546544,1.2500329,-0.47619012,0.2012769,-0.031043068,2.9193542,-10.213468,-0.29278865,-0.45,19.026104,4.399854,8.0,8.0,0.0,0.07848670333623886,0.9468221664428711,0.0,1274.9176025390625,0.0,0,0,0,0,0,0,nan,nan,nan,nan,nan
613,24.51999945193529,8.04419,7.94977,0.4000088,-0.20765905,0.121028185,-0.4859236,0.8403024,-0.23990102,0.1933576,9.47138e-05,0.0709911,-0.22524779,0.17900312,-0.28720108,-0.09853235,-0.052380197,0.23035373,-0.12855817,0.13492936,-0.48545894,0.0015876896,-1.0489731,1.2220865,-0.47421297,0.21829295,-0.020645492,2.977461,-10.134637,-0.27278864,-0.45,19.13213,1.8095436,8.0,8.0,0.0,0.0669017806649208,0.9558095932006836,0.0,1274.5699462890625,0.0,0,0,0,0,0,0,nan,nan,nan,nan,nan
614,24.55999945104122,8.035076,7.9572678,0.40000814,-0.20362476,0.117799796,-0.48425335,0.8427091,-0.24270202,0.19331689,9.426007e-06,0.056155812,-0.23448195,0.17443766,-0.2891903,-0.09982808,-0.051749013,0.23066284,-0.1416983,0.123655155,-0.47493786,0.0013299886,-1.0434474,1.1947931,-0.4718251,0.22104108,-0.012389131,2.9690406,-9.794328,-0.25278863,-0.45,19.193363,-0.9588189,8.0,8.0,0.0,0.0552845373749733,0.9649238586425781,0.0,1274.099365234375,0.0,0,0,0,0,0,0,nan,nan,nan,nan,nan
615,24.599999450147152,8.025908,7.964804,0.40000752,-0.19979827,0.114293166,-0.48268184,0.84500647,-0.24367313,0.1938646,-8.755677e-05,0.039085757,-0.23944415,0.17044811,-0.29076353,-0.099551186,-0.0500801,0.22606179,-0.15501513,0.11303752,-0.46452275,0.00027893484,-1.0380388,1.16812,-0.4690574,0.20390332,-0.0058862194,3.3976462,-8.8857565,-0.23278864,-0.45,19.216513,-3.7747288,8.0,8.0,0.0,0.04370348900556564,0.9740915298461914,0.0,1273.7071533203125,0.0,0,0,0,0,0,0,nan,nan,nan,nan,nan
616,24.639999449253082,8.016753,7.9724054,0.40000683,-0.19626708,0.110520765,-0.4811817,0.8471886,-0.2427795,0.19479081,-0.0002117125,0.019919813,-0.24090683,0.1671689,-0.29169473,-0.09772836,-0.047465466,0.21733703,-0.1687826,0.10319473,-0.45438763,-0.0016164042,-1.0327034,1.1420927,-0.4659663,0.16809452,-0.0011653528,3.368334,-8.785822,-0.21278864,-0.45,19.170513,-6.6585884,8.0,8.0,0.0,0.0322820320725441,0.9832468032836914,0.0,1273.3306884765625,0.0,0,0,0,0,0,0,nan,nan,nan,nan,nan
617,24.679999448359013,8.007684,7.98009,0.4000063,-0.19311063,0.10649171,-0.47972545,0.8492534,-0.2398929,0.19588917,-0.00033957732,-0.00074772915,-0.23970537,0.16456921,-0.29170886,-0.0943389,-0.043910764,0.20551327,-0.18286939,0.09415775,-0.44468933,-0.0044032927,-1.0273943,1.1167632,-0.4626234,0.11348426,0.0027261376,3.3118575,-8.881623,-0.19278865,-0.45,19.043255,-9.454964,8.0,8.0,0.0,0.021341100335121155,0.9923162460327148,0.0,1273.1190185546875,0.0,0,0,0,0,0,0,nan,nan,nan,nan,nan
618,24.719999447464943,7.998767,7.987859,0.40000576,-0.19039749,0.102213584,-0.47828582,0.8512014,-0.23499458,0.19686738,-0.00046275643,-0.022324212,-0.23636979,0.16261302,-0.29053846,-0.089472085,-0.03955981,0.1913333,-0.1970037,0.085961185,-0.43556392,-0.008120224,-1.0220627,1.0922184,-0.45912725,0.04066956,0.0057365447,3.2396615,-8.777015,-0.17278865,-0.45,18.82369,-12.082605,8.0,8.0,0.0,0.012203685939311981,0.9987668991088867,0.0,1273.1141357421875,0.0,0,0,0,0,0,0,nan,nan,nan,nan,nan
619,24.759999446570873,7.9900656,7.995703,0.40000534,-0.1881868,0.09769944,-0.47683412,0.8530355,-0.22805774,0.19747683,-0.00054845616,-0.044183925,-0.23116969,0.16139457,-0.28791937,-0.08322364,-0.034449715,0.17537208,-0.21084645,0.07889893,-0.42713702,-0.012785932,-1.0166576,1.0685831,-0.45559514,-0.044317126,0.008263148,3.2254553,-8.787854,-0.15278865,-0.45,18.475443,-14.3910885,8.0,8.0,0.0,0.010823821648955345,0.9900655746459961,0.0,1273.42724609375,0.0,0,0,0,0,0,0,nan,nan,nan,nan,nan
620,24.799999445676804,7.98165,8.003593,0.4000054,-0.18651782,0.09298423,-0.47534004,0.85476124,-0.21896203,0.19736758,-0.00059053954,-0.06478435,-0.2239093,0.16065261,-0.28346744,-0.07564792,-0.028689602,0.15827458,-0.22296824,0.07330159,-0.41952133,-0.018361185,-1.0111328,1.0459613,-0.45214435,-0.14304322,0.010855541,3.1369483,-8.741999,-0.13278866,-0.45,18.002764,-16.356228,8.0,8.0,0.0,0.018698660656809807,0.9816498756408691,0.0,1273.9139404296875,0.0,0,0,0,0,0,0,nan,nan,nan,nan,nan
621,24.839999444782734,7.973589,8.01149,0.4000057,-0.18542719,0.08813171,-0.47376496,0.8563855,-0.20767052,0.19635561,-0.0005542309,-0.083648674,-0.21339399,0.16092658,-0.27698398,-0.066797115,-0.022377884,0.13931915,-0.2326173,0.0700889,-0.41285345,-0.024750883,-1.0054324,1.0244533,-0.44889897,-0.24174947,0.014786214,3.1434658,-8.795771,-0.11278866,-0.45,17.320219,-17.287937,8.0,8.0,0.0,0.02880210056900978,0.9735889434814453,0.0,1274.4305419921875,0.0,0,0,0,0,0,0,nan,nan,nan,nan,nan
622,24.879999443888664,7.9659796,8.019346,0.4000063,-0.18491378,0.08325567,-0.4720608,0.8579241,-0.19364381,0.19429675,-0.00043395968,-0.0992115,-0.19632772,0.16279988,-0.26802897,-0.056299724,-0.015492324,0.11662683,-0.23716319,0.071091264,-0.40725124,-0.031732325,-0.999496,1.0038435,-0.44571474,-0.3433919,0.026258625,3.090552,-8.817511,-0.09278867,-0.45,16.45977,-15.586717,8.0,8.0,0.0,0.039136506617069244,0.9659795761108398,0.0,1274.3524169921875,0.0,0,0,0,0,0,0,nan,nan,nan,nan,nan
623,24.919999442994595,7.958892,8.027093,0.40000725,-0.18488695,0.078420185,-0.47024235,0.859383,-0.17747936,0.19022095,-9.3974784e-05,-0.10481298,-0.18584001,0.15995733,-0.256072,-0.045170564,-0.008459616,0.10466479,-0.23524374,0.06932398,-0.4026198,-0.039107367,-0.9933785,0.9840172,-0.44278568,-0.50008875,0.03168981,3.0446734,-8.742435,-0.07278867,-0.45,16.25581,-19.928728,8.0,8.0,0.0,0.049233175814151764,0.9588918685913086,0.0,1277.7222900390625,0.0,0,0,0,0,0,0,nan,nan,nan,nan,nan
624,24.959999442100525,7.9523916,8.034674,0.40000778,-0.1854473,0.073665045,-0.46824312,0.8607735,-0.16094963,0.18583788,-4.1232634e-05,-0.12465614,-0.15717843,0.16816375,-0.24350312,-0.033765897,-0.0018750951,0.07024777,-0.23981778,0.07801246,-0.39918697,-0.046868168,-0.98693585,0.96549183,-0.44004527,-0.47707254,0.04146067,2.9569492,-8.650158,-0.05278867,-0.45,15.166933,-10.572725,8.0,8.0,0.0,0.058896709233522415,0.9523916244506836,0.0,1273.3546142578125,0.0,0,0,0,0,0,0,nan,nan,nan,nan,nan
625,24.999999441206455,7.9466004,8.041991,0.40000743,-0.18636358,0.06942596,-0.46603814,0.86212355,-0.14008884,0.18081069,-0.00017296057,-0.113370314,-0.13835898,0.16836931,-0.22787015,-0.019167695,0.0051309317,0.060814157,-0.22181001,0.08626283,-0.3969542,-0.05402383,-0.9802808,0.94788474,-0.43725407,-0.44587582,0.067368194,2.8742235,-8.649592,-0.03278867,-0.45,14.306693,-14.812478,8.0,8.0,0.0,0.06793215125799179,0.9466004371643066,0.0,1272.2955322265625,0.0,0,0,0,0,0,0,nan,nan,nan,nan,nan
626,25.039999440312386,7.9415445,8.0489025,0.4000071,-0.18737167,0.06605498,-0.46365264,0.86345506,-0.11993192,0.17088717,-0.00023806884,-0.09081548,-0.097943895,0.1664361,-0.20839192,-0.0075520845,0.010089606,0.039790705,-0.18346748,0.10143614,-0.39576516,-0.059715215,-0.97359765,0.9307823,-0.43521404,-0.4512784,0.0628113,2.762874,-8.6820965,-0.012788672,-0.45,14.402652,-11.8088875,8.0,8.0,0.0,0.07621350139379501,0.9415445327758789,0.0,1270.4453125,0.0,0,0,0,0,0,0,nan,nan,nan,nan,nan
627,25.079999439418316,7.937295,8.055348,0.40000674,-0.18840948,0.0637674,-0.46106958,0.8647834,-0.09791062,0.15970056,-0.00028906087,-0.060528968,-0.052847542,0.16289249,-0.186692,0.0048465077,0.014581172,0.019447796,-0.13610074,0.118698984,-0.39569098,-0.06349243,-0.96691537,0.9139081,-0.43367574,-0.46953192,0.065831125,2.6640167,-8.768399,0.0072113276,-0.45,14.869391,-9.9844265,8.0,8.0,0.0,0.08363831043243408,0.9372949600219727,0.0,1269.225830078125,0.0,0,0,0,0,0,0,nan,nan,nan,nan,nan
628,25.119999438524246,7.9338756,8.061281,0.40000653,-0.18945186,0.06261841,-0.4582922,0.86611503,-0.07618676,0.14726657,-0.00030184851,-0.031057462,-0.0044577443,0.15974994,-0.16400792,0.016275058,0.01811011,-0.0037058443,-0.08778016,0.13707279,-0.39671537,-0.065225355,-0.96025205,0.8972519,-0.43266344,-0.47438473,0.06215114,2.606637,-8.901154,0.027211327,-0.45,15.466083,-8.263207,8.0,8.0,0.0,0.09015446156263351,0.933875560760498,0.0,1268.897216796875,0.0,0,0,0,0,0,0,nan,nan,nan,nan,nan
629,25.159999437630177,7.93129,8.066687,0.40000635,-0.19050218,0.06258857,-0.4553238,0.8674513,-0.05481052,0.13450138,-0.00029976733,-0.003896436,0.043006115,0.15703325,-0.1411297,0.02709542,0.02105115,-0.027065866,-0.041779898,0.15504846,-0.39880502,-0.0649409,-0.9536065,0.88088536,-0.43209165,-0.47108832,0.057655927,2.58089,-9.038208,0.047211327,-0.45,16.026808,-6.956846,8.0,8.0,0.0,0.09575045853853226,0.9312901496887207,0.0,1269.144287109375,0.0,0,0,0,0,0,0,nan,nan,nan,nan,nan
630,25.199999436736107,7.929515,8.071569,0.40000647,-0.19158879,0.06358089,-0.45217377,0.8687866,-0.034497656,0.12186033,-0.00028619016,0.018144479,0.08712393,0.15513623,-0.11884226,0.036930658,0.023509808,-0.05025538,-0.0016503758,0.17163673,-0.40190318,-0.06282773,-0.94696987,0.86496454,-0.43193173,-0.4590117,0.051394727,2.4535737,-9.031915,0.06721133,-0.45,16.463102,-5.6808777,8.0,8.0,0.0,0.10045066475868225,0.9295148849487305,0.0,1269.7786865234375,0.0,0,0,0,0,0,0,nan,nan,nan,nan,nan
631,25.239999435842037,7.9284997,8.075956,0.40000662,-0.19275597,0.06543529,-0.448856,0.8701101,-0.015716305,0.10984514,-0.0002648049,0.03340351,0.12521917,0.15424414,-0.09783673,0.045645967,0.025641128,-0.07216783,0.029901415,0.18573178,-0.40592816,-0.059202112,-0.9403246,0.8497081,-0.4321416,-0.43847728,0.04455538,2.463549,-8.984275,0.087211326,-0.45,16.71874,-4.43306,8.0,8.0,0.0,0.10431519150733948,0.928499698638916,0.0,1270.6981201171875,0.0,0,0,0,0,0,0,nan,nan,nan,nan,nan
632,25.279999434947968,7.9281745,8.079882,0.4,nan,nan,nan,nan,nan,nan,nan,nan,nan,nan,nan,nan,nan,nan,nan,nan,nan,nan,nan,nan,nan,nan,nan,2.4596972,-8.871749,0.0,0.0,16.733759,-3.1666214,8.0,8.0,0.0,0.10742431879043579,0.9281744956970215,nan,nan,nan,1,1,0,0,0,0,7.9281744956970215,8.07988166809082,0.10742431879043579,0.09874214977025986,0.9281744956970215
